-- phpMyAdmin SQL Dump
-- version 4.8.4
-- https://www.phpmyadmin.net/
--
-- Host: 127.0.0.1:3306
-- Generation Time: May 04, 2019 at 02:20 AM
-- Server version: 8.0.13
-- PHP Version: 7.2.14

SET SQL_MODE = "NO_AUTO_VALUE_ON_ZERO";
SET AUTOCOMMIT = 0;
START TRANSACTION;
SET time_zone = "+00:00";


/*!40101 SET @OLD_CHARACTER_SET_CLIENT=@@CHARACTER_SET_CLIENT */;
/*!40101 SET @OLD_CHARACTER_SET_RESULTS=@@CHARACTER_SET_RESULTS */;
/*!40101 SET @OLD_COLLATION_CONNECTION=@@COLLATION_CONNECTION */;
/*!40101 SET NAMES utf8mb4 */;

--
-- Database: `shs_trial`
--

-- --------------------------------------------------------

--
-- Table structure for table `agents`
--

DROP TABLE IF EXISTS `agents`;
CREATE TABLE IF NOT EXISTS `agents` (
  `id` int(10) UNSIGNED NOT NULL AUTO_INCREMENT,
  `company_id` int(10) UNSIGNED NOT NULL,
  `code` varchar(191) COLLATE utf8mb4_unicode_ci NOT NULL,
  `telephone` varchar(191) COLLATE utf8mb4_unicode_ci NOT NULL,
  `fax` varchar(191) COLLATE utf8mb4_unicode_ci DEFAULT NULL,
  `pic` varchar(191) COLLATE utf8mb4_unicode_ci NOT NULL,
  `port_id` int(10) UNSIGNED NOT NULL,
  `deleted_at` timestamp NULL DEFAULT NULL,
  `created_at` timestamp NULL DEFAULT NULL,
  `updated_at` timestamp NULL DEFAULT NULL,
  PRIMARY KEY (`id`),
  KEY `agents_company_id_foreign` (`company_id`),
  KEY `agents_port_id_foreign` (`port_id`)
) ENGINE=InnoDB DEFAULT CHARSET=utf8mb4 COLLATE=utf8mb4_unicode_ci;

-- --------------------------------------------------------

--
-- Table structure for table `bill_cargos`
--

DROP TABLE IF EXISTS `bill_cargos`;
CREATE TABLE IF NOT EXISTS `bill_cargos` (
  `id` int(10) UNSIGNED NOT NULL AUTO_INCREMENT,
  `bl_id` int(11) NOT NULL,
  `bl_no` varchar(191) COLLATE utf8mb4_unicode_ci NOT NULL,
  `cargo_qty` int(11) DEFAULT NULL,
  `cargo_packing` varchar(191) COLLATE utf8mb4_unicode_ci DEFAULT NULL,
  `cargo_name` varchar(191) COLLATE utf8mb4_unicode_ci DEFAULT NULL,
  `markings` longtext COLLATE utf8mb4_unicode_ci,
  `cargo_nature` varchar(191) COLLATE utf8mb4_unicode_ci NOT NULL,
  `uncode` longtext COLLATE utf8mb4_unicode_ci,
  `cargo_desc` longtext COLLATE utf8mb4_unicode_ci NOT NULL,
  `cargo_type` varchar(191) COLLATE utf8mb4_unicode_ci NOT NULL,
  `weight` double NOT NULL,
  `weight_unit` varchar(191) COLLATE utf8mb4_unicode_ci NOT NULL,
  `volume` double NOT NULL,
  `temperature` int(11) DEFAULT NULL,
  `detailed_desc` longtext COLLATE utf8mb4_unicode_ci,
  `remarks` longtext COLLATE utf8mb4_unicode_ci,
  `raw_qty` varchar(191) COLLATE utf8mb4_unicode_ci DEFAULT NULL,
  `created_at` timestamp NULL DEFAULT NULL,
  `updated_at` timestamp NULL DEFAULT NULL,
  PRIMARY KEY (`id`)
) ENGINE=InnoDB AUTO_INCREMENT=218 DEFAULT CHARSET=utf8mb4 COLLATE=utf8mb4_unicode_ci;

--
-- Dumping data for table `bill_cargos`
--

INSERT INTO `bill_cargos` (`id`, `bl_id`, `bl_no`, `cargo_qty`, `cargo_packing`, `cargo_name`, `markings`, `cargo_nature`, `uncode`, `cargo_desc`, `cargo_type`, `weight`, `weight_unit`, `volume`, `temperature`, `detailed_desc`, `remarks`, `raw_qty`, `created_at`, `updated_at`) VALUES
(1, 1, 'PGK100019', 12, 'packages', '12 PACKAGES', '<div>SISB<br></div>KUCHING', 'General', NULL, 'STC. YE (MALAYSIA) DUCTILE IRON PIPE', 'General', 34, 'MT', 61.39, NULL, '<div>TO BS EN 545:2010 SOCKET SPIGOT JOINTS<br></div><br>EXTERNALLY METALLIC ZINC COATED &amp; BITUMINOUS,<br>INTERNALLY CEMENT MORTAR LINING C/W PUSH IN RUBBER RING<br>1. DUCTILE IRON PIPE 150MM X 6M (C40) - 72 LTH<br>2. DCTILE IRON PIPE 200MM X 6M (C40) - 105 LTH<br><br>HS CODE: 730300<br><br>SHIPPER\'S COUNT &amp; DECLARATION<br><br>CMRF @ RM1.00 PER M3/MT TO BE COLLECTED AT DESTINATION', NULL, NULL, '2019-02-02 04:57:05', '2019-04-12 04:58:26'),
(2, 2, 'PGKK100029', 4, 'crates', '4 CRATES', 'BBM\r\nKK1218-00001\r\nKOTA KINABALU\r\n(TN DTA)', 'General', NULL, 'STC. 1600 PCS UCO SUPERFLEX', 'General', 5.8, 'MT', 4.88, NULL, '1220 X 610 X 4.5MM\r\n\r\nHS CODE: 681182\r\n\r\nSHIPPER\'S COUNT & DECLARATION\r\n\r\nSABAH PORT SURCHARGE TO BE COLLECTED AT DESTINATION', NULL, NULL, '2019-02-02 05:08:18', '2019-02-02 05:08:18'),
(3, 3, 'PGKK100039', 1, 'BUNDLE', '1 BUNDLE', 'TOUPOS PALM OIL MILL SDN BHD\r\nKOTA KINABALU PORT, SABAH', 'General', NULL, 'STC. CASTING SPARE PART', 'General', 6.89, 'MT', 1.09, NULL, '5 PCS CS LONG ARM P/H.2\r\n5 PCS CS SHORT ARM P/H.3\r\n2 PCS CS EXPELLER ARM P/H.4\r\n3 PCS CT TOP DOME\r\n3 PCS CT VORTEX/FINDER\r\n\r\nHS CODE: 847990\r\n\r\nSHIPPER\'S COUNT & DECLARATION\r\nSABAH PORT SURCHAGE TO BE COLLECTED AT DESTINATION', NULL, NULL, '2019-02-02 09:23:51', '2019-02-02 09:23:51'),
(4, 4, 'PGKK100049', 2, 'BUNDLES', '2 BUNDLES', 'ASTEEL\r\nK.K\r\n2 GREEN & 2 BLUE\r\nPAINT ON BOTH ENDS', 'General', NULL, 'STC. GALVANIZED PIPES', 'General', 2.5, 'MT', 0, NULL, NULL, NULL, NULL, '2019-02-22 04:01:56', '2019-02-22 07:18:12'),
(5, 5, 'PGKK100059', 14, 'BUNDLES', '14 BUNDLES', 'KOZAI\r\nK.K.\r\n3 GREEN & 1 WHITE\r\nPAINT ON BOTH ENDS', 'General', NULL, 'STC.  GALVANIZED PIPES', 'General', 12.67, 'MT', 0, NULL, NULL, NULL, NULL, '2019-02-22 04:13:50', '2019-02-22 07:15:39'),
(6, 6, 'PGSK100069', 5, 'CRATES', '5 CRATES', 'PANSAR\r\n20366385\r\nSANDAKAN\r\n(IN DIA)', 'General', NULL, 'STC. 320 PCS UCO SUPERFLE 2440 X 1220 X 9.0MM', 'General', 15.945, 'MT', 15.1, NULL, NULL, NULL, NULL, '2019-02-22 04:24:55', '2019-02-23 02:34:13'),
(7, 8, 'PGK100089', 86, 'BUNDLES', '86 BUNDLES', 'COLOUR CODE:\r\nGREEN\r\nYELLOW', 'General', NULL, 'STC. PLAIN CUT HIGH TENSILE DEFORMED BARS', 'General', 85.65, 'MT', 0, NULL, 'MS 146:2014 GRADE 500\r\n33 B\'DLES STC 32.800MT OF T16 - 4.25M X 148 LENGTHS/BUNDLE (GREEN)\r\n53 B\'DLES STC 52.850MT OF T20 - 4.25M X 95 LENGTHS/BUNDLE (YELLOW)\r\n\r\nHS CODE: 721420\r\n\r\nSHIPPER\'S COUNT & DECLARATION\r\n\r\nCMRF @ RM1.00 PER M3/MT TO BE \r\nCOLLECTED AT DESTINATION', NULL, NULL, '2019-02-22 04:51:48', '2019-02-23 02:32:32'),
(8, 9, 'PGK100099', 57, 'JUMBO BAGS', '57 JUMBO BAGS', 'U C F\r\nKUCHING', 'General', NULL, 'STC.', 'General', 68.4, 'MT', 0, NULL, '2730 BAGS X 25 KG WHEAT FLOUR\r\n      6 BAGS X 25 KG WHEAT MEAL\r\n\r\nHS CODE:  1101001900 / 1103000000\r\n\r\nSHIPPER\'S COUNT & DECLARATION\r\n\r\nCMRF @ RM1.00 PER M3/MT TO BE \r\nCOLLECTED AT DESTINATION', NULL, NULL, '2019-02-22 06:16:28', '2019-02-28 07:21:34'),
(9, 10, 'PGK100109', 8, 'CRATES', '8 CRATES', 'ZEN BUILDING\r\nZ421-R\r\nKUCHING\r\n(IN DIA)', 'General', NULL, 'STC.', 'General', 22.313, 'MT', 20.65, NULL, '2000 PCS UCO SUPERFLEX 1220 X 1220 X 3.2MM', NULL, NULL, '2019-02-22 06:17:33', '2019-02-23 02:37:00'),
(10, 5, 'PGKK100059', 28, 'BUNDLES', '28 BUNDLES', NULL, 'General', NULL, 'STC. HOLLOW SECTION PIPES', 'General', 36.06, 'MT', 0, NULL, 'HS CODE:  730630\r\n\r\nSHIPPER\'S COUNT & DECLARATION\r\n\r\nCMRF @ RM1.00 PER M3/MT TO BE \r\nCOLLECTED AT DESTINATION', NULL, NULL, '2019-02-22 07:14:07', '2019-02-22 07:16:03'),
(11, 4, 'PGKK100049', 30, 'BUNDLES', '30 BUNDLES', NULL, 'General', NULL, 'STC. HOLLOW SECTION PIPES', 'General', 27.35, 'MT', 0, NULL, NULL, NULL, NULL, '2019-02-22 07:18:33', '2019-02-22 07:18:33'),
(12, 4, 'PGKK100049', 6, 'BUNDLES', '6 BUNDLES', NULL, 'General', NULL, 'STC. BLACK PIPES', 'General', 5.95, 'MT', 0, NULL, 'HS CODE: 730630\r\n\r\n\r\nSHIPPER\'S COUNT & DECLARATION\r\n\r\nSABAH PORT SURCHARGE TO BE\r\nCOLLECTED AT DESTINATION', NULL, NULL, '2019-02-22 07:18:59', '2019-02-22 07:18:59'),
(13, 11, 'PGK100119', 2, 'UNIT', '2 UNIT', 'UN NO: 3166\r\nIMO CLASS:9', 'General', NULL, 'STC. NEW HOHAN', 'General', 9.2, 'MT', 97.6, NULL, NULL, NULL, NULL, '2019-02-22 07:59:33', '2019-03-08 02:50:53'),
(14, 6, 'PGSK100069', 1, 'CRATE', '1 CRATE', NULL, 'General', NULL, 'STC. 48 PCS UCO SUPERFLEX 2440 X 1220 X 12MM', 'General', 0, 'MT', 0, NULL, 'HS CODE: 681182\r\n\r\nSHIPPER\'S COUNT & DECLARATION\r\n\r\nSABAH PORT SURCHARGE TO BE\r\nCOLLECTED AT DESTINATION', NULL, NULL, '2019-02-23 02:34:55', '2019-02-23 02:34:55'),
(15, 10, 'PGK100109', 3, 'CRATES', '3 CRATES', NULL, 'General', NULL, 'STC.', 'General', 0, 'MT', 0, NULL, '384 PCS UCO SUPERFLEX 2440 X 1220 X 4.5MM\r\n\r\nHS CODE: 681182\r\n\r\nSHIPPER\'S COUNT & DECLARATION\r\n\r\nCMRF @ RM1.00 PER M3/MT TO BE \r\nCOLLECTED AT DESTINATION', NULL, NULL, '2019-02-23 02:37:33', '2019-02-23 02:37:33'),
(16, 12, 'PGK100129', 7, 'BUNDLES', '7 BUNDLES', 'Y.K.C\r\nKUCHING\r\nNO: 1-7\r\nOR GREEN YELLOW', 'General', NULL, 'STC. M.S.PLATE', 'General', 14.326, 'MT', 0, NULL, 'HS CODE: 720854, 720853\r\n\r\nSHIPPER\'S COUNT & DECLARATION\r\n\r\nCMRF @ RM1.00 PER M3/MT TO BE \r\nCOLLECTED AT DESTINATION', NULL, NULL, '2019-02-23 02:41:00', '2019-02-23 02:43:07'),
(17, 13, 'PGKK100139', 8, 'BUNDLES', '8 BUNDLES', 'M.H.S\r\nKOTA KINABALU\r\nNO:1-8\r\nOR BLUE WHITE', 'General', NULL, 'STC.', 'General', 12.98, 'MT', 0, NULL, '2 BUNDLES M.S.PLATE\r\n2 BUNDLES M.S.PLATE\r\n3 BUNDLES EXPANDED METAL\r\n1 BUNDLE HR SQUARE HOLLOW SECTION\r\n\r\nHS CODE: 720853, 720852, 731449 & 730661)\r\n\r\nSHIPPER\'S COUNT & DECLARATION\r\n\r\nSABAH PORT SURCHARGE TO BE\r\nCOLLECTED AT DESTINATION', NULL, NULL, '2019-02-23 02:44:29', '2019-02-23 02:47:29'),
(18, 14, 'PGKK100149', 57, 'BUNDLES', '57 BUNDLES', 'KOZAI\r\nKOTA KINABALU\r\n01-57', 'General', NULL, 'STC. HOT ROLLED STEEL PLATE', 'General', 215.266, 'MT', 0, NULL, 'HS CODE: 7220119000\r\n\r\nSHIPPER\'S COUNT & DECLARATION\r\n\r\nSABAH PORT SURCHARGE TO BE\r\nCOLLECTED AT DESTINATION', NULL, NULL, '2019-02-23 02:50:07', '2019-02-23 02:51:16'),
(19, 15, 'PGK100159', 2, 'PALLETS', '2 PALLETS', '3758', 'General', NULL, 'STC. SOY EX60-NON GMO (3758)', 'General', 1, 'MT', 0, NULL, 'HS CODE: 2304009000\r\n\r\nSHIPPER\'S COUNT & DECLARATION\r\n\r\nCMRF @ RM1.00 PER M3/MT TO BE \r\nCOLLECTED AT DESTINATION', NULL, NULL, '2019-02-23 02:53:15', '2019-02-28 07:51:43'),
(20, 16, 'PGSK100169', 6, 'BUNDLES', '6 BUNDLES', 'PALUCKY\r\nSANDAKAN\r\n1-6', 'General', NULL, 'STC. HOT ROLLED STEEL PLATE', 'General', 25.207, 'MT', 0, NULL, 'HS CODE: 7220119000\r\n\r\nSHIPPER\'S COUNT & DECLARATION\r\n\r\nSABAH PORT SURCHARGE TO BE\r\nCOLLECTED AT DESTINATION', NULL, NULL, '2019-02-23 02:55:25', '2019-02-28 08:54:06'),
(21, 17, 'PGK100179', 21, 'PACKAGES', '21 PACKAGES', 'SISB\r\nKUCHING', 'General', NULL, 'STC. 20 BUNDLES + 1 CRATE', 'General', 52.97, 'MT', 78.6, NULL, 'YL (MALAYSIA) DUCTILE IRON PIPE TO BS EN 545:2010, SOCKET-SPIGOT \r\nJOINTS EXTERNALLY METALLIC ZINC COATED & BITUMINOUS, INTERNALLY \r\nCEMENT MORTAR LINING C/W PUSH IN RUBBER RING.\r\n1. DUCTILE IRON PIPE 150MM X 6M (C40) - 234 LTH\r\n2. DUCTILE IRON PIPE 80MM X 6M (C100) - 80 LTH\r\n3. DUCTILE IRON PIPE 100MM X 6M (C100) - 30 LTH\r\n4. DUCTILE IRON PIPE 150MM X 6M (C40) - 42 LTH\r\n\r\nHS CODE: 730300\r\n\r\nSHIPPER\'S COUNT & DECLARATION\r\n\r\nCMRF @ RM1.00 PER M3/MT TO BE \r\nCOLLECTED AT DESTINATION', NULL, NULL, '2019-02-25 02:50:58', '2019-03-05 07:36:36'),
(22, 18, 'PGSK100189', 7, 'BUNDLES', '7 BUNDLES', 'PALUCKY\r\nSANDAKAN\r\nI094351/19-1-7', 'General', NULL, 'STC.', 'General', 6.011, 'MT', 0, NULL, 'STAINLES STEEL FLAT BAR\r\nSTAINLESS STEEL U-CHANNEL\r\nSTAINLESS STEEL WELDED PIPE\r\nSTAINLESS STEEL WELDED ELBOW\r\nSTAINLESS STEEL PLATE\r\n\r\nHS CODE:722.30.9000 , 7306.40.9000, 7307.92.9000,7220.12.9000\r\n\r\nSHIPPER\'S COUNT & DECLARATION\r\n\r\nSABAH PORT SURCHARGE TO BE\r\nCOLLECTED AT DESTINATION', NULL, NULL, '2019-02-25 03:08:14', '2019-02-28 08:56:03'),
(23, 19, 'PGKK100199', 7, 'BUNDLES', '7 BUNDLES', 'KOZAI\r\nKOTA KINABALU\r\nI094348/19-1-7', 'General', NULL, 'STC.', 'General', 7.027, 'MT', 0, NULL, 'STAINLESS STEEL ROD\r\nSTAINLESS STEEL PLATE\r\n\r\nHS CODE: 7222.30.1000 , 7220.12.9000\r\n\r\nSHIPPER\'S COUNT & DECLARATION\r\n\r\nCMRF @ RM1.00 PER M3/MT TO BE \r\nCOLLECTED AT DESTINATION', NULL, NULL, '2019-02-25 03:09:23', '2019-02-28 08:37:13'),
(24, 20, 'PGKK100209', 10, 'BUNDLES', '10 BUNDLES', 'MH STEEL K KINABALU\r\nWHITE COLOUR', 'General', NULL, 'STC.', 'General', 18.429, 'MT', 0, NULL, '3 BUNDLES EXP METAL                                                   3.298MT\r\n1 BUNDLE  ELECTRO GALVANISED STEEL SHEET      2.457MT\r\n1 BUNDLE HOT ROLLED STEEL SHEET                         2.335MT\r\n2 BUNDLES CHECKERED PLATE                                    4.938MT\r\n1 BUNDLE GALVANISED STEEL SHEET                         2.527MT\r\n2 BUNDLES M.S.ANGLE BAR & M.S.ANGLE BAR          2.674MT\r\n\r\nHS CODE: 7314500000\r\n\r\nSHIPPER\'S COUNT & DECLARATION\r\n\r\nSABAH PORT SURCHARGE TO BE\r\nCOLLECTED AT DESTINATION', NULL, NULL, '2019-02-25 04:36:40', '2019-03-30 03:55:13'),
(25, 21, 'PGK100219', 10, 'BUNDLES', '10 BUNDLES', 'K.S. KUCHING, SARAWAK', 'General', NULL, 'STC. 1298 LGTHS', 'General', 17.942, 'MT', 17.93, NULL, '2 B\'DLES M.S.CHANNEL (40 LGTHS)\r\n   M.S.FLAT BAR (348 LGTHS)\r\n2 B\'DLES M.S.CHANNEL (120 LGTHS)\r\n1 B\'DLE C.R.POLISH SHAFT (50 LGTHS)\r\n2 B\'DLES M.S.BLACK PIPE (20 LGTHS)\r\n1 B\'DLE M.S.GAL.IRON PIPE (91 LGTHS)\r\n1 B\'DLE M.S.FLAT BAR (61 LGTHS)\r\n1 B\'DLE M.S.SQUARE BAR (568 LGTHS)\r\n\r\nHS CODE: \r\n\r\nSHIPPER\'S COUNT & DECLARATION\r\n\r\nCMRF @ RM1.00 PER M3/MT TO BE \r\nCOLLECTED AT DESTINATION', NULL, NULL, '2019-02-25 04:40:40', '2019-03-05 06:46:13'),
(26, 22, 'PGSK100229', 12, 'BUNDLES', '12 BUNDLES', 'T.G.T SDK.SABAH\r\nRED/BLUE COLOUR', 'General', NULL, 'STC. 173 LGTHS', 'General', 18.541, 'MT', 18.54, NULL, '8 B\'DLES C.R.POLISH SHAFT (51 LGTHS)\r\n1 B\'DLE M.S.UNEQUAL ANGLE BAR (30 LGTHS)\r\n1 B\'DLE M.S.FLAT BAR (18 LGTHS)\r\n4 B\'DLES M.S.CHANNEL (69 LGTHS)\r\n1 B\'DLE M.S.I-BEAM (5 LGTHS)\r\n\r\nHS CODE:\r\n\r\nSHIPPER\'S COUNT & DECLARATION\r\n\r\nSABAH PORT SURCHARGE TO BE\r\nCOLLECTED AT DESTINATION', NULL, NULL, '2019-02-25 04:42:07', '2019-03-08 02:16:12'),
(27, 23, 'PGSK100239', 54, 'PACKAGES', '54 PACKAGES', 'P.S.B. SDK.,SABAH\r\nBLUE COLOUR', 'General', NULL, 'STC. 52 LGTHS + 50 PCS', 'General', 40.486, 'MT', 40.48, NULL, '1 B\'DLE M.S.GAL.IRON PIPE (44 LGTHS)\r\n2 B\'DLES STEAMLESS PIPE (API) (6 LGTHS)\r\n50 PCS M.S.PLATE\r\n1 B\'DLE M.S.ANGLE BAR (2 LGTHS)\r\n\r\nHS CODE:\r\n\r\nSHIPPER\'S COUNT & DECLARATION\r\n\r\nSABAH PORT SURCHARGE TO BE\r\nCOLLECTED AT DESTINATION', NULL, NULL, '2019-02-25 04:44:41', '2019-03-08 02:16:54'),
(28, 24, 'PGKK100249', 7, 'BUNDLES', '7 BUNDLES', 'PALUCKY K KINABALU\r\nGREEN COLOUR', 'General', NULL, 'STC.', 'General', 8.606, 'MT', 0, NULL, '1 BUNDLE GALVANISED STEEL SHEET        1.913MT\r\n6 BUNDLES EXP METAL                                6.693MT\r\n\r\nHS CODE: 7210499000\r\n\r\nSHIPPER\'S COUNT & DECLARATION\r\n\r\nSABAH PORT SURCHARGE TO BE\r\nCOLLECTED AT DESTINATION', NULL, NULL, '2019-02-25 04:46:11', '2019-02-28 08:43:35'),
(29, 25, 'PGSK100259', 10, 'BUNDLES', '10 BUNDLES', 'PALUCKY SANDAKAN\r\nBLUE COLOUR', 'General', NULL, 'STC', 'General', 18.509, 'MT', 0, NULL, '5 BUNDLES EXP METAL        6.169MT\r\n4 BUNDLES GALVANISED STEEL SHEET  9.811MT\r\n1 BUNDLE ELECTRO GALVANISED STEEL SHEET   2.529MT\r\n\r\nHS CODE: 7314500000\r\n\r\nSHIPPER\'S COUNT & DECLARATION\r\n\r\nSABAH PORT SURCHARGE TO BE\r\nCOLLECTED AT DESTINATION', NULL, NULL, '2019-02-25 04:47:09', '2019-02-28 09:02:06'),
(30, 26, 'PGKK100269', 7, 'PACKAGES', '7 PACKAGES', 'PALUCKY K.K\r\n(YELLOW/BLUE/WHITE PAINT)\r\nPACKING NO.:01/07-07/07', 'General', NULL, 'STC.', 'General', 11.216, 'MT', 0, NULL, 'MILD STEEL ANGLE\r\nMILD STEEL ANGLE (TAIWAN)\r\nMILD STEEL PLATE\r\nG.L PLATE\r\n\r\nHS CODE: 7216919010, 7208549000, 7211909900\r\n\r\nSHIPPER\'S COUNT & DECLARATION\r\n\r\nSABAH PORT SURCHARGE TO BE\r\nCOLLECTED AT DESTINATION', NULL, NULL, '2019-02-25 05:55:51', '2019-02-28 08:45:32'),
(31, 27, 'PGSK100279', 4, 'BUNDLES', '4 BUNDLES', 'PALUCKY\r\n(YELLOW/BLUE PAINT)\r\nTM:36242\r\nPACKING NO.:1/4-4/4', 'General', NULL, 'STC.', 'General', 10.025, 'MT', 0, NULL, 'MILD STEEL ANGLE\r\nMILD STEEL UN-EQUAL ANGLE\r\n\r\nHS CODE: 7216919010\r\n\r\nSHIPPER\'S COUNT & DECLARATION\r\n\r\nSABAH PORT SURCHARGE TO BE\r\nCOLLECTED AT DESTINATION', NULL, NULL, '2019-02-25 06:04:47', '2019-02-28 09:05:25'),
(32, 28, 'PGKK100289', 15, 'BUNDLES', '15 BUNDLES', 'K.L.H.S.B\r\nKOTA KINABALU\r\nAND/OR 1 GREEN & 1 RED\r\nPAINTS ON BOTH END', 'General', NULL, 'STC.', 'General', 17.7, 'MT', 0, NULL, 'BLACK PIPES\r\nG.I PIPES\r\n\r\nHS CODE: 730419\r\n\r\nSHIPPER\'S COUNT & DECLARATION\r\n\r\nSABAH PORT SURCHARGE TO BE\r\nCOLLECTED AT DESTINATION', NULL, NULL, '2019-02-25 06:24:32', '2019-02-28 08:47:45'),
(33, 29, 'PGK100299', 2, 'PACKAGES', '2 PACKAGES', 'EC15Q0008\r\nMSEE (IN DIA)\r\nPORT KUCHING\r\nRB DEVELOPMENT SDN BHD\r\nCASE NO\r\nMADE IN PRAI\r\nPENANG MALAYSIA', 'General', NULL, 'STC. PARTS FOR ELEVATOR', 'General', 0.94, 'MT', 2.4, NULL, 'HS CODE: 8431312000\r\n\r\nSHIPPER\'S COUNT & DECLARATION\r\n\r\nCMRF @ RM1.00 PER M3/MT TO BE \r\nCOLLECTED AT DESTINATION', NULL, NULL, '2019-02-28 04:37:04', '2019-02-28 04:37:52'),
(34, 30, 'PGK100309', 1, 'CASE', '1 CASE', 'MSEE (IN DIA)\r\nKUCHING, SARAWAK\r\nCASE NO: W19-009(SK)', 'General', NULL, 'STC. PARTS FOR ELEVATOR', 'General', 0.05, 'MT', 0.26, NULL, 'HS CODE: 8431312000\r\n\r\nSHIPPER\'S COUNT & DECLARATION\r\n\r\nCMRF @ RM1.00 PER M3/MT TO BE \r\nCOLLECTED AT DESTINATION', NULL, NULL, '2019-02-28 04:39:00', '2019-02-28 04:39:32'),
(35, 31, 'PGKK100319', 1, 'CASE', '1 CASE', 'MSEE (IN DIA)\r\nPORT: KOTA KINABALU, SABAH\r\nCASE NO. W19-004(SB)', 'General', NULL, 'STC. PARTS FOR ELEVATOR', 'General', 0.1, 'MT', 0.47, NULL, 'HS CODE: 8431312000\r\n\r\nSHIPPER\'S COUNT & DECLARATION\r\n\r\nCMRF @ RM1.00 PER M3/MT TO BE \r\nCOLLECTED AT DESTINATION', NULL, NULL, '2019-02-28 04:40:28', '2019-02-28 04:41:08'),
(36, 32, 'PGK100329', 110, 'BUNDLES', '110 BUNDLES', 'COLOUR CODE:\r\nYELLOW', 'General', NULL, 'STC. HIGH TENSILE DEFORMED BARS', 'General', 112.45, 'MT', 0, NULL, 'MS146:2014 GRADE 500\r\n35 B\'DLES STC 35.770MT OF T10MM\r\n35 B\'DLES STC 35.805MT OF T12MM\r\n30 B\'DLES STC 30.720MT OF T16MM\r\n5 B\'DLES STC 5.040MT OF T20MM\r\n5 B\'DLES STC 5.115MT OF T12MM (FOLDED)\r\n\r\nHS CODE: 721420\r\n\r\nSHIPPER\'S COUNT & DECLARATION\r\n\r\nCMRF @ RM1.00 PER M3/MT TO BE \r\nCOLLECTED AT DESTINATION', NULL, NULL, '2019-02-28 04:42:15', '2019-02-28 04:43:53'),
(37, 33, 'PGK100339', 100, 'BUNDLES', '100 BUNDLES', 'COLOUR CODE:\r\nRED', 'General', NULL, 'STC. HIGH TENSILE DEFORMED BARS', 'General', 102.26, 'MT', 0, NULL, 'MS146:2014 GRADE 500\r\n40 B\'DLES STC 40.880MT OF T10MM\r\n60 B\'DLES STC 61.380MT OF T12MM\r\n\r\nHS CODE: 721420\r\n\r\nSHIPPER\'S COUNT & DECLARATION\r\n\r\nCMRF @ RM1.00 PER M3/MT TO BE \r\nCOLLECTED AT DESTINATION', NULL, NULL, '2019-02-28 04:45:09', '2019-02-28 04:45:53'),
(38, 34, 'PGK100349', 300, 'BUNDLES', '300 BUNDLES', 'SHIPPED ON BOARD\r\n00/03/2019\r\n\r\n\r\n(COLOUR MARK)\r\nGREEN \r\nGREEN', 'General', NULL, 'STC. HIGH TENSILE DEFORMED BARS', 'General', 303.9, 'MT', 0, NULL, 'MS 146:2014 B500B\r\nORDER NO: 203675501\r\n\r\nSIZE BDLES TTL LGTHS WEIGHT\r\nT12   100          9600         102.300MT\r\nT20   200          6800         201.600MT\r\n___________________________________\r\n         300         16400        303.600MT\r\n___________________________________\r\n\r\nHS CODE: 721420\r\n\r\nSHIPPER\'S COUNT & DECLARATION\r\n\r\nCMRF @ RM1.00 PER M3/MT TO BE \r\nCOLLECTED AT DESTINATION', NULL, NULL, '2019-02-28 04:48:40', '2019-03-21 04:43:48'),
(39, 35, 'PGKK100359', 136, 'BUNDLES', '136 BUNDLES', 'COLOUR MARKING\r\nORANGE\r\nORANGE', 'General', NULL, 'STC. HIGH TENSILE DEFORMED BARS', 'General', 139.052, 'MT', 0, NULL, 'MS 146:2014 B500B\r\nORDER NO: 236471\r\n\r\nCOLOUR MARKING SIZE BDLES TTL LGTHS WEIGHT\r\nORANGE                   T10    106      14628      108.332MT\r\nORANGE                   T16      30        1620        30.720MT\r\n---------------------------------------------------------------------\r\n                                            136      16248      139.052MT\r\n--------------------------------------------------------------------\r\n\r\nHS CODE:  721400\r\n\r\nSHIPPER\'S COUNT & DECLARATION\r\n\r\nCMRF @ RM1.00 PER M3/MT TO BE \r\nCOLLECTED AT DESTINATION', NULL, NULL, '2019-02-28 04:55:10', '2019-02-28 04:57:33'),
(40, 36, 'PGKK100369', 153, 'COILS', '153 COILS', 'SING YUNG\r\nKK\r\n\r\nSHIPPED ON BOARD\r\nXX/03/2019', 'General', NULL, 'STC. WIRE ROD IN COILS', 'General', 274.078, 'MT', 0, NULL, 'HS CODE: 721391\r\n\r\nSHIPPER\'S COUNT & DECLARATION\r\n\r\nSABAH PORT SURCHARGE TO BE\r\nCOLLECTED AT DESTINATION', NULL, NULL, '2019-02-28 04:59:08', '2019-03-05 07:28:20'),
(41, 37, 'PGK100379', 114, 'COILS', '114 COILS', 'YUNG KONG,\r\nKUCHING', 'General', NULL, 'STC. WIRE ROD IN COILS', 'General', 205.984, 'MT', 0, NULL, 'HS CODE:  721391\r\n\r\nSHIPPER\'S COUNT & DECLARATION\r\n\r\nCMRF @ RM1.00 PER M3/MT TO BE \r\nCOLLECTED AT DESTINATION', NULL, NULL, '2019-02-28 05:01:03', '2019-03-05 06:49:45'),
(42, 38, 'PGK100389', 56, 'COILS', '56 COILS', 'LEADEAST, KUCHING', 'General', NULL, 'STC. WIRE ROD IN COILS', 'General', 100, 'MT', 0, NULL, 'HS CODE: 721391\r\n\r\nSHIPPER\'S COUNT & DECLARATION\r\n\r\nCMRF @ RM1.00 PER M3/MT TO BE \r\nCOLLECTED AT DESTINATION', NULL, NULL, '2019-02-28 05:02:13', '2019-02-28 05:02:32'),
(43, 39, 'PGSK100399', 400, 'BUNDLES', '400 BUNDLES', 'PAINTED BLUE BOTH END', 'General', NULL, 'STC. WELDABLE REINFORCED STEEL BAR', 'General', 408.433, 'MT', 0, NULL, 'HS CODE: 721420\r\n\r\nSHIPPER\'S COUNT & DECLARATION\r\n\r\nSABAH PORT SURCHARGE TO BE\r\nCOLLECTED AT DESTINATION', NULL, NULL, '2019-02-28 05:03:29', '2019-03-08 02:18:04'),
(44, 40, 'PGK200409', 1, NULL, '1 x 40\'HC', NULL, 'General', NULL, 'STC. 466 PKGS', 'General', 5.332, 'MT', 45, NULL, '212 CT BOX TISSUE\r\n254 CT COTTON PRODUCT (NTPC)\r\n\r\nHS CODE: 4818200000\r\n\r\nFCL / FCL SHIPPER\'S LOAD, COUNT, SEALED & DECLARATION\r\n\r\nDESTINATION THC, DO FEES, EDI & CMR PREPAID AT PENANG\r\n\r\nFREE 14 DAYS DEMURRAGE & DETENTION AT POD', NULL, '1,40\'HC', '2019-02-28 06:30:15', '2019-03-05 06:55:38'),
(45, 42, 'PGK200439', 1, NULL, '1 x 40\'HC', NULL, 'General', NULL, 'STC. 920 PKGS', 'General', 6.366, 'MT', 45, NULL, '396 CT BOX TISSUE\r\n35 CT HANKY BOX\r\n90 CT POCKET TISSUE\r\n54 CT SERVIEETE\r\n345 BD TOILET ROLL\r\n\r\nHS CODE:4818200000\r\n\r\nFCL / FCL SHIPPER\'S LOAD, COUNT, SEALED & DECLARATION\r\n\r\nDESTINATION THC, DO FEES, EDI & CMR PREPAID AT PENANG\r\n\r\nFREE 14 DAYS DEMURRAGE & DETENTION AT POD', NULL, '1,40\'HC', '2019-03-05 06:09:34', '2019-03-05 07:16:27'),
(46, 15, 'PGK100169', 2, 'PALLETS', '2 PALLETS', '3758', 'General', NULL, 'STC.', 'General', 1, 'MT', 0, NULL, '40 P BAGS X 25KG SOY EX60-NON GMO (3758)\r\n\r\nHS CODE: 2304009000\r\n\r\nSHIPPER\'S COUNT & DECLARATION\r\n\r\nCMRF @ RM1.00 PER M3/MT TO BE \r\nCOLLECTED AT DESTINATION', NULL, NULL, '2019-03-05 06:43:42', '2019-03-05 06:43:42'),
(47, 43, 'PGK200449', 1, NULL, '1 x 40\'HC', NULL, 'General', NULL, 'STC. 1088 PKGS', 'General', 7.534, 'MT', 45, NULL, '206 CT BOX TISSUE\r\n40 CT HANKY PACK\r\n16 CT SERVIETTE 636 GR TOILET ROLL\r\n140 CT TOWEL\r\n50 CT UNDER PAD (NTPC)\r\n\r\nHS CODE: 4818200000\r\n\r\nFCL / FCL SHIPPER\'S LOAD, COUNT, SEALED & DECLARATION\r\n\r\nDESTINATION THC, DO FEES, EDI & CMR PREPAID AT PENANG\r\n\r\nFREE 14 DAYS DEMURRAGE & DETENTION AT POD', NULL, '1,40\'HC', '2019-03-05 07:14:22', '2019-03-05 07:18:38'),
(48, 44, 'PGK200459', 1, NULL, '1 x 40\'HC', NULL, 'General', NULL, 'STC. 998 CT BABY DIAPERS(NTPC)', 'General', 6762, 'MT', 45, NULL, 'HS CODE: 9619001300<br><br>FCL / FCL SHIPPER\'S LOAD, COUNT, SEALED &amp; DECLARATION<br><br>DESTINATION THC, DO FEES, EDI &amp; CMR PREPAID AT PENANG<br><br>FREE 14 DAYS DEMURRAGE &amp; DETENTION AT POD', NULL, '1,40\'HC', '2019-03-05 07:14:58', '2019-04-11 05:11:28'),
(49, 41, 'PGKK100159', 57, 'BUNDLES', '57 BUNDLES', 'KOZAI\r\nKOTA KINABALU\r\n1-57', 'General', NULL, 'STC. HOT ROLLED STEEL PLATE', 'General', 215.266, 'MT', 0, NULL, 'HS CODE: 7220119000\r\n\r\nSHIPPER\'S COUNT & DECLARATION\r\n\r\nSABAH PORT SURCHARGE TO BE\r\nCOLLECTED AT DESTINATION', NULL, NULL, '2019-03-05 07:24:24', '2019-03-05 07:24:24'),
(50, 16, 'PGSK100149', 6, 'BUNDLES', '6 BUNDLES', 'PALUCKY\r\nSANDAKAN\r\n1-6', 'General', NULL, 'STC. HOT ROLLED STEEL PLATE', 'General', 25.207, 'MT', 0, NULL, 'HS CODE: 7220119000\r\n\r\nSHIPPER\'S COUNT & DECLARATION\r\n\r\nSABAH PORT SURCHARGE TO BE\r\nCOLLECTED AT DESTINATION', NULL, NULL, '2019-03-08 02:13:51', '2019-03-08 03:06:15'),
(51, 45, 'PGK200479', 1, NULL, '1 x 20\'GP', NULL, 'General', NULL, 'STC. 406 PACKAGES', 'General', 7.989, 'MT', 18, NULL, 'JOSS STICKS & JOSS PAPER\r\n\r\nHS CODE: 3307419000\r\n\r\nFCL / FCL SHIPPER\'S LOAD, COUNT, SEALED & DECLARATION\r\n\r\n\r\nFREE 14 DAYS DEMURRAGE & DETENTION AT POD', NULL, '1,20\'GP', '2019-03-08 02:30:12', '2019-03-08 02:41:41'),
(52, 46, 'PGK200469', 1, NULL, '1 x 20\'GP', NULL, 'Dangerous', 'UN1010 CLASS 2', 'STC. 93 BAGS', 'General', 10.123, 'KG', 14.99, -10, 'SLIPPER & T-SHIRT\r\n\r\nHS CODE: 6109902000\r\n\r\nFCL / FCL SHIPPER\'S LOAD, COUNT, SEALED & DECLARATION\r\n\r\n\r\nFREE 14 DAYS DEMURRAGE & DETENTION AT POD', NULL, '1,20\'GP', '2019-03-08 02:44:18', '2019-03-28 10:20:07'),
(53, 11, 'PGK100119', 2, 'PACKAGES', '2 PACKAGES', NULL, 'General', NULL, 'STC. PARTS', 'General', 2, 'MT', 2.5, NULL, NULL, NULL, NULL, '2019-03-08 02:50:09', '2019-03-08 02:50:09'),
(54, 47, 'PGKK100529', 1, NULL, '1 ', NULL, 'General', NULL, '1', '', 1, 'MT', 0, NULL, NULL, NULL, NULL, '2019-04-02 01:36:34', '2019-04-02 01:36:34'),
(55, 48, 'PGKK100539', 15, 'CRATES', '15 CRATES', 'BBM\r\nKK0219-00001\r\nKK0219-00002\r\nKOTA KINABALU\r\n(IN DIA)', 'General', NULL, 'STC. 540 PCS UCO SUPERFLEX 2440 X 1220 X 15MM', 'General', 374.72, 'MT', 379.5, NULL, NULL, NULL, NULL, '2019-04-02 01:41:15', '2019-04-11 02:51:50'),
(56, 49, 'PGKK100549', 2, 'PACKAGES', '2 PACKAGES', 'MSEE (IN DIA)\r\nPORT: KOTA KINABALU, SABAH\r\nCASE NO. W19-007(SB),\r\nW19-008(SB)', 'General', NULL, 'STC. PARTS FOR ELEVATOR', 'General', 0.45, 'MT', 0.7, NULL, 'HS CODE: 8431312000\r\n\r\nSHIPPER\'S COUNT & DECLARATION\r\n\r\nSABAH PORT SURCHARGE TO BE\r\nCOLLECTED AT DESTINATION', NULL, NULL, '2019-04-02 01:59:47', '2019-04-05 07:20:34'),
(57, 50, 'PGK100559', 34, 'BUNDLES', '34 BUNDLES', 'L.S.S.B<br>KUCHING<br>NO: 1-34<br>OR GREEN RED', 'General', NULL, 'STC.', 'General', 55.995, 'MT', 55.995, NULL, '10 BUNDLES HR SQUARE HOLLOW SECTION &amp; FLAT BAR<br>20 BUNDLES HR SQUARE HOLLOW SECTION &amp;<br>     RECTANGULAR HOLLOW SECTION<br>4 BUNDLES MILD STEEL PLATE<br><br>HS CODE:  730661, 720851<br><br>SHIPPER\'S COUNT &amp; DECLARATION<br><br>CMRF @ RM1.00 PER M3/MT TO BE <br>COLLECTED AT DESTINATION', NULL, NULL, '2019-04-02 02:33:48', '2019-04-11 05:06:36'),
(58, 51, 'PGK100569', 21, 'PACKAGES', '21 PACKAGES', 'SISB\r\nKUCHING', 'General', NULL, 'STC. 20 BUNDLES + 1 CRATE', 'General', 54.12, 'MT', 89.7, NULL, 'YL (MALAYSIA)DUCTILE IRON PIPE TO BS EN 545:2010\r\nSOCKET- SPIGOT JOINTS  EXTERNALLY METALLIC ZINC \r\nCOATED & BITUMINOUS,INTERNALLY  CEMENT MORTAR \r\nLINING C/W PUSH IN RUBBER RING.\r\n1. DUCTILE IRON PIPE 150MM X 6M (C40) - 180 LTH\r\n2. DUCTILE IRON PIPE 150MM X 6M (C40) - 180 LTH\r\n\r\nHS CODE: 730300\r\n\r\nSHIPPER\'S COUNT & DECLARATION\r\n\r\nCMRF @ RM1.00 PER M3/MT TO BE \r\nCOLLECTED AT DESTINATION', NULL, NULL, '2019-04-02 04:01:25', '2019-04-04 02:52:31'),
(61, 52, 'PGKK100579', 16, 'BUNDLES', '16 BUNDLES', 'T.G.T<br>KOTA KINABALU<br>AND/OR 2 YELLOW &amp; 1 BLUE<br>PAINTS ON BOTH ENDS', 'General', NULL, 'STC. G.I.PIPES', 'General', 15.4, 'MT', 15.4, NULL, 'HS CODE: 730419<br><br>SHIPPER\'S COUNT &amp; DECLARATION<br><br>SABAH PORT SURCHARGE TO BE<br>COLLECTED AT DESTINATION', NULL, NULL, '2019-04-03 04:49:30', '2019-04-11 05:06:17'),
(62, 53, 'PGKK100599', 2, 'BUNDLES', '2 BUNDLES', 'YATHIN<br>KOTA KINABALU<br>I095663/19-1-2', 'General', NULL, 'STC.', 'General', 2.546, 'MT', 2.546, NULL, 'COPPER ROUND BAR<br>ALUMINIUM ROUND BAR<br>STAINLESS STEEL CHEQ PLATE<br><br>HS CODE: 740710<br><br>SHIPPER\'S COUNT &amp; DECLARATION<br><br>SABAH PORT SURCHARGE TO BE<br>COLLECTED AT DESTINATION', NULL, NULL, '2019-04-03 05:06:52', '2019-04-11 05:06:03'),
(63, 54, 'PGKK100589', 14, 'BUNDLES', '14 BUNDLES', 'KOZAI<br>KOTA KINABALU<br>I097645/19-1-14', 'General', NULL, 'STC.', 'General', 12.508, 'MT', 12.508, NULL, 'STAINLESS STEEL ANGLE<br>STAINLESS STEEL ROD<br>STAINLESS STEEL FLAT BAR<br><br>HS CODE: 722240<br><br>SHIPPER\'S COUNT &amp; DECLARATION<br><br>SABAH PORT SURCHARGE TO BE<br>COLLECTED AT DESTINATION', NULL, NULL, '2019-04-03 05:07:49', '2019-04-11 05:05:49'),
(64, 55, 'PGKK100609', 1, 'CASE', '1 CASE', 'MSEE (IN DIA)\r\nPORT: KOTA KINABALU, SABAH\r\nCASE NO. W19-010(SB)', 'General', NULL, 'STC. PARTS FOR ELEVATOR', 'General', 0.27, 'MT', 0.93, NULL, 'HS CODE: 8431312000\r\n\r\nSHIPPER\'S COUNT & DECLARATION\r\n\r\nSABAH PORT SURCHARGE TO BE\r\nCOLLECTED AT DESTINATION', NULL, NULL, '2019-04-03 09:40:12', '2019-04-03 09:46:13'),
(66, 56, 'PGK100619', 11, 'BUNDLES', '11 BUNDLES', 'D.M.C.S.B.\r\nKUCHING', 'General', NULL, 'STC. HIGH CARBON STEEL WIRE', 'General', 5.208, 'MT', 5.323, NULL, 'HS CODE: 722920000\r\n\r\nSHIPPER\'S COUNT & DECLARATION\r\n\r\nCMRF @ RM1.00 PER M3/MT TO BE \r\nCOLLECTED AT DESTINATION', NULL, NULL, '2019-04-04 06:23:12', '2019-04-10 02:03:18'),
(67, 57, 'PGS100629', 7, 'BUNDLES', '7 BUNDLES', 'JIM NGUAN HARDWARE<br>B01-B07<br>SIBU<br>SARAWAK<br><br>REMARK:<br>2 BUNDLES RUSTY BEFORE LOADING.', 'General', NULL, 'STC.', 'General', 8.001, 'MT', 1.62, NULL, 'COLD DRAWN ROUND BAR (5 BUNDLES)<br>HOT ROLLED ROUND BAR (2 BUNDLES)<br><br>HS CODE: 7228501000 &amp; 7228301000<br><br>SHIPPER\'S COUNT &amp; DECLARATION<br><br>CMRF @ RM1.00 PER M3/MT TO BE <br>COLLECTED AT DESTINATION', NULL, NULL, '2019-04-04 07:45:56', '2019-04-11 07:02:46'),
(68, 58, 'PGS100639', 62, 'PACKAGES', '62 PACKAGES', 'C.K. MIRI, SARAWAK\r\nRED/GREEN COLOUR\r\n\r\nREMARK:\r\nALL PACKAGES SLIGHTLY RUSTY BEFORE LOADING', 'General', NULL, 'STC. 62 PCS', 'General', 92.435, 'MT', 92.43, NULL, '47 PCS M.S.PLATE\r\n15 PCS S.SHIP PLATE\r\n\r\nHS CODE: 721590\r\n\r\nSHIPPER\'S COUNT & DECLARATION\r\n\r\nCMRF @ RM1.00 PER M3/MT TO BE \r\nCOLLECTED AT DESTINATION', NULL, NULL, '2019-04-04 08:35:03', '2019-04-11 02:49:28'),
(69, 59, 'PGS100649', 11, 'BUNDLES', '11 BUNDLES', 'J.N. SIBU, SARAWAK\r\nWHITE/ORANGE COLOUR\r\n\r\nREMARK:\r\nALL BUNDLES SLIGHTLY RUSTY BEFORE LOADING EXCEPT 1 BUNDLE G.I. SHEET (20 PCS)', 'General', NULL, 'STC. 195 LGTHS + 115 PCS', 'General', 15.98, 'MT', 15.98, NULL, '6 BUNDLES M.S.PLATE (95 PCS)\r\n2 BUNDLES STEAMLESS PIPE (API) (30 LGTHS)\r\n1 BUNDLE G.I. SHEET (20 PCS)\r\n1 BUNDLE M.S.FLAT BAR (140 LGTHS)\r\n1 BUNDLE M.S.SQUARE HOLLOW SECTION (25 LGTHS)\r\n\r\nINVOICE NO.: SI00190481\r\n\r\nHS CODE: 721590\r\n\r\nSHIPPER\'S COUNT & DECLARATION\r\n\r\nCMRF @ RM1.00 PER M3/MT TO BE \r\nCOLLECTED AT DESTINATION', NULL, NULL, '2019-04-04 08:35:19', '2019-04-11 03:20:28'),
(70, 60, 'PGKK100659', 30, 'BUNDLES', '30 BUNDLES', NULL, 'General', NULL, 'STC. HOT ROLLED CHEQUERED PLATE', 'General', 276.923, 'MT', 276.923, NULL, NULL, NULL, NULL, '2019-04-04 09:56:57', '2019-04-11 05:05:33'),
(71, 60, 'PGKK100659', 104, 'BUNDLES', '104 BUNDLES', 'KOZAI<br>KOTA KINABALU<br>01-134<br><br>REMARK:<br>ALL BUNDLES SLIGHTLY RUSTY BEFORE LOADING', 'General', NULL, 'STC. HOT ROLLED STEEL PLATE', 'General', 0, 'MT', 0, NULL, '<div>=======</div><div>134 BUNDLES</div><div>=======</div><div><br></div><div><span style=\"line-height: 1.42857;\">HS CODE: 722011</span><br></div><div>SHIPPER\'S COUNT &amp; DECLARATION<br><br>SABAH PORT SURCHARGE TO BE<br>COLLECTED AT DESTINATION								</div>', NULL, NULL, '2019-04-04 09:58:34', '2019-04-11 06:39:23'),
(72, 61, 'PGS100669', 4, 'BUNDLES', '4 BUNDLES', 'SYS STEEL TRADING\r\nB01-B04\r\nSIBU\r\nSARAWAK\r\n\r\nREMARK:\r\nALL BUNDLES RUSTY BEFORE LOADING', 'General', NULL, 'STC. HOT ROLLED ROUND BAR', 'General', 6.555, 'MT', 1.16, NULL, 'HS CODE: 7228301000\r\n\r\nSHIPPER\'S COUNT & DECLARATION\r\n\r\nCMRF @ RM1.00 PER M3/MT TO BE \r\nCOLLECTED AT DESTINATION', NULL, NULL, '2019-04-05 03:42:16', '2019-04-11 02:42:45'),
(73, 62, 'PGK100679', 68, 'JUMBO BAGS', '68 JUMBO BAGS', 'U C F<br>KUCHING<br><br>REMARK:<br>1 JUMBO BAG TORN CONTENT LOOSE WHILE LOADING IN HATCH', 'General', NULL, 'STC.', 'General', 81.6, 'MT', 81.6, NULL, '3260 BAGS X 25KG WHEAT FLOUR<br>      4 BAGS X 25KG WHEAT MEAL<br><br>HS CODE: 1101001900 &amp; 1103110000<br><br>SHIPPER\'S COUNT &amp; DECLARATION<br><br>CMRF @ RM1.00 PER M3/MT TO BE <br>COLLECTED AT DESTINATION', NULL, NULL, '2019-04-05 07:38:05', '2019-04-11 05:05:11'),
(74, 63, 'PGS100689', 260, 'BUNDLES', '260 BUNDLES', 'PAINTED YELLOW BOTH END<br><br>SHIPPED ON BOARD<br>  11/04/2019', 'General', NULL, 'STC. WELDABLE REINFORCED STEEL BAR', 'General', 264.86, 'MT', 264.86, NULL, 'WRSB 10MM X 12M - 60 BUNDLE (61.320MT)<br>WRSB 12MM X 12M - 60 BUNDLE (61.380MT)<br>WRSB 16MM X 12M - 40 BUNDLE (40.960MT)<br>WRSB 20MM X 12M - 50 BUNDLE (50.400MT)<br>WRSB 25MM X 12M - 50 BUNDLE (50.800MT)<br><br>HS CODE: 721420<br><br>SHIPPER\'S COUNT &amp; DECLARATION<br><br>CMRF @ RM1.00 PER M3/MT TO BE <br>COLLECTED AT DESTINATION', NULL, NULL, '2019-04-05 07:54:02', '2019-04-11 05:04:55'),
(75, 64, 'PGS100699', 58, 'COILS', '58 COILS', 'PAINTED WHITE<br><br><br>SHIPPED ON BOARD<br>  11/04/2019<br><br>REMARK:<br>ATMOSPHERIC RUST APPEARED ON 18 COILS BEFORE LOADING', 'General', NULL, 'STC. WIRE ROD GENERAL PURPOSE', 'General', 101.57, 'MT', 101.57, NULL, 'WR C12D 5.5MM - 29 COILS (50.617MT)<br>WR C12D 7.0MM - 11 COILS (19.397MT)<br>WR C12D 8.0MM - 9 COILS (15.836MT)<br>WR C12D 10.0MM - 9 COILS (15.720MT)<br><br>HS CODE: 721391<br><br>SHIPPER\'S COUNT &amp; DECLARATION<br><br>CMRF @ RM1.00 PER M3/MT TO BE <br>COLLECTED AT DESTINATION', NULL, NULL, '2019-04-05 07:58:18', '2019-04-11 05:04:43'),
(76, 48, 'PGKK100539', 70, 'CRATES', '70 CRATES', NULL, 'General', NULL, 'STC. 17,500 PCS UCO SUPERFLEX 1220 X 1220 X 3.2MM', 'General', 0, 'MT', 0, NULL, NULL, NULL, NULL, '2019-04-08 03:18:21', '2019-04-08 03:18:21'),
(77, 48, 'PGKK100539', 20, 'CRATES', '20 CRATES', NULL, 'General', NULL, 'STC. 1,920 PCS UCO SUPERFLEX 2440 X 1220 X 6.0MM', 'General', 0, 'MT', 0, NULL, NULL, NULL, NULL, '2019-04-08 03:18:58', '2019-04-08 03:18:58'),
(78, 48, 'PGKK100539', 20, 'CRATES', '20 CRATES', NULL, 'General', NULL, 'STC. 1,280 PCS UCO SUPERFLEX 2440 X 1220 X 9.0MM', 'General', 0, 'MT', 0, NULL, NULL, NULL, NULL, '2019-04-08 03:19:16', '2019-04-08 03:19:16'),
(79, 48, 'PGKK100539', 20, 'CRATES', '20 CRATES', NULL, 'General', NULL, 'STC. 960 PCS UCO SUPERFLEX 2440 X 1220 X 12MM', 'General', 0, 'MT', 0, NULL, NULL, NULL, NULL, '2019-04-08 03:19:34', '2019-04-08 03:19:34'),
(80, 48, 'PGKK100539', 5, 'CRATES', '5 CRATES', NULL, 'General', NULL, 'STC. 160 PCS UCO SUPERFLEX 2440 X 1220 X 18MM', 'General', 0, 'MT', 0, NULL, NULL, NULL, NULL, '2019-04-08 03:19:48', '2019-04-08 03:19:48'),
(81, 48, 'PGKK100539', 25, 'CRATES', '25 CRATES', NULL, 'General', NULL, 'STC. 5000 PCS UCO PLANK SEDARTEX UC/UG', 'General', 0, 'MT', 0, NULL, '&nbsp; &nbsp; &nbsp; &nbsp; &nbsp; &nbsp; &nbsp; &nbsp; &nbsp; &nbsp; &nbsp; &nbsp; &nbsp; &nbsp; &nbsp; &nbsp;3660 X 230 X 7.5MM<br>=====<br>175 CRATES<br>=====<br><br>HS CODE: 681182<br><br>SHIPPER\'S COUNT &amp; DECLARATION<br>SABAH PORT SURCHARGE TO BE COLLECTED AT DESTINATION', NULL, NULL, '2019-04-08 03:20:48', '2019-04-11 06:21:51'),
(82, 65, 'PGS100709', 400, 'BUNDLES', '400 BUNDLES', 'COLOUR CODE:<br>ORANGE<br>GREEN<br>WHITE<br>RED/BLUE', 'General', NULL, 'STC. HIGH TENSILE DEFORMED BARS', 'General', 405.6, 'MT', 405.6, NULL, 'MS146:2014 B500B<br>100 B\'DLES 102.400MT OF T16MM (ORANGE)<br>100 B\'DLES 100.800MT OF T20MM (GREEN)<br>100 B\'DLES 101.600MT OF T25MM (WHITE)<br>100 B\'DLES 100.800MT OF T20MM (RED/BLUE)<br><br>HS CODE: 721420<br><br>SHIPPER\'S COUNT &amp; DECLARATION<br><br>CMRF @ RM1.00 PER M3/MT TO BE <br>COLLECTED AT DESTINATION', NULL, NULL, '2019-04-08 05:58:41', '2019-04-11 05:03:37'),
(83, 66, 'PGK100719', 100, 'BUNDLES', '100 BUNDLES', 'COLOUR CODE:<br>RED', 'General', NULL, 'STC. HIGH TENSILE DEFORMED BARS', 'General', 102.005, 'MT', 102.005, NULL, 'MS146:2014 GRADE 500<br>15 B\'DLES 15.330MT OF T10MM <br>45 B\'DLES 46.035MT OF T12MM<br>20 B\'DLES 20.480MT OF T16MM<br>20 B\'DLES 20.160MT OF T20MM<br><br>HS CODE: 721420<br><br>SHIPPER\'S COUNT &amp; DECLARATION<br><br>CMRF @ RM1.00 PER M3/MT TO BE <br>COLLECTED AT DESTINATION', NULL, NULL, '2019-04-08 06:00:17', '2019-04-11 05:03:25'),
(84, 67, 'PGK100729', 310, 'BUNDLES', '310 BUNDLES', 'SHIPPED ON BOARD<div>11/04/2019</div><div><br></div><div><br></div><div>COLOUR MARK<br></div><div><div>BLUE</div><div>BLUE</div><div>BLUE</div><div>BLUE&nbsp;																	</div>								</div>', 'General', NULL, 'STC.', 'General', 317.1, 'MT', 317.1, NULL, '<div>HIGH TENSILE DEFORMED BARS MS146:2014 B500B<br></div><div>ORDER NO: PO/01007 &amp; PO/01010</div><div><br></div><div>SIZE BDLES TTL LGTHS WEIGHT</div><div>T10 80 11040 81.760MT</div><div>T12 80 7680 81.840MT</div><div>T16 50 2700 51.200MT</div><div>T12 100 9600 102.300MT</div><div>===============================</div><div>&nbsp;310 31020 317.100MT</div><div>================================</div><div><br></div><div>HS CODE: 721420</div><div><br></div><div>SHIPPER\'S COUNT &amp; DECLARATION</div><div>CMRF @ RM1.00 PER M3/MT TO BE COLLECTED AT DESTINATION</div>', NULL, NULL, '2019-04-08 06:01:26', '2019-04-12 03:21:32'),
(85, 68, 'PGK100739', 120, 'BUNDLES', '120 BUNDLES', 'SHIPPED ON BOARD<br>  11/04/2019<br><br><br>COLOUR MARK<br>BROWN<br>BROWN<br>BROWN<br>BROWN<br>BROWN <br>BROWN', 'General', NULL, 'STC.', 'General', 122.11, 'MT', 122.11, NULL, 'HIGH TENSILE DEFORMED BARS MS146:2014 B500B <br>AND ROUND BAR G250N<br>ORDER NO: JSTM-PO-19-0140<br>SIZE   BDLES  TTL LGTHS   WEIGHT<br>R10      20          2760           20.440MT<br>T10      20          2760           20.440MT<br>T12      10            960           10.230MT<br>T16      10            540           10.240MT<br>T20      25            850           25.200MT<br>T25      35            770           35.560MT<br>===============================<br>          120          8640           122.110MT<br>===============================<br>HS CODE: 721420<br>SHIPPER\'S COUNT &amp; DECLARATION<br>CMRF @ RM1.00 PER M3/MT TO BE COLLECTED AT DESTINATION', NULL, NULL, '2019-04-08 06:04:23', '2019-04-11 05:02:59'),
(86, 69, 'PGK100749', 402, 'BUNDLES', '402 BUNDLES', 'SHIPPED ON BOARD<br>  11/04/2019<br><br><br><br>COLOUR MARK<br>YELLOW<br>YELLOW<br>PINK', 'General', NULL, 'STC.', 'General', 411.346, 'MT', 411.346, NULL, '<div><span style=\"line-height: 1.42857;\">HIGH TENSILE DEFORMED BARS MS146:2014 B500B&nbsp;</span><br></div>AND ROUND BAR G250N<br>ORDER NO: JSTM-PO-19-0129 &amp; JSTM-PO-19-0146<br><br>SIZE   BDLES   TTL LGTHS   WEIGHT<br>T12     300          28800        306.900MT<br>T16     100            5400        102.400MT<br>R16        2               108            2.046MT<br>===============================<br>          402           34308         411.346MT<br>================================<br><br>HS CODE: 721420<br><br>SHIPPER\'S COUNT &amp; DECLARATION<br>CMRF @ RM1.00 PER M3/MT TO BE COLLECTED AT DESTINATION', NULL, NULL, '2019-04-08 06:06:00', '2019-04-11 06:39:57'),
(87, 70, 'PGK100759', 114, 'coils', '114 COILS', NULL, 'General', NULL, 'STC. WIRE ROD IN COILS', 'General', 204.432, 'MT', 204.432, NULL, NULL, NULL, NULL, '2019-04-08 09:47:10', '2019-04-11 08:51:51'),
(88, 71, 'PGKK100769', 228, 'COILS', '228 COILS', 'YANG AKTIF, KK<div><br></div><div>SHIPPED ON BOARD</div><div>&nbsp; &nbsp;11/04/2019</div>', 'General', NULL, 'STC. WIRE ROD IN COILS', 'General', 407.325, 'MT', 407.325, NULL, 'HS CODE: 721391<br><br>SHIPPER\'S COUNT &amp; DECLARATION<br><br>SABAH PORT SURCHARGE TO BE<br>COLLECTED AT DESTINATION', NULL, NULL, '2019-04-08 09:48:43', '2019-04-11 06:18:20'),
(89, 72, 'PGK100819', 77, 'JUMBO BAGS', '77 JUMBO BAGS', 'U C F<div>KUCHING</div>', 'General', NULL, 'STC.', 'General', 92.4, 'MT', 92.4, NULL, '3690 BAGS X 25 KG WHEAT FLOUR<div>&nbsp; &nbsp; &nbsp; 6 BAGS X 25 KG WHEAT MEAL</div><div><br></div><div>HS CODE: 1101001900 &amp; 1103110000<br><br>SHIPPER\'S COUNT &amp; DECLARATION<br><br>CMRF @ RM1.00 PER M3/MT TO BE <br>COLLECTED AT DESTINATION<br></div>', NULL, NULL, '2019-04-10 01:45:44', '2019-04-11 06:16:18'),
(90, 73, 'PGKK100839', 1, 'CRATES', '1 CRATES', 'MSEE (IN DIA)<div>PORT: KOTA KINABALU, SABAH</div><div>CASE NO. W19-011(SB)</div>', 'General', NULL, 'STC. PARTS FOR ELEVATOR', 'General', 0.09, 'MT', 0.56, NULL, 'HS CODE: 8431312000<br><br>SHIPPER\'S COUNT &amp; DECLARATION<br><br>SABAH PORT SURCHARGE TO BE<br>COLLECTED AT DESTINATION', NULL, NULL, '2019-04-11 08:30:41', '2019-04-20 01:40:13'),
(91, 74, 'PGKK100809', 3, 'BUNDLES', '3 BUNDLES', 'KOZAI<div>K.K.</div><div>3 GREEN &amp; 1 WHITE</div><div>PAINT ON BOTH ENDS</div><div><br></div><div>REMARK:</div><div>10 BUNDLES HOLLOW SECTION</div><div>PIPES &amp; 10 BUNDLES BLACK</div><div>PIPES SLIGHTLY RUSTY</div><div>BEFORE LOADING.</div>', 'General', NULL, 'STC. GALVANIZED PIPES', 'General', 2.64, 'MT', 77.1, NULL, NULL, NULL, NULL, '2019-04-11 09:17:19', '2019-04-22 06:45:34'),
(92, 75, 'PGK100789', 24, 'BUNDLES', '24 BUNDLES', 'T.S.E.C<div>KUCHNG</div><div>1 YELLOW</div><div>PAINT ON BOTH ENDS</div><div><br></div><div>REMARK:</div><div>ALL BUNDLES SLIGHTLY&nbsp;</div><div>RUSTY BEFORE LOADING</div>', 'General', NULL, 'STC. HOLLOW SECTION PIPES', 'General', 25.35, 'MT', 25.35, NULL, 'HS CODE: 730630<br><br>SHIPPER\'S COUNT &amp; DECLARATION<br><br>CMRF @ RM1.00 PER M3/MT TO BE <br>COLLECTED AT DESTINATION', NULL, NULL, '2019-04-11 09:17:42', '2019-04-22 06:44:42'),
(93, 76, 'PGK100779', 1, 'BUNDLES', '1 BUNDLES', 'H.F.B.M.<div>KUCHING</div><div>1 RED &amp; 1 BLUE</div><div>(PAINT ON BOTH ENDS)</div><div><br></div><div>REMARK:</div><div>ALL BUNDLES SLIGHTLY RUSTY</div><div>BEFORE LOADING</div>', 'General', NULL, 'STC. MILD STEEL CHANNEL', 'General', 2.48, 'MT', 24.8, NULL, NULL, NULL, NULL, '2019-04-11 09:19:28', '2019-04-22 06:44:28'),
(94, 77, 'PGK100799', 13, 'BUNDLES', '13 BUNDLES', 'W.T.T<div>KUCHING</div><div>3 BLUE &amp; 1 RED</div><div>PAINT ON BOTH ENDS</div><div><br></div><div><div>REMARK:</div><div>ALL BUNDLES SLIGHTLY&nbsp;</div><div>RUSTY BEFORE LOADING</div></div>', 'General', NULL, 'STC. BLACK PIPES', 'General', 15.6, 'MT', 15.6, NULL, NULL, NULL, NULL, '2019-04-11 09:19:49', '2019-04-22 06:44:05'),
(95, 78, 'PGK100829', 25, 'BUNDLES', '25 BUNDLES', 'L.S.S.B<div>KUCHING</div><div>NO: 1-25</div><div>OR GREEN RED</div>', 'General', NULL, 'STC.', 'General', 24.126, 'MT', 24.126, NULL, 'HR SQUARE HOLLOW SECTION &amp;<div>RECTANGULAR HOLLOW SECTION</div><div><br></div><div>HS CODE: 730661<br><br>SHIPPER\'S COUNT &amp; DECLARATION<br><br>CMRF @ RM1.00 PER M3/MT TO BE <br>COLLECTED AT DESTINATION<br></div>', NULL, NULL, '2019-04-12 02:14:13', '2019-04-22 06:43:51'),
(96, 76, 'PGK100779', 3, 'BUNDLES', '3 BUNDLES', NULL, 'General', NULL, 'STC. MILD STEEL PLATE', 'General', 6.53, 'MT', 0, NULL, NULL, NULL, NULL, '2019-04-12 02:20:08', '2019-04-19 03:30:32'),
(97, 76, 'PGK100779', 2, 'BUNDLES', '2 BUNDLES', NULL, 'General', NULL, 'STC. MILD STEEL FLAT BAR', 'General', 2.14, 'MT', 0, NULL, NULL, NULL, NULL, '2019-04-12 02:20:39', '2019-04-19 03:30:38'),
(98, 76, 'PGK100779', 6, 'BUNDLES', '6 BUNDLES', NULL, 'General', NULL, 'STC. MILD STEEL ANGLE BAR', 'General', 13.65, 'MT', 0, NULL, '<div>=======</div><div>12 BUNDLES</div><div>=======</div><div><br></div><div><br></div>HS CODE: &nbsp;730630<br><br>SHIPPER\'S COUNT &amp; DECLARATION<br><br>CMRF @ RM1.00 PER M3/MT TO BE <br>COLLECTED AT DESTINATION', NULL, NULL, '2019-04-12 02:36:42', '2019-04-19 03:30:44'),
(100, 79, 'PGKK100859', 3, 'JUMBO BAGS', '3 JUMBO BAGS', 'F F M<div>SABAH</div>', 'General', NULL, 'STC. 120 BAGS L-THREONINE', 'General', 3, 'MT', 3, NULL, '<div><br></div><div>HS CODE: 2922509000<br><br>SHIPPER\'S COUNT &amp; DECLARATION<br><br>SABAH PORT SURCHARGE TO BE&nbsp;COLLECTED AT DESTINATION<br></div><div><br></div><div>AGENT DESTINATION<br>KOH HAN MING SHIPPING FORWARDING AGENT<br>SHOP NO.2, 2ND FLOOR, BLOCK E, RUANG <br>SINGGAH MATA 3, ASIA CITY, 88000 KOTA KINABALU<br>TEL:088-225776<br></div>', NULL, NULL, '2019-04-12 07:37:38', '2019-04-17 06:31:14'),
(101, 80, 'PGK100849', 53, 'JUMBO BAGS', '53 JUMBO BAGS', 'U C F<div>KUCHING</div>', 'General', NULL, 'STC.', 'General', 63.6, 'MT', 63.6, NULL, '2540 BAGS X 25 KG WHEAT FLOUR<div>&nbsp; &nbsp; &nbsp; 4 BAGS X 25 KG WHEAT MEAL</div><div><br></div><div>HS CODE: &nbsp;110100 &amp; 110311<br><br>SHIPPER\'S COUNT &amp; DECLARATION<br><br>CMRF @ RM1.00 PER M3/MT TO BE <br>COLLECTED AT DESTINATION<br></div>', NULL, NULL, '2019-04-12 07:39:25', '2019-04-22 06:43:30'),
(102, 81, 'PGK100959', 51, 'PACKAGES', '51 PACKAGES', 'SISB<div>KUCHING 1</div>', 'General', NULL, 'STC. 50 BUNDLES + 1 CRATE', 'General', 137.82, 'MT', 362.7, NULL, 'YL (MALAYSIA) DUCTILE IRON PIPE TO BS EN 545:2010<div>SOCKET-SPIGOT JOINT EXTERNALLY METALLIC ZINC</div><div>COATED &amp; BITUMINOUS INTERNALLY CEMENT MORTAR</div><div>LINING C/W PUSH IN RUBBER RING.</div><div>1. DUCTILE IRON PIPE 400MM X 6M (C40) - 250 LTH</div><div><br></div><div>HS CODE: 730300<br><br>SHIPPER\'S COUNT &amp; DECLARATION<br><br>CMRF @ RM1.00 PER M3/MT TO BE <br>COLLECTED AT DESTINATION<br></div>', NULL, NULL, '2019-04-15 04:15:11', '2019-04-15 04:17:09'),
(103, 82, 'PGK100969', 35, 'BUNDLES', '35 BUNDLES', 'P.C.S.B<div>KUCHING</div><div>AND/OR 2 WHITE &amp; 1 RED</div><div>PAINTS ON BOTH ENDS</div>', 'General', NULL, 'STC. G.I.PIPES', 'General', 32.8, 'MT', 32.8, NULL, 'HS CODE: &nbsp;730419<br><br>SHIPPER\'S COUNT &amp; DECLARATION<br><br>CMRF @ RM1.00 PER M3/MT TO BE <br>COLLECTED AT DESTINATION', NULL, NULL, '2019-04-15 04:19:02', '2019-04-22 06:43:12'),
(104, 83, 'PGK100939', 49, 'PACKAGES', '49 PACKAGES', 'SISB<div>KUCHING</div>', 'General', NULL, 'STC. 48 BUNDLES + 1 CRATE', 'General', 134.01, 'MT', 262.1, NULL, 'YL (MALAYSIA)DUCTILE IRON PIPE TO BS EN 545:2010<br>SOCKET- SPIGOT JOINTS  EXTERNALLY METALLIC ZINC <br>COATED &amp; BITUMINOUS,INTERNALLY  CEMENT MORTAR <br>LINING C/W PUSH IN RUBBER RING.<br>1. DUCTILE IRON PIPE 100MM X 6M (C100) - 109 LTH<div>2. DUCTILE IRON PIPE 150MM X 6M (C64) - 90 LTH</div><div>3. DUCTILE IRON PIPE 150MM X 6M (C40) - 126 LTH</div><div>4.&nbsp;<span style=\"line-height: 1.42857;\">DUCTILE IRON PIPE 250MM X 6M (C40) - 220 LTH</span></div><div><span style=\"line-height: 1.42857;\">5.&nbsp;</span><span style=\"line-height: 1.42857;\">DUCTILE IRON PIPE 300MM X 6M (C40) - 70 LTH</span></div><div><br></div><div>HS CODE: 730300<br><br>SHIPPER\'S COUNT &amp; DECLARATION<br>CMRF @ RM1.00 PER M3/MT TO BE COLLECTED AT DESTINATION<br></div>', NULL, NULL, '2019-04-15 04:20:32', '2019-04-18 02:54:33'),
(105, 84, 'PGK100949', 2, 'BUNDLES', '2 BUNDLES', 'TGT K.KINABALU<div>BLUE COLOUR</div>', 'General', NULL, 'STC. EXP METAL', 'General', 2.761, 'MT', 0, NULL, NULL, NULL, NULL, '2019-04-15 04:26:43', '2019-04-15 04:54:18'),
(106, 84, 'PGK100949', 2, 'BUNDLES', '2 BUNDLES', '<br>', 'General', NULL, 'STC. M.S.FLAT BAR', 'General', 2.628, 'MT', 0, NULL, 'HS CODE: &nbsp;???<br><br>SHIPPER\'S COUNT &amp; DECLARATION<br><br>CMRF @ RM1.00 PER M3/MT TO BE <br>COLLECTED AT DESTINATION', NULL, NULL, '2019-04-15 04:28:11', '2019-04-15 04:30:13'),
(107, 85, 'PGKK100889', 19, 'BUNDLES', '19 BUNDLES', 'M.H.S<div>KOTA KINABALU</div><div>NO: 1-19</div><div>OR BLUE WHITE</div>', 'General', NULL, 'STC. HR SQUARE HOLLOW SECTION', 'General', 14.06, 'MT', 14.06, NULL, '<div><br></div>HS CODE: 730661<br><br>SHIPPER\'S COUNT &amp; DECLARATION<br><br>SABAH PORT SURCHARGE TO BE<br>COLLECTED AT DESTINATION', NULL, NULL, '2019-04-15 04:35:13', '2019-04-22 06:42:58'),
(108, 86, 'PGS100979', 3, 'BUNDLES', '3 BUNDLES', 'O.U.I.<div>SIBU</div><div>1 RED</div><div>PAINT ON BOTH ENDS</div>', 'General', NULL, 'STC. HOLLOW SECTION PIPES', 'General', 4.83, 'MT', 4.83, NULL, NULL, NULL, NULL, '2019-04-15 07:26:15', '2019-04-22 06:04:00'),
(109, 86, 'PGS100979', 9, 'BUNDLES', '9 BUNDLES', NULL, 'General', NULL, 'STC. BLACK PIPES', 'General', 9.47, 'MT', 9.47, NULL, '<div>==========</div><div>12 BUNDLES</div><div>==========</div>HS CODE: 730630<br><br>SHIPPER\'S COUNT &amp; DECLARATION<br><br>CMRF @ RM1.00 PER M3/MT TO BE <br>COLLECTED AT DESTINATION', NULL, NULL, '2019-04-15 07:27:09', '2019-04-22 06:04:05'),
(110, 87, 'PGK100989', 5, 'BUNDLES', '5 BUNDLES', 'SENDILAND<div>KUCHING</div><div>I098663/19-1-5</div>', 'General', NULL, 'STC.', 'General', 4.566, 'MT', 4.566, NULL, '<div><br></div>1 BUNDLE BRASS HEXAGON BAR<div>&nbsp; &nbsp; &nbsp; &nbsp; &nbsp; &nbsp; &nbsp; &nbsp; &nbsp;BRASS ROUND BAR</div><div>1 BUNDLE STAINLESS STEEL BOLTS</div><div>&nbsp; &nbsp; &nbsp; &nbsp; &nbsp; &nbsp; &nbsp; &nbsp; &nbsp; &nbsp; STAINLESS STEEL NUTS</div><div>1 BUNDLE STAINLESS STEEL PLATE</div><div>2 BUNDLES STAINLESS STEEL CHEQ PLATE</div><div><br></div><div>HS CODE: 740721<br><br>SHIPPER\'S COUNT &amp; DECLARATION<br><br>CMRF @ RM1.00 PER M3/MT TO BE <br>COLLECTED AT DESTINATION<br></div>', NULL, NULL, '2019-04-15 07:37:11', '2019-04-22 06:04:24'),
(111, 88, 'PGK100929', 46, 'jumbo bags', '46 JUMBO BAGS', 'U C F<div>KUCHING</div>', 'General', NULL, 'STC.', 'General', 55.2, 'MT', 55.2, NULL, '2202 BAGS X 25 KG WHEAT FLOUR<div>&nbsp; &nbsp; &nbsp; 6 BAGS X 25 KG WHEAT MEAL</div><div><br></div><div>HS CODE: 110100 &amp; 110311<br><br>SHIPPER\'S COUNT &amp; DECLARATION<br><br>CMRF @ RM1.00 PER M3/MT TO BE <br>COLLECTED AT DESTINATION<br></div>', NULL, NULL, '2019-04-15 08:54:25', '2019-04-22 06:08:11'),
(112, 89, 'PGS101009', 6, 'BUNDLES', '6 BUNDLES', 'SYS SIBU<div>WHITE COLOUR</div><div><br></div><div><br></div><div>REMARK:</div><div>10 BUNDLES HOT ROLLED&nbsp;</div><div>STEEL SHEET SLIGHTLY</div><div>RUSTY BEFORE LOADING</div>', 'General', NULL, 'STC. GALVANISED STEEL SHEET', 'General', 12.187, 'MT', 47.915, NULL, NULL, NULL, NULL, '2019-04-16 03:45:17', '2019-04-22 06:07:54'),
(113, 89, 'PGS101009', 13, 'BUNDLES', '13 BUNDLES', NULL, 'General', NULL, 'STC. HOT ROLLED STEEL SHEET', 'General', 27.546, 'MT', 0, NULL, NULL, NULL, NULL, '2019-04-16 03:46:20', '2019-04-20 01:52:36'),
(114, 89, 'PGS101009', 2, 'BUNDLES', '2 BUNDLES', NULL, 'General', NULL, 'STC. CHECKERED PLATE', 'General', 3.52, 'MT', 0, NULL, NULL, NULL, NULL, '2019-04-16 03:46:38', '2019-04-16 03:46:38'),
(115, 89, 'PGS101009', 2, 'BUNDLES', '2 BUNDLES', NULL, 'General', NULL, 'STC. RECTANGULAR HOLLOW SECTION PIPE', 'General', 2.25, 'MT', 0, NULL, '&nbsp; &nbsp; &nbsp; &nbsp; &nbsp; &nbsp; &nbsp; &nbsp; &nbsp; &nbsp; &nbsp; &nbsp; &nbsp; &nbsp;&amp; M.S ANGLE BAR', NULL, NULL, '2019-04-16 03:47:23', '2019-04-20 01:53:37'),
(116, 89, 'PGS101009', 1, 'BUNDLES', '1 BUNDLES', NULL, 'General', NULL, 'STC. SQUARE HOLLOW SECTION PIPE', 'General', 0.739, 'MT', 0, NULL, NULL, NULL, NULL, '2019-04-16 03:48:06', '2019-04-20 01:52:56'),
(117, 89, 'PGS101009', 1, 'BUNDLES', '1 BUNDLES', NULL, 'General', NULL, 'STC. BATTEN', 'General', 0.822, 'MT', 0, NULL, NULL, NULL, NULL, '2019-04-16 03:48:21', '2019-04-16 03:48:21'),
(118, 89, 'PGS101009', 1, 'BUNDLES', '1 BUNDLES', NULL, 'General', NULL, 'STC. EXP METAL', 'General', 0.851, 'MT', 0, NULL, '=======<div>26 BUNDLES</div><div>=========</div><div><span style=\"line-height: 1.42857;\">HS CODE: &nbsp;7210499100</span><br></div><div>SHIPPER\'S COUNT &amp; DECLARATION<br>CMRF @ RM1.00 PER M3/MT TO BE COLLECTED AT DESTINATION<br></div>', NULL, NULL, '2019-04-16 03:48:55', '2019-04-16 03:50:55'),
(119, 90, 'PGKK100899', 14, 'BUNDLES', '14 BUNDLES', 'T.G.T. K.K.,SABAH<div>RED COLOUR</div><div><br></div><div>REMARK:</div><div>ALL BUNDLES SLIGHTLY</div><div>&nbsp;RUSTY<span style=\"line-height: 1.42857;\">BEFORE LOADING&nbsp;</span></div><div><span style=\"line-height: 1.42857;\">EXCEPT 3 BUNDLES</span></div><div>C.R.POLISH SHAFT</div><div>&nbsp;(27 LGTHS)</div>', 'General', NULL, 'STC. 2432 LGTHS + 100 PCS', 'General', 29.046, 'MT', 29.04, NULL, '<div><br></div>2 BUNDLES M.S.CHANNEL (160 LGTHS)<div>&nbsp; &nbsp; &nbsp; &nbsp; &nbsp; &nbsp; &nbsp; &nbsp; &nbsp; &nbsp; M.S.FLAT BAR (448 LGTHS)</div><div>1 BUNDLE M.S.FLAT BAR (10 LGTHS)</div><div>5 BUNDLES M.S.PLATE (100 PCS)</div><div>3 BUNDLES C.R.POLISH SHAFT (27 LGTHS)</div><div>3 BUNDLES M.S.ANGLE BAR (600 LGTHS)</div><div>&nbsp; &nbsp; &nbsp; &nbsp; &nbsp; &nbsp; &nbsp; &nbsp; &nbsp; &nbsp;M.S.FLAT BAR (1187 LGTHS)</div><div><br></div><div>INVOICE NO: SI00190581</div><div><span style=\"line-height: 1.42857;\">HS CODE: 721590</span><br></div><div><span style=\"line-height: 1.42857;\">SHIPPER\'S COUNT &amp; DECLARATION</span><br></div><div>SABAH PORT SURCHARGE TO BE&nbsp;COLLECTED AT DESTINATION<br></div><div><br></div><div><br></div>', NULL, NULL, '2019-04-16 03:55:59', '2019-04-22 04:56:03'),
(120, 91, 'PGKK101019', 3, 'BUNDLES', '3 BUNDLES', 'TGT K.KINABALU<div>BLUE COLOUR</div>', 'General', NULL, 'STC. EXP METAL', 'General', 2.761, 'MT', 2.761, NULL, NULL, NULL, NULL, '2019-04-16 06:36:11', '2019-04-22 06:42:29');
INSERT INTO `bill_cargos` (`id`, `bl_id`, `bl_no`, `cargo_qty`, `cargo_packing`, `cargo_name`, `markings`, `cargo_nature`, `uncode`, `cargo_desc`, `cargo_type`, `weight`, `weight_unit`, `volume`, `temperature`, `detailed_desc`, `remarks`, `raw_qty`, `created_at`, `updated_at`) VALUES
(121, 91, 'PGKK101019', 2, 'BUNDLES', '2 BUNDLES', NULL, 'General', NULL, 'STC. M.S.FLAT BAR', 'General', 2.628, 'MT', 2.628, NULL, '<div>========</div><div>5 BUNDLES</div><div>==========</div>HS CODE: 731450<br><br>SHIPPER\'S COUNT &amp; DECLARATION<br><br>SABAH PORT SURCHARGE TO BE&nbsp;COLLECTED AT DESTINATION', NULL, NULL, '2019-04-16 06:37:03', '2019-04-22 06:42:35'),
(122, 92, 'PGK101029', 6, 'bundles', '6 BUNDLES', 'CHUN YU KUCHING<div>GREEN COLOUR</div>', 'General', NULL, 'STC. COLD ROLLED STEEL SHEET', 'General', 14.984, 'MT', 14.984, NULL, NULL, NULL, NULL, '2019-04-16 08:31:44', '2019-04-22 06:07:10'),
(123, 92, 'PGK101029', 4, 'BUNDLES', '4 BUNDLES', NULL, 'General', NULL, 'STC. ELECTRO GALVANISED STEEL SHEET', 'General', 9.802, 'MT', 9.802, NULL, '<div>=========</div><div>10 BUNDLES</div><div>=========</div>HS CODE: &nbsp;7209271000<br><br>SHIPPER\'S COUNT &amp; DECLARATION<br><br>CMRF @ RM1.00 PER M3/MT TO BE <br>COLLECTED AT DESTINATION', NULL, NULL, '2019-04-16 08:32:41', '2019-04-22 06:07:17'),
(124, 77, 'PGK100799', 11, 'BUNDLES', '11 BUNDLES', NULL, 'General', NULL, 'STC. HOLLOW SECTION PIPES', 'General', 11.75, 'MT', 11.75, NULL, '<div>=========</div><div>24 BUNDLES</div><div>===========</div><div><span style=\"line-height: 1.42857;\"><br></span></div><div><span style=\"line-height: 1.42857;\">HS CODE: 730630</span><br></div><div><br>SHIPPER\'S COUNT &amp; DECLARATION<br><br>CMRF @ RM1.00 PER M3/MT TO BE <br>COLLECTED AT DESTINATION<br></div>', NULL, NULL, '2019-04-16 08:40:36', '2019-04-22 06:44:11'),
(125, 74, 'PGKK100809', 29, 'BUNDLES', '29 BUNDLES', NULL, 'General', NULL, 'STC. HOLLOW SECTION PIPES', 'General', 35.81, 'MT', 0, NULL, NULL, NULL, NULL, '2019-04-16 08:44:15', '2019-04-16 08:44:15'),
(126, 74, 'PGKK100809', 39, 'BUNDLES', '39 BUNDLES', NULL, 'General', NULL, 'STC. BLACK PIPES', 'General', 38.65, 'MT', 0, NULL, '=============<div>71 BUNDLES</div><div>============</div><div>HS CODE: 730630<br><br>SHIPPER\'S COUNT &amp; DECLARATION<br>SABAH PORT SURCHARGE TO BE&nbsp;COLLECTED AT DESTINATION<br></div>', NULL, NULL, '2019-04-16 08:44:55', '2019-04-16 08:44:55'),
(127, 93, 'PGS100869', 5, 'CRATES', '5 CRATES', 'PANSAR<div>20369570</div><div>SIBU</div><div>(IN DIA)</div>', 'General', NULL, 'STC. 480 PCS UCO SUPERFLEX 2440 X 1220 X 6.0MM', 'General', 25.345, 'MT', 24.65, NULL, NULL, NULL, NULL, '2019-04-17 02:51:04', '2019-04-17 02:51:47'),
(128, 93, 'PGS100869', 5, 'CRATES', '5 CRATES', NULL, 'General', NULL, 'STC. 320 PCS UCO SUPERFLEX 2440 X 1220 X 9.0MM', 'General', 0, 'MT', 0, NULL, '<div>=======</div><div>10 CRATES</div><div>========</div>HS CODE: 681182&nbsp;<br><br>SHIPPER\'S COUNT &amp; DECLARATION<br><br>CMRF @ RM1.00 PER M3/MT TO BE COLLECTED AT DESTINATION', NULL, NULL, '2019-04-17 02:52:21', '2019-04-17 02:52:21'),
(129, 94, 'PGS100879', 10, 'CRATES', '10 CRATES', 'CHEE LIAN<div>CLT-SHR/1563</div><div>SIBU</div><div>(IN DIA)</div>', 'General', NULL, 'STC. 960 PCS UCO SUPERFLEX 2440 X 1220 X 6.0MM', 'General', 47, 'MT', 54.5, NULL, NULL, NULL, NULL, '2019-04-17 02:58:12', '2019-04-17 03:00:32'),
(130, 94, 'PGS100879', 10, 'CRATES', '10 CRATES', NULL, 'General', NULL, 'STC. 480 PCS UCO SUPERFLEX 2440 X 1220 X 12MM', 'General', 0, 'MT', 0, NULL, '========<div>20 CRATES</div><div>========</div><div><br></div><div>HS CODE: 681182<br><br>SHIPPER\'S COUNT &amp; DECLARATION<br><br>CMRF @ RM1.00 PER M3/MT TO BE COLLECTED AT DESTINATION<br></div>', NULL, NULL, '2019-04-17 03:01:21', '2019-04-17 03:01:21'),
(131, 95, 'PGS100999', 7, 'BUNDLES', '7 BUNDLES', 'M.S. SIBU, SARAWAK<div>YELLOW/WHITE COLOUR</div><div><br></div><div><br></div><div>REMARK:</div><div>ALL BUNDLES SLIGHTLY&nbsp;</div><div>RUSTY<span style=\"line-height: 1.42857;\">BEFORE LOADING</span></div>', 'General', NULL, 'STC. 196 LGTHS', 'General', 12.404, 'MT', 12.4, NULL, '<div><br></div>3 BUNDLES M.S.RECT.HOLLOW SECTION (36 LGTHS)<div>1 BUNDLE M.S.CHANNEL (24 LGTHS)</div><div>3 BUNDLES M.S ANGLE BAR (136 LGTHS)</div><div><br></div><div>INVOICE NO. SI00190583</div><div><br></div><div>HS CODE: 721590</div><div><br>SHIPPER\'S COUNT &amp; DECLARATION<br><br>CMRF @ RM1.00 PER M3/MT TO BE COLLECTED AT DESTINATION<br></div>', NULL, NULL, '2019-04-17 03:02:57', '2019-04-22 04:51:34'),
(132, 96, 'PGKK101059', 139, 'BUNDLES', '139 BUNDLES', 'KOZAI<div>KOTA KINABALU</div><div>01-139</div><div><br></div><div>REMARK:</div><div>80 BUNDLES SLIGHTLY RUSTY</div><div>BEFORE LOADING.</div>', 'General', NULL, 'STC. HOT ROLLED STEEL PLATE', 'General', 308.41, 'MT', 308.41, NULL, '<div><br></div><div>HS CODE: 7220119000<br><br>SHIPPER\'S COUNT &amp; DECLARATION<br><br>SABAH PORT SURCHARGE TO BE&nbsp;COLLECTED AT DESTINATION<br></div>', NULL, NULL, '2019-04-17 06:18:40', '2019-04-22 06:41:55'),
(134, 97, 'PGKK101069', 252, 'COILS', '252 COILS', 'TECK GUAN,<div>KK</div><div><br></div><div><br></div><div>SHIPPED ON BOARD</div><div>&nbsp; 22/04/2019</div><div><br></div><div>REMARK:</div><div>40 COILS SLIGHTLY RUSTY</div><div>BEFORE LOADING</div>', 'General', NULL, 'STC. WIRE ROD IN COILS', 'General', 453.349, 'MT', 453.349, NULL, '<div><br></div><div>HS CODE: 721391<br><br>SHIPPER\'S COUNT &amp; DECLARATION<br><br>SABAH PORT SURCHARGE TO BE&nbsp;COLLECTED AT DESTINATION<br></div>', NULL, NULL, '2019-04-18 02:06:37', '2019-04-22 06:41:38'),
(135, 98, 'PGKK101079', 170, 'COILS', '170 COILS', 'ALFA, KK<div><br></div><div>SHIPPED ON BOARD</div><div>&nbsp; &nbsp;22/04/2019</div><div><br></div><div>REMARK:</div><div>30 COILS SLIGHTLY RUSTY</div><div>BEFORE LOADING</div>', 'General', NULL, 'STC. WIRE ROD IN COILS', 'General', 303.431, 'MT', 303.431, NULL, '<div><br></div><div>HS CODE: 721391<br><br>SHIPPER\'S COUNT &amp; DECLARATION<br><br>SABAH PORT SURCHARGE TO BE<br>COLLECTED AT DESTINATION<br></div>', NULL, NULL, '2019-04-18 02:09:50', '2019-04-22 06:41:24'),
(136, 99, 'PGKK101089', 40, 'COILS', '40 COILS', 'KWANG HING HONG, KK<div><br></div><div>SHIPPED ON BOARD</div><div>&nbsp; &nbsp;22/04/2019</div>', 'General', NULL, 'STC. WIRE ROD IN COILS', 'General', 70.618, 'MT', 70.618, NULL, '<div><br></div><div>HS CODE: 721391<br><br>SHIPPER\'S COUNT &amp; DECLARATION<br><br>SABAH PORT SURCHARGE TO BE<br>COLLECTED AT DESTINATION<br></div>', NULL, NULL, '2019-04-18 02:12:07', '2019-04-22 06:40:29'),
(137, 100, 'PGK101099', 114, 'COILS', '114 COILS', 'YUNG KONG,<div>KUCHING</div><div><br></div><div><br></div><div>SHIPPED ON BOARD</div><div>&nbsp; 22/04/2019</div><div><br></div><div>REMARK:</div><div>30 COILS SLIGHTLY RUSTY</div><div>BEFORE LOADING</div>', 'General', NULL, 'STC. WIRE ROD IN COILS', 'General', 203.833, 'MT', 203.833, NULL, '<div><br></div>HS CODE: &nbsp;721391<br><br>SHIPPER\'S COUNT &amp; DECLARATION<br><br>CMRF @ RM1.00 PER M3/MT TO BE <br>COLLECTED AT DESTINATION', NULL, NULL, '2019-04-18 02:14:50', '2019-04-22 06:40:04'),
(138, 101, 'PGKK101109', 35, 'COILS', '35 COILS', 'HONG SING<div>KK</div><div><br></div><div><br></div><div>SHIPPED ON BOARD</div><div>&nbsp;22/04/2019</div>', 'General', NULL, 'STC. WIRE ROD IN COILS', 'General', 62.686, 'MT', 62.686, NULL, '<div><br></div><div>HS CODE: 721391<br><br>SHIPPER\'S COUNT &amp; DECLARATION<br><br>SABAH PORT SURCHARGE TO BE<br>COLLECTED AT DESTINATION<br></div>', NULL, NULL, '2019-04-18 02:17:31', '2019-04-22 06:39:52'),
(139, 102, 'PGK101129', 170, 'BUNDLES', '170 BUNDLES', 'PAINTED YELLOW BOTH END<div><br></div><div><br></div><div>SHIPPED ON BOARD</div><div>&nbsp; 22/04/2019</div>', 'General', NULL, 'STC. WELDABLE REINFORCED STEEL BAR', 'General', 173.83, 'MT', 173.83, NULL, '<div><br></div><div>HS CODE: 721420<br><br>SHIPPER\'S COUNT &amp; DECLARATION<br><br>CMRF @ RM1.00 PER M3/MT TO BE COLLECTED AT DESTINATION<br></div>', NULL, NULL, '2019-04-18 03:55:12', '2019-04-22 06:39:37'),
(140, 103, 'PGK101169', 950, 'BUNDLES', '950 BUNDLES', 'SHIPPED ON BOARD<div>&nbsp; &nbsp;22/04/2019</div><div><span style=\"line-height: 1.42857;\">(COLOUR MARK)</span><br></div><div>BLUE</div><div>BLUE</div><div>BLUE</div><div>BLUE</div><div>RED/BLUE</div><div>RED/BLUE</div><div>RED/BLUE</div><div>RED/BLUE</div><div><br></div><div>HS CODE: 721420<br></div>', 'General', NULL, 'STC. HIGH TENSILE DEFORMED BARS', 'General', 965.17, 'MT', 965.17, NULL, '<div>MS 146:2014 B500B ORDER NO: PO/01002 &amp; PO/01011</div><div><span style=\"line-height: 1.42857;\">SIZE &nbsp; &nbsp; &nbsp; &nbsp;BDLES &nbsp;TOTAL LGTHS &nbsp; WEIGHT</span><br></div><div>T12 &nbsp; &nbsp; &nbsp; &nbsp; &nbsp; &nbsp; 30 &nbsp; &nbsp; &nbsp; &nbsp; &nbsp; &nbsp;2880 &nbsp; &nbsp; &nbsp; &nbsp; &nbsp; &nbsp; 30.690 MT<br>T16 &nbsp; &nbsp; &nbsp; &nbsp; &nbsp; &nbsp; 30 &nbsp; &nbsp; &nbsp; &nbsp; &nbsp; &nbsp;1620 &nbsp; &nbsp; &nbsp; &nbsp; &nbsp; &nbsp; 30.720 MT<br>T20 &nbsp; &nbsp; &nbsp; &nbsp; &nbsp; &nbsp;120 &nbsp; &nbsp; &nbsp; &nbsp; &nbsp; 4080 &nbsp; &nbsp; &nbsp; &nbsp; &nbsp; &nbsp;120.960 MT<br>T25 &nbsp; &nbsp; &nbsp; &nbsp; &nbsp; &nbsp; &nbsp;40 &nbsp; &nbsp; &nbsp; &nbsp; &nbsp; &nbsp; 880 &nbsp; &nbsp; &nbsp; &nbsp; &nbsp; &nbsp; &nbsp;40.640 MT<br></div><div>R8(FLD) &nbsp; &nbsp; &nbsp;10 &nbsp; &nbsp; &nbsp; &nbsp; &nbsp; 2000 &nbsp; &nbsp; &nbsp; &nbsp; &nbsp; &nbsp; &nbsp; 9.480 MT</div><div>T10 &nbsp; &nbsp; &nbsp; &nbsp; &nbsp; &nbsp;100 &nbsp; &nbsp; &nbsp; &nbsp;13800 &nbsp; &nbsp; &nbsp; &nbsp; &nbsp; &nbsp;102.200 MT</div><div>T16 &nbsp; &nbsp; &nbsp; &nbsp; &nbsp; &nbsp; &nbsp;70 &nbsp; &nbsp; &nbsp; &nbsp; &nbsp;3780 &nbsp; &nbsp; &nbsp; &nbsp; &nbsp; &nbsp; &nbsp;71.680 MT</div><div>T25 &nbsp; &nbsp; &nbsp; &nbsp; &nbsp; &nbsp;550 &nbsp; &nbsp; &nbsp; &nbsp;12100 &nbsp; &nbsp; &nbsp; &nbsp; &nbsp; &nbsp;558.800 MT</div><div>=====================================</div><div>&nbsp; &nbsp; &nbsp; &nbsp; &nbsp; &nbsp; &nbsp; &nbsp; &nbsp; 950 &nbsp; &nbsp; &nbsp; &nbsp;41140 &nbsp; &nbsp; &nbsp; &nbsp; &nbsp; 965.170 MT</div><div>======================================</div><div>SHIPPER\'S COUNT &amp; DECLARATION<br>CMRF @ RM1.00 PER M3/MT TO BE COLLECTED AT DESTINATION<br></div>', NULL, NULL, '2019-04-18 09:09:56', '2019-04-22 06:05:57'),
(141, 104, 'PGS101159', 115, 'BUNDLES', '115 BUNDLES', 'SHIPPED ON BOARD<div>&nbsp; 22/04/2019</div><div><br></div><div><br></div><div>(COLOUR MARK)</div><div>ORANGE</div><div>BROWN</div>', 'General', NULL, 'STC. HIGH TENSILE DEFORMED BARS', 'General', 121.4, 'MT', 121.4, NULL, 'MS146:2014 B500B G500<div>ORDER NO: 5438 &amp; 5440</div><div><br></div><div>SIZE &nbsp; &nbsp;BDLES &nbsp; &nbsp;TOTAL LGTHS &nbsp; WEIGHT</div><div>T40 &nbsp; &nbsp; &nbsp; &nbsp;90 &nbsp; &nbsp; &nbsp; &nbsp; &nbsp; &nbsp; &nbsp; &nbsp;810 &nbsp; &nbsp; &nbsp; &nbsp; &nbsp; &nbsp; &nbsp;95.850 MT</div><div>T10 &nbsp; &nbsp; &nbsp; &nbsp;25 &nbsp; &nbsp; &nbsp; &nbsp; &nbsp; &nbsp; &nbsp;3450 &nbsp; &nbsp; &nbsp; &nbsp; &nbsp; &nbsp; &nbsp;25.550 MT</div><div>===================================</div><div>&nbsp; &nbsp; &nbsp; &nbsp; &nbsp; &nbsp; &nbsp;115 &nbsp; &nbsp; &nbsp; &nbsp; &nbsp; &nbsp;4260 &nbsp; &nbsp; &nbsp; &nbsp; &nbsp; &nbsp; 121.400 MT</div><div>=====================================</div><div><br></div><div>HS CODE: &nbsp;721420<br><br>SHIPPER\'S COUNT &amp; DECLARATION<br>CMRF @ RM1.00 PER M3/MT TO BE COLLECTED AT DESTINATION<br></div>', NULL, NULL, '2019-04-18 09:21:35', '2019-04-22 06:05:16'),
(142, 105, 'PGS101149', 252, 'BUNDLES', '252 BUNDLES', 'COLOUR CODE:<div>WHITE</div><div>GREEN</div><div>YELLOW</div><div>YELLOW</div>', 'General', NULL, 'STC. HIGH TENSILE DEFORMED BARS', 'General', 265.008, 'MT', 265.008, NULL, '<div>MS 146:2014 GRADE 500</div><div><br></div><div>2 BUNDLES 2.120MT OF T32MM (WHITE)</div><div>115 BUNDLES 121.900MT OF T32MM (GREEN)</div><div>48 BUNDLES 48.768MT OF T25MM (YELLOW)</div><div>87 BUNDLES 92.220MT OF T32MM (YELLOW)</div><div><br></div><div>HS CODE: 721420<br><br>SHIPPER\'S COUNT &amp; DECLARATION<br>CMRF @ RM1.00 PER M3/MT TO BE COLLECTED AT DESTINATION<br></div>', NULL, NULL, '2019-04-18 09:33:19', '2019-04-22 06:05:04'),
(143, 106, 'PGK101139', 3, 'CRATES', '3 CRATES', 'ZEN BUILDING<div>Z440</div><div>KUCHING</div><div>(IN DIA)</div>', 'General', NULL, 'STC. 300 PCS UCO VISTABORD PINK', 'General', 7.344, 'MT', 7.8, NULL, '&nbsp; &nbsp; &nbsp; &nbsp; &nbsp; &nbsp; &nbsp; &nbsp; &nbsp; &nbsp; &nbsp;2440 X 1220 X 6.0MM<div><br></div><div>HS CODE: 681182<br><br>SHIPPER\'S COUNT &amp; DECLARATION<br><br>CMRF @ RM1.00 PER M3/MT TO BE <br>COLLECTED AT DESTINATION<br></div>', NULL, NULL, '2019-04-19 01:48:00', '2019-04-20 02:20:59'),
(144, 107, 'PGK101189', 200, 'BUNDLES', '200 BUNDLES', 'PAINTED WHITE BOTH END<div><br></div><div><br></div><div>SHIPPED ON BOARD</div><div>&nbsp; 22/04/2019</div>', 'General', NULL, 'STC. WELDABLE REINFORCED STEEL BAR', 'General', 204.07, 'MT', 204.07, NULL, '<div><br></div><div>HS CODE: &nbsp;721420<br><br>SHIPPER\'S COUNT &amp; DECLARATION<br><br>CMRF @ RM1.00 PER M3/MT TO BE COLLECTED AT DESTINATION<br></div>', NULL, NULL, '2019-04-19 08:10:08', '2019-04-22 06:04:37'),
(145, 108, 'PGM101049', 10, 'BUNDLES', '10 BUNDLES', 'SYARIKAT MOH HUAT<div>B01-B10</div><div>MIRI</div><div>SARAWAK</div>', 'General', NULL, 'STC. COLD DRAWN ROUND BAR', 'General', 9.7, 'MT', 2.95, NULL, '<div>HS CODE: 7228501000<br><br>SHIPPER\'S COUNT &amp; DECLARATION<br><br>MIRI SURCHARGE @ RM18.00 &amp; CMRF @ RM1.00 PER M3/MT&nbsp;</div><div>TO BE COLLECTED AT DESTINATION.<br></div><div><br></div><div>MIRI LIGHTERAGE CHARGED FROM MIRI OUTERBAR ONTO</div><div>&nbsp;MPAS WHARF AS TARIFFS BY AUTHORITY CONCERN BASED&nbsp;</div><div>ON PER CBM/1,000 KILOS PAYABLE AT DESTINATION IF ANY.<br></div>', NULL, NULL, '2019-04-19 08:25:30', '2019-04-19 08:27:58'),
(146, 109, 'PGM101179', 58, 'PACKAGES', '58 PACKAGES', 'SISB<div>MIRI</div>', 'General', NULL, 'STC. 57 BUNDLES + 1 CRATE', 'General', 145.4, 'MT', 396.1, NULL, 'YL (MALAYSIA)DUCTILE IRON PIPE TO BS EN 545:2010<br>SOCKET- SPIGOT JOINTS  EXTERNALLY METALLIC ZINC <br>COATED &amp; BITUMINOUS,INTERNALLY  CEMENT MORTAR <br>LINING C/W PUSH IN RUBBER RING.<br>1. DUCTILE IRON PIPE 450MM X 6M (C40) - 200 LTH<div>2. DUCTILE IRON PIPE 300MM X 6M (C40) - 30 LTH</div><div>3. DUCTILE IRON PIPE 500MM X 6M (C30) - 6 LTH</div><div><br></div><div>HS CODE: 730300<br><br>SHIPPER\'S COUNT &amp; DECLARATION<br>MIRI SURCHARGE @ RM18.00 &amp; CMRF @ RM1.00 PER M3/MT&nbsp;</div><div>PREPAID AT PENANG.<br></div><div>MIRI LIGHTERAGE CHARGED FROM MIRI OUTERBAR ONTO</div><div>&nbsp;MPAS WHARF AS TARIFFS BY AUTHORITY CONCERN BASED ON PER CBM/<br>1,000 KILOS PAYABLE AT DESTINATION IF ANY.<br></div>', NULL, NULL, '2019-04-19 08:29:24', '2019-04-26 01:43:28'),
(147, 110, 'PGM101119', 100, 'CRATES', '100 CRATES', 'PANSAR<div>20369828</div><div>20370038</div><div>MIRI</div><div>(IN DIA)</div>', 'General', NULL, 'STC. 25,000 PCS UCO SUPERFLEX', 'General', 194.5, 'MT', 186.8, NULL, '&nbsp; &nbsp; &nbsp; &nbsp; &nbsp; &nbsp; &nbsp; &nbsp; &nbsp; &nbsp; &nbsp; &nbsp; &nbsp; &nbsp; 1220 X 1220 X 3.2MM', NULL, NULL, '2019-04-23 04:42:24', '2019-04-23 04:46:32'),
(148, 110, 'PGM101119', 3, 'CRATES', '3 CRATES', NULL, 'General', NULL, 'STC. 1050 PCS UCO PLANK SHIPLAP SUPERTEX', 'General', 0, 'MT', 0, NULL, '&nbsp; &nbsp; &nbsp; &nbsp; &nbsp; &nbsp; &nbsp; &nbsp; &nbsp; &nbsp; &nbsp; &nbsp; &nbsp; 3660 X 150 X 7.5MM', NULL, NULL, '2019-04-23 04:44:40', '2019-04-23 04:44:40'),
(149, 110, 'PGM101119', 6, 'CRATES', '6 CRATES', NULL, 'General', NULL, 'STC. 2,100 PCS UCO PLANK SHIPLAP SMOOTH', 'General', 0, 'MT', 0, NULL, '&nbsp; &nbsp; &nbsp; &nbsp; &nbsp; &nbsp; &nbsp; &nbsp; &nbsp; &nbsp; &nbsp; &nbsp;3660 X 150 X 7.5MM<div>===========</div><div>109 CRATES</div><div>===========<br><div><span style=\"line-height: 1.42857;\">HS CODE: 681182</span><br></div><div>SHIPPER\'S COUNT &amp; DECLARATION<br>MIRI SURCHARGE @ RM18.00 &amp; CMRF @ RM1.00 PER M3/MT</div><div>TO BE COLLECTED AT DESTINATION.<br></div><div>MIRI LIGHTERAGE CHARGED FROM MIRI OUTERBAR&nbsp;</div><div>ONTO MPAS WHARF AS TARIFFS BY AUTHORITY CONCERN BASED&nbsp;</div><div>ON PER CBM/1,000 KILOS PAYABLE AT DESTINATION IF ANY.<br></div></div>', NULL, NULL, '2019-04-23 04:45:43', '2019-04-23 04:46:51'),
(150, 111, 'PGB101249', 5, 'bundles', '5 BUNDLES', 'F.J<div>BINTULU</div><div>AND/OR 1 RED &amp; 2 YELLOW</div><div>PAINTS ON BOTH ENDS</div><div><br></div><div>REMARK:</div><div>2 BUNDLES SLIGHTLY RUSTY</div><div>BEFORE LOADING</div>', 'General', NULL, 'STC. G.I.PIPES', 'General', 12.5, 'MT', 12, NULL, NULL, NULL, NULL, '2019-04-24 02:34:31', '2019-04-27 02:10:03'),
(151, 111, 'PGB101249', 5, 'BUNDLES', '5 BUNDLES', NULL, 'General', NULL, 'STC. BLACK PIPES', 'General', 0, 'MT', 0, NULL, NULL, NULL, NULL, '2019-04-24 02:36:08', '2019-04-24 02:36:08'),
(152, 111, 'PGB101249', 4, 'BUNDLES', '4 BUNDLES', NULL, 'General', NULL, 'STC. REC.H/SECTION', 'General', 0, 'MT', 0, NULL, '<div>============</div><div>14 BUNDLES</div><div>============</div><div>HS CODE: 730419<br><br>SHIPPER\'S COUNT &amp; DECLARATION<br><br><br></div>', NULL, NULL, '2019-04-24 02:36:39', '2019-04-24 02:37:21'),
(153, 112, 'PGM101389', 114, 'COIL', '114 COIL', 'PAINTED GREEN<div><br></div><div>REMARK:</div><div>ATMOSPHERIC RUST APPEARED</div><div>ON 40 COILS BEFORE LOADING</div><div><br></div><div><br></div><div>SHIPPED ON BOARD</div><div>&nbsp; 27/04/2019</div>', 'General', NULL, 'STC. WIRE ROD GENERAL PURPOSE', 'General', 200.13, 'MT', 200.13, NULL, '<div><br></div><div>HS CODE: 721391<br><br>SHIPPER\'S COUNT &amp; DECLARATION<br><br>MIRI SURCHARGE @ RM18.00 &amp; CMRF @ RM1.00 PER M3/MT</div><div>TO BE COLLECTED AT DESTINATION.<br></div><div>MIRI LIGHTERAGE CHARGED FROM MIRI OUTERBAR ONTO</div><div>&nbsp;MPAS WHARF AS TARIFFS BY AUTHORITY CONCERN BASED ON&nbsp;</div><div>PER CBM/1,000 KILOS PAYABLE AT DESTINATION IF ANY.<br></div>', NULL, NULL, '2019-04-24 02:46:16', '2019-04-29 01:50:04'),
(154, 113, 'PGM101399', 240, 'BUNDLES', '240 BUNDLES', '120 BUNDLES<div>&nbsp;PAINTED&nbsp;<span style=\"line-height: 1.42857;\">YELLOW&nbsp;</span></div><div><span style=\"line-height: 20px;\">120 BUNDLES</span></div><div><span style=\"line-height: 20px;\">PAINTED PINK<br></span><div><div><br></div><div>REMARK:</div><div>ATMOSPHERIC RUST APPEARED</div><div>ON 20 BUNDLES BEFORE LOADING</div><div><br></div><div>SHIPPED ON BOARD</div><div>&nbsp; 27/04/2019</div></div></div>', 'General', NULL, 'STC. WELDABLE REINFORCED STEEL BAR', 'General', 245.64, 'MT', 245.64, NULL, '<div><br></div><div>HS CODE: 721420<br><br>SHIPPER\'S COUNT &amp; DECLARATION<br><br>MIRI SURCHARGE @ RM18.00 &amp; CMRF @ RM1.00 PER</div><div>&nbsp;M3/MT TO BE COLLECTED AT DESTINATION.<br></div><div>MIRI LIGHTERAGE CHARGED FROM MIRI OUTERBAR ONTO&nbsp;</div><div>MPAS WHARF AS TARIFFS BY AUTHORITY CONCERN BASED&nbsp;</div><div>ON PER CBM/1,000 KILOS PAYABLE AT DESTINATION IF ANY.<br></div><div><br></div>', NULL, NULL, '2019-04-24 02:47:11', '2019-04-29 01:50:21'),
(155, 114, 'PGB101419', 145, 'BUNDLES', '145 BUNDLES', '50 BUNDLES PAINTED&nbsp;<div>BLUE BOTH END<div>95 BUNDLES PAINTED&nbsp;</div><div>YELLOW BOTH END</div><div><br></div><div>REMARK:</div><div>ATMOSPHERIC RUST APPEARED</div><div>&nbsp;ON&nbsp;<span style=\"line-height: 1.42857;\">10 BUNDLES BEFORE LOADING.</span></div><div><br></div><div><span style=\"line-height: 1.42857;\"><br></span></div><div><span style=\"line-height: 1.42857;\">SHIPPED ON BOARD</span><br></div><div>&nbsp; &nbsp;27/04/2019</div></div>', 'General', NULL, 'STC. WELDABLE REINFORCED STEEL BAR', 'General', 148.305, 'MT', 148.305, NULL, '<div><br></div><div>HS CODE: 721420<br><br>SHIPPER\'S COUNT &amp; DECLARATION<br><br><br></div>', NULL, NULL, '2019-04-24 02:51:05', '2019-04-29 01:47:35'),
(156, 115, 'PGB101429', 57, 'COILS', '57 COILS', 'PAINTED BLUE<div><br></div><div><br></div><div>REMARK:</div><div>ATMOSHPERIC RUST APPEREAD</div><div>ON 30 COILS BEFORE LOADING</div><div><br></div><div>SHIPPED ON BOARD</div><div>&nbsp; 27/04/2019</div>', 'General', NULL, 'STC. WIRE ROD GENERAL PURPOSE', 'General', 100.48, 'MT', 100.48, NULL, '<div><br></div><div>HS CODE: 721391<br><br>SHIPPER\'S COUNT &amp; DECLARATION<br><br><br></div>', NULL, NULL, '2019-04-24 02:52:47', '2019-04-29 01:48:46'),
(157, 116, 'PGSK101439', 5, 'BUNDLES', '5 BUNDLES', 'WAI KONG HONG<div>G1904-024-1-5</div>', 'General', NULL, 'STC.', 'General', 7.61, 'MT', 7.61, NULL, '<div><br></div><div>1 BDLE STAINLESS STEEL ROUND BAR</div><div>1 BDLE STAINLESS STEEL ANGLE BAR</div><div>1 BDLE HOT DIPPED GALVANIZED STEEL SHEET</div><div>1 BDLE ELECTRO GALVANIZED STEEL SHEET</div><div>1 BDLE HOT ROLLED STEEL SHEET</div><div><br></div><div>HS CODE: 7222309000<br><br>SHIPPER\'S COUNT &amp; DECLARATION<br><br>SABAH PORT SURCHARGE TO BE&nbsp;COLLECTED AT DESTINATION<br></div><div><br></div>', NULL, NULL, '2019-04-24 03:13:22', '2019-05-02 02:55:14'),
(158, 117, 'PGT101369', 5, 'BUNDLES', '5 BUNDLES', 'M.H.H.S.B<div>TAWAU</div><div>1 WHITE &amp; 2 YELLOW</div><div>PAINT ON BOTH ENDS</div><div><br></div><div>REMARK:</div><div>5 BUNDLES BLACK PIPES</div><div>SLIGHTLY RUSTY BEFORE</div><div>LOADING</div>', 'General', NULL, 'STC. BLACK PIPES', 'General', 3.26, 'MT', 18.5, NULL, NULL, NULL, NULL, '2019-04-24 04:21:06', '2019-05-02 03:24:41'),
(159, 117, 'PGT101369', 17, 'BUNDLES', '17 BUNDLES', NULL, 'General', NULL, 'STC. HOLLOW SECTION PIPES', 'General', 15.24, 'MT', 0, NULL, '&nbsp; &nbsp; &nbsp; &nbsp;(PACK WITH 48 LENGTHS 2\" X 2\" X&nbsp;<div>&nbsp; &nbsp; &nbsp; &nbsp;4.8MM ANGLE BAR</div><div>=====</div><div>22 BUNDLES</div><div>=====</div><div><br></div><div>HS CODE: 730630<br><br>SHIPPER\'S COUNT &amp; DECLARATION<br><br>SABAH PORT SURCHARGE TO BE&nbsp;COLLECTED AT DESTINATION<br></div>', NULL, NULL, '2019-04-24 04:23:41', '2019-04-24 04:24:19'),
(160, 118, 'PGSK101219', 3, 'CRATES', '3 CRATES', 'TECK GUAN<div>PGP0037616</div><div>SANDAKAN</div><div>(IN DIA)</div>', 'General', NULL, 'STC. 1,500 PCS UCO SUPERFLEX 1213 X 603 X 3.2MM', 'General', 13.803, 'MT', 14.34, NULL, NULL, NULL, NULL, '2019-04-24 04:25:50', '2019-04-24 04:26:42'),
(161, 118, 'PGSK101219', 3, 'CRATES', '3 CRATES', NULL, 'General', NULL, 'STC. 600 PCS UCO PLANK SEDARTEX UC/UG', 'General', 0, 'MT', 0, NULL, '&nbsp; &nbsp; &nbsp; &nbsp; &nbsp; &nbsp; &nbsp; &nbsp; &nbsp; &nbsp; &nbsp; &nbsp; &nbsp; 3660 X 210 X 7.5MM', NULL, NULL, '2019-04-24 04:27:28', '2019-04-24 04:29:08'),
(162, 118, 'PGSK101219', 2, 'CRATES', '2 CRATES', NULL, 'General', NULL, 'STC. 200 PCS UCO PLANK SUPERTEX SMOOTH', 'General', 0, 'MT', 0, NULL, '&nbsp; &nbsp; &nbsp; &nbsp; &nbsp; &nbsp; &nbsp; &nbsp; &nbsp; &nbsp; &nbsp; &nbsp;3660 X 230 X 9.0MM<div>=========</div><div>8 CRATES</div><div>=========<br><div><br></div><div>HS CODE: 681182<br><br>SHIPPER\'S COUNT &amp; DECLARATION<br><br>SABAH PORT SURCHARGE TO BE&nbsp;COLLECTED AT DESTINATION<br></div></div>', NULL, NULL, '2019-04-24 04:28:11', '2019-04-24 04:28:11'),
(163, 119, 'PGT101359', 2, 'BUNDLES', '2 BUNDLES', 'ASTEEL<div>TAWAU</div><div>3 GREEN &amp; 2 BLUE</div><div>PAINT ON BOTH ENDS</div><div><br></div><div>REMARK:</div><div>ALL BUNDLES SLIGHTLY</div><div>RUSTY BEFORE LOADING</div><div>EXCEPT 4 BUNDLES</div><div>GALVANIZED PIPES</div>', 'General', NULL, 'STC. BLACK PIPES', 'General', 1.71, 'MT', 29.2, NULL, NULL, NULL, NULL, '2019-04-24 04:30:28', '2019-05-02 03:23:47'),
(164, 119, 'PGT101359', 10, 'BUNDLES', '10 BUNDLES', NULL, 'General', NULL, 'STC. HOLLOW SECTION PIPES', 'General', 6.62, 'MT', 0, NULL, NULL, NULL, NULL, '2019-04-24 04:31:14', '2019-04-24 04:31:14'),
(165, 119, 'PGT101359', 4, 'BUNDLES', '4 BUNDLES', NULL, 'General', NULL, 'STC. GALVANIZED PIPES', 'General', 5.11, 'MT', 0, NULL, NULL, NULL, NULL, '2019-04-24 04:31:32', '2019-04-24 04:31:32'),
(166, 119, 'PGT101359', 1, 'BUNDLES', '1 BUNDLES', NULL, 'General', NULL, 'STC. MILD STEEL ANGLE BAR', 'General', 2.08, 'MT', 0, NULL, NULL, NULL, NULL, '2019-04-24 04:31:47', '2019-04-24 04:31:47'),
(167, 119, 'PGT101359', 6, 'BUNDLES', '6 BUNDLES', NULL, 'General', NULL, 'STC. MILD STEEL PLATE', 'General', 13.68, 'MT', 0, NULL, '=========<div>23 BUNDLES</div><div>=========</div><div>HS CODE: 730630<br><br>SHIPPER\'S COUNT &amp; DECLARATION<br><br>SABAH PORT SURCHARGE TO BE&nbsp;COLLECTED AT DESTINATION<br></div>', NULL, NULL, '2019-04-24 04:32:18', '2019-04-24 04:32:18'),
(168, 120, 'PGLD101379', 11, 'BUNDLES', '11 BUNDLES', 'T.G.T<div>LAHAD DATU</div><div>1 BLUE &amp; 2 RED</div><div>PAINT ON BOTH ENDS</div>', 'General', NULL, 'STC. GALVANIZED PIPES', 'General', 10.58, 'MT', 10.58, NULL, NULL, NULL, NULL, '2019-04-24 04:33:17', '2019-05-02 04:41:49'),
(169, 120, 'PGLD101379', 3, 'BUNDLE', '3 BUNDLE', NULL, 'General', NULL, 'STC. HOLLOW SECTION PIPES', 'General', 4.27, 'MT', 4.27, NULL, '========<div>14 BUNDLES</div><div>========</div><div>HS CODE: 730630<br><br>SHIPPER\'S COUNT &amp; DECLARATION<br><br>SABAH PORT SURCHARGE TO BE&nbsp;COLLECTED AT DESTINATION<br></div>', NULL, NULL, '2019-04-24 04:35:28', '2019-05-02 03:02:05'),
(170, 121, 'PGK101349', 57, 'JUMBO BAGS', '57 JUMBO BAGS', 'U C F<div>KUCHING</div>', 'General', NULL, 'STC.', 'General', 68.4, 'MT', 68.4, NULL, '2730 BAGS X 25 KG WHEAT FLOUR<div>&nbsp; &nbsp; &nbsp; 6 BAGS X 25 KG WHEAT MEAL</div><div><br></div><div>HS CODE: 110100 &amp; 110311<br><br>SHIPPER\'S COUNT &amp; DECLARATION<br><br>CMRF @ RM1.00 PER M3/MT TO BE COLLECTED AT DESTINATION<br></div>', NULL, NULL, '2019-04-24 04:36:16', '2019-05-02 03:01:01'),
(171, 122, 'PGT101239', 3, 'CRATES', '3 CRATES', 'TECK GUAN<div>PGP0039551</div><div>TAWAU</div><div>(IN DIA)</div>', 'General', NULL, 'STC. 108 PCS UCO SUPERFLEX 2440 X 1220 X 15MM', 'General', 7.659, 'MT', 7.02, NULL, '<div><br></div><div>HS CODE: 681182<br><br>SHIPPER\'S COUNT &amp; DECLARATION<br><br>SABAH PORT SURCHARGE TO BE&nbsp;COLLECTED AT DESTINATION<br></div>', NULL, NULL, '2019-04-24 04:41:23', '2019-04-24 04:42:01'),
(172, 123, 'PGSK101499', 17, 'BUNDLES', '17 BUNDLES', 'PALUCKY<div>SANDAKAN</div><div>01-17</div><div><br></div><div>MARKING COLOUR:</div><div>BLUE/GREEN/RED PAINT</div><div><br></div><div>REMARK:</div><div>ALL BUNDLES SLIGHTLY</div><div>RUSTY BEFORE LOADING</div>', 'General', NULL, 'STC.', 'General', 35.954, 'MT', 35.954, NULL, '<div><br></div>9 BUNDLES HOT ROLLED STEEL PLATE<div>8 BUNDLES HOT ROLLED CHEQUERED PLATE</div><div><br></div><div>HS CODE: 7220119000<br><br>SHIPPER\'S COUNT &amp; DECLARATION<br><br>SABAH PORT SURCHARGE TO BE&nbsp;COLLECTED AT DESTINATION<br></div>', NULL, NULL, '2019-04-24 04:46:34', '2019-05-02 02:56:46'),
(173, 124, 'PGB101509', 82, 'COILS', '82 COILS', 'WISEBUILD, BINTULU<div><br></div><div><br></div><div>SHIPPED ON BOARD</div><div>&nbsp; 27/04/2019</div>', 'General', NULL, 'STC. WIRE ROD IN COILS', 'General', 146.424, 'MT', 146.424, NULL, '<div><br></div><div>HS CODE: 721391<br><br>SHIPPER\'S COUNT &amp; DECLARATION<br><br><br></div>', NULL, NULL, '2019-04-24 06:03:09', '2019-04-29 01:49:05'),
(174, 125, 'PGB101519', 230, 'BUNDLES', '230 BUNDLES', 'SHIPPED ON BOARD<div>&nbsp; &nbsp;27/04/2019</div><div>HS CODE: 721420<br></div><div>SHIPPER\'S COUNT &amp; DECLARATION<br></div><div>(COLOUR MARK)</div><div>RED</div><div>RED</div><div>RED</div><div>BLUE</div><div>BLUE</div><div>BLUE</div><div>YELLOW</div><div>YELLOW</div><div>REMARK:&nbsp;</div><div>30 BUNDLES&nbsp;<span style=\"line-height: 1.42857;\">SLIGHTLY&nbsp;</span><span style=\"line-height: 1.42857;\">RUSTY&nbsp;</span></div><div><span style=\"line-height: 1.42857;\">BEFORE LOADING</span></div>', 'General', NULL, 'STC. HIGH TENSILE DEFORMED BARS', 'General', 234.645, 'MT', 234.645, NULL, 'MS146:2014 B500B AND ROUND BAR G250<div>ORDER NO: 5445 &amp; 5450</div><div><br></div><div><div>SIZE &nbsp; &nbsp; &nbsp; &nbsp; BDLES &nbsp; &nbsp; &nbsp;TOTAL LGTHS &nbsp; &nbsp; WEIGHT</div><div>T10 &nbsp; &nbsp; &nbsp; &nbsp; &nbsp; &nbsp; 50 &nbsp; &nbsp; &nbsp; &nbsp; &nbsp; &nbsp; &nbsp; &nbsp; 6900 &nbsp; &nbsp; &nbsp; &nbsp; &nbsp; &nbsp; 51.100 MT</div></div><div>T16 &nbsp; &nbsp; &nbsp; &nbsp; &nbsp; &nbsp; 25 &nbsp; &nbsp; &nbsp; &nbsp; &nbsp; &nbsp; &nbsp; &nbsp; 1350 &nbsp; &nbsp; &nbsp; &nbsp; &nbsp; &nbsp; 25.600 MT</div><div>T25 &nbsp; &nbsp; &nbsp; &nbsp; &nbsp; &nbsp; 30 &nbsp; &nbsp; &nbsp; &nbsp; &nbsp; &nbsp; &nbsp; &nbsp; &nbsp; 660 &nbsp; &nbsp; &nbsp; &nbsp; &nbsp; &nbsp; 30.480 MT</div><div>R10 &nbsp; &nbsp; &nbsp; &nbsp; &nbsp; &nbsp;10 &nbsp; &nbsp; &nbsp; &nbsp; &nbsp; &nbsp; &nbsp; &nbsp; &nbsp;1380 &nbsp; &nbsp; &nbsp; &nbsp; &nbsp; &nbsp; 10.220 MT</div><div>T12 &nbsp; &nbsp; &nbsp; &nbsp; &nbsp; &nbsp;40 &nbsp; &nbsp; &nbsp; &nbsp; &nbsp; &nbsp; &nbsp; &nbsp; &nbsp;3840 &nbsp; &nbsp; &nbsp; &nbsp; &nbsp; &nbsp; 40.920 MT</div><div>T20 &nbsp; &nbsp; &nbsp; &nbsp; &nbsp; &nbsp;25 &nbsp; &nbsp; &nbsp; &nbsp; &nbsp; &nbsp; &nbsp; &nbsp; &nbsp; &nbsp;850 &nbsp; &nbsp; &nbsp; &nbsp; &nbsp; &nbsp; 25.200 MT</div><div>T10(FLD) &nbsp; 25 &nbsp; &nbsp; &nbsp; &nbsp; &nbsp; &nbsp; &nbsp; &nbsp; &nbsp;3450 &nbsp; &nbsp; &nbsp; &nbsp; &nbsp; &nbsp; 25.550 MT</div><div>T12(FLD) &nbsp; 25 &nbsp; &nbsp; &nbsp; &nbsp; &nbsp; &nbsp; &nbsp; &nbsp; &nbsp;2400 &nbsp; &nbsp; &nbsp; &nbsp; &nbsp; &nbsp; 25.575 MT</div><div>========================================</div><div>&nbsp; &nbsp; &nbsp; &nbsp; &nbsp; &nbsp; &nbsp; &nbsp; 230 &nbsp; &nbsp; &nbsp; &nbsp; &nbsp; &nbsp; &nbsp; 20830 &nbsp; &nbsp; &nbsp; &nbsp; &nbsp; &nbsp; 234.645 MT</div><div>=========================================</div>', NULL, NULL, '2019-04-24 06:05:22', '2019-04-29 01:49:23'),
(175, 126, 'PGB101529', 150, 'BUNDLES', '150 BUNDLES', 'SHIPPED ON BOARD<div>&nbsp; &nbsp;27/04/2019</div><div><br></div><div><br></div><div>(COLOUR MARK)</div><div>GREEN</div><div>GREEN</div><div>GREEN</div>', 'General', NULL, 'STC. HIGH TENSILE DEFORMED BARS', 'General', 153.18, 'MT', 153.18, NULL, 'MS146:2014 B500B G500<div>ORDER NO: 5448</div><div><br></div><div>SIZE &nbsp; BDLES &nbsp; TOTAL LGTHS &nbsp; WEIGHT</div><div>T10 &nbsp; &nbsp; &nbsp; &nbsp;60 &nbsp; &nbsp; &nbsp; &nbsp; &nbsp; &nbsp;8280 &nbsp; &nbsp; &nbsp; &nbsp; &nbsp; &nbsp; 61.320 MT</div><div>T12 &nbsp; &nbsp; &nbsp; &nbsp;60 &nbsp; &nbsp; &nbsp; &nbsp; &nbsp; &nbsp;5760 &nbsp; &nbsp; &nbsp; &nbsp; &nbsp; &nbsp; 61.380 MT</div><div>T25 &nbsp; &nbsp; &nbsp; &nbsp;30 &nbsp; &nbsp; &nbsp; &nbsp; &nbsp; &nbsp; &nbsp;660 &nbsp; &nbsp; &nbsp; &nbsp; &nbsp; &nbsp; 30.480 MT</div><div>====================================</div><div>&nbsp; &nbsp; &nbsp; &nbsp; &nbsp; &nbsp; 150 &nbsp; &nbsp; &nbsp; &nbsp; &nbsp;14700 &nbsp; &nbsp; &nbsp; &nbsp; &nbsp; 153.180 MT</div><div>====================================</div><div>HS CODE: 721420<br><br>SHIPPER\'S COUNT &amp; DECLARATION<br></div>', NULL, NULL, '2019-04-24 06:07:29', '2019-04-29 01:49:39'),
(176, 127, 'PGLD101489', 13, 'BUNDLES', '13 BUNDLES', 'K.B.L.D<div>LAHAD DATU</div><div>AND/OR 1 WHITE &amp; 2 YELLOW</div><div>PAINTS ON BOTH END</div>', 'General', NULL, 'STC.', 'General', 12.4, 'MT', 12.4, NULL, '<div><br></div>6 BUNDLES SQ. H/SECTION &nbsp;<div>7 BUNDLES REC.H/SECTION</div><div><br></div><div>**ANGLE BAR 38MMX38MMX2.8MM FOR PACKING PURPOSE</div><div><br></div><div>HS CODE: 730419<br><br>SHIPPER\'S COUNT &amp; DECLARATION<br><br>SABAH PORT SURCHARGE TO BE&nbsp;COLLECTED AT DESTINATION<br></div>', NULL, NULL, '2019-04-24 06:39:12', '2019-05-02 03:14:00'),
(177, 128, 'PGLD101479', 16, 'BUNDLES', '16 BUNDLES', 'L.D.M<div>LAHAD DATU</div><div>AND/OR 1 WHITE &amp; 2 BLUE</div><div>PAINTS ON BOTH ENDS</div><div><br></div><div>REMARK:</div><div>8 BUNDLES BLACK PIPES</div><div>SLIGHTY RUSTY BEFORE</div><div>LOADING</div>', 'General', NULL, 'STC.', 'General', 16.3, 'MT', 16.3, NULL, '<div><br></div><div>8 BUNDLES BLACK PIPES</div><div>8 BUNDLES G.I PIPES</div><div><br></div><div>HS CODE: 730419<br><br>SHIPPER\'S COUNT &amp; DECLARATION<br><br>SABAH PORT SURCHARGE TO BE&nbsp;COLLECTED AT DESTINATION<br></div>', NULL, NULL, '2019-04-24 06:39:50', '2019-05-02 03:04:39'),
(178, 129, 'PGSK101469', 22, 'BUNDLES', '22 BUNDLES', 'J.B<div>SANDAKAN</div><div>AND/OR 1 WHITE &amp; 1 RED</div><div>PAINTS ON BOTH ENDS</div>', 'General', NULL, 'STC. G.I PIPES', 'General', 22.7, 'MT', 22.7, NULL, '<div><br></div><div>HS CODE: 730419<br><br>SHIPPER\'S COUNT &amp; DECLARATION<br><br>SABAH PORT SURCHARGE TO BE<br>COLLECTED AT DESTINATION<br></div>', NULL, NULL, '2019-04-24 06:40:32', '2019-05-02 02:56:08'),
(179, 130, 'PGT101459', 12, 'BUNDLES', '12 BUNDLES', 'T.G.T<div>TAWAU</div><div>AND/OR 1 GREEN &amp; 1 WHITE</div><div>PAINTS ON BOTH ENDS</div>', 'General', NULL, 'STC. G.I.PIPES', 'General', 11.5, 'MT', 11.5, NULL, '<div><br></div><div>HS CODE: 730419<br><br>SHIPPER\'S COUNT &amp; DECLARATION<br><br>SABAH PORT SURCHARGE TO BE<br>COLLECTED AT DESTINATION<br></div>', NULL, NULL, '2019-04-24 06:42:31', '2019-05-02 03:28:46'),
(180, 131, 'PGSK101449', 17, 'BUNDLES', '17 BUNDLES', 'RHSB<div>SANDAKAN</div><div>AND/OR 3 GREEN &amp; 1 WHITE</div><div>PAINTS ON BOTH ENDS</div>', 'General', NULL, 'STC. G.I.PIPES', 'General', 14.2, 'MT', 14.2, NULL, '<div><br></div><div>HS CODE: 730419<br><br>SHIPPER\'S COUNT &amp; DECLARATION<br><br>SABAH PORT SURCHARGE TO BE<br>COLLECTED AT DESTINATION<br></div>', NULL, NULL, '2019-04-24 06:43:17', '2019-05-02 02:55:50'),
(181, 132, 'PGT101549', 14, 'PACKAGES', '14 PACKAGES', 'MH(YELLOW)<div>TM: 36810</div><div>PACKING NO.:1/14-14/14</div><div><br></div><div>REMARK:</div><div>ALL PACKAGES SLIGHTLY</div><div>RUSTY BEFORE LOADING</div>', 'General', NULL, 'STC. 11 BUNDLES & 3 PALLETS', 'General', 26.04, 'MT', 26.04, NULL, '<div><br></div><div>STAINLESS STEEL SHAFT</div><div><div>POLISH SHAFT</div><div>API PIPE – ASTM A106 / A53 / API 5L GR.B</div><div><span style=\"line-height: 1.42857;\">MILD STEEL ANGLE</span></div><div><span style=\"line-height: 1.42857;\">MILD STEEL ANGLE (TURKEY)</span></div><div><span style=\"line-height: 1.42857;\">MILD STEEL UN-EQUAL ANGLE</span></div><div>MILD STEEL CHANNEL</div><div>MILD STEEL PLATE</div><div>MILD STEEL CHEQUERED PLATE</div></div><div><br></div><div>HS CODE: 721691<br><br>SHIPPER\'S COUNT &amp; DECLARATION<br>SABAH PORT SURCHARGE TO BE&nbsp;COLLECTED AT DESTINATION<br></div>', NULL, NULL, '2019-04-25 02:08:27', '2019-05-02 03:29:42'),
(182, 133, 'PGSK101539', 7, 'BUNDLES', '7 BUNDLES', 'PALUCKY<div>(YELLOW/BLUE PAINT)</div><div>TM: 36811</div><div>PACKING NO.: 1/7-7/7</div><div><br></div><div><br></div><div>REMARK:</div><div>ALL BUNDLES SLIGHTLY&nbsp;</div><div>RUSTY BEFORE LOADING</div>', 'General', NULL, 'STC.', 'General', 13.98, 'MT', 13.98, NULL, 'MILD STEEL ANGLE (TAIWAN)<div>MILD STEEL ANGLE</div><div>MILD STEEL UN-EQUAL ANGLE</div><div><br></div><div>HS CODE: 7216919010</div><div><br></div><div>SHIPPER\'S COUNT &amp; DECLARATION<br><br>SABAH PORT SURCHARGE TO BE&nbsp;COLLECTED AT DESTINATION<br></div>', NULL, NULL, '2019-04-25 02:12:44', '2019-05-02 02:57:52'),
(183, 134, 'PGLD101299', 6, 'bundles', '6 BUNDLES', 'U.V. LD.,SABAH<div>PINK / RED COLOUR</div><div><br></div><div><br></div><div>REMARK:</div><div>ALL BUNDLES SLIGHTLY</div><div>RUSTY BEFORE LOADING</div>', 'General', NULL, 'STC. M.S.PLATE (23 LGTHS)', 'General', 12.473, 'MT', 12.47, NULL, '<div><br></div><div>INVOICE NO.: SI00191011</div><div><br></div><div>HS CODE: 721590<br><br>SHIPPER\'S COUNT &amp; DECLARATION<br><br>SABAH PORT SURCHARGE TO BE<br>COLLECTED AT DESTINATION<br></div>', NULL, NULL, '2019-04-25 08:50:04', '2019-05-02 01:38:13'),
(184, 135, 'PGLD101289', 660, 'PACKAGES', '660 PACKAGES', 'L.D.M. L.D.,SABAH<div>YELLOW COLOUR</div><div><br></div><div>HS CODE: &nbsp;721590<br><br>SHIPPER\'S COUNT &amp; DECLARATION<br>SABAH PORT SURCHARGE&nbsp;</div><div>TO BE&nbsp;<span style=\"line-height: 1.42857;\">COLLECTED AT</span></div><div><span style=\"line-height: 1.42857;\">&nbsp;DESTINATION</span></div><div><br></div><div>REMARK: ALL PACKAGES</div><div>SLIGHTLY RUSTY BEFORE</div><div>LOADING</div>', 'General', NULL, 'STC. 7841 LGTHS + 2210 PCS', 'General', 642.706, 'MT', 642.7, NULL, '<div><br></div><div>12 BDLES M.S.I-BEAM (90 LGTHS)</div><div>4 BDLES M.S.RAIL STEEL (141 LGTHS)</div><div>57 BDLES + 450 PCS M.S.PLATE (1910 PCS)</div><div>10 BDLES M.S.FLAT BAR (708 LGTHS)</div><div>39 BDLES M.S.ANGLE BAR (3100 LGTHS)</div><div>7 BDLES M.S.CHANNEL (490 LGTHS)</div><div>&nbsp; &nbsp; &nbsp; &nbsp; &nbsp; &nbsp; &nbsp; &nbsp;M.S.FLAT BAR (372 LGTHS)</div><div>52 BDLES M.S.CHANNEL (2596 LGTHS)</div><div>19 BDLES M.S.CHEQUERED PLATE (300 PCS)</div><div>4 BDLES M.S.SQUARE BAR (80 LGTHS)</div><div>6 BDLES M.S.ROUND BAR (264 LGTHS)</div><div><br></div><div>INVOICE NO. SI00191012 - 1018</div>', NULL, NULL, '2019-04-25 08:52:29', '2019-05-02 02:18:53'),
(185, 136, 'PGLD101619', 2, 'BUNDLES', '2 BUNDLES', 'TGT L DATU<div>WHITE COLOUR</div>', 'General', NULL, 'STC. GALVANISED STEEL SHEET', 'General', 1.493, 'MT', 1.493, NULL, NULL, NULL, NULL, '2019-04-25 09:31:04', '2019-05-02 02:46:26'),
(186, 136, 'PGLD101619', 7, 'BUNDLES', '7 BUNDLES', NULL, 'General', NULL, 'STC. EXP METAL', 'General', 8.283, 'MT', 8.283, NULL, '=========<div>9 BUNDLES</div><div>=========</div><div><br></div><div>HS CODE: 7314500000<br><br>SHIPPER\'S COUNT &amp; DECLARATION<br><br>SABAH PORT SURCHARGE TO BE<br>COLLECTED AT DESTINATION<br></div>', NULL, NULL, '2019-04-25 09:32:06', '2019-05-02 02:46:37'),
(187, 137, 'PGSK101599', 1, 'BUNDLES', '1 BUNDLES', 'TGT SANDAKAN<div>RED COLOUR</div>', 'General', NULL, 'STC. GALVANISED STEEL SHEET', 'General', 0.582, 'MT', 0.582, NULL, NULL, NULL, NULL, '2019-04-25 09:33:03', '2019-05-02 03:20:41'),
(188, 137, 'PGSK101599', 4, 'BUNDLES', '4 BUNDLES', NULL, 'General', NULL, 'STC. EXP METAL', 'General', 4.944, 'MT', 4.944, NULL, '==========<div>5 BUNDLES</div><div>=========</div><div><br></div><div>HS CODE: 7314500000<br><br>SHIPPER\'S COUNT &amp; DECLARATION<br><br>SABAH PORT SURCHARGE TO BE<br>COLLECTED AT DESTINATION<br></div>', NULL, NULL, '2019-04-25 09:34:09', '2019-05-02 03:20:48'),
(189, 138, 'PGT101589', 6, 'BUNDLES', '6 BUNDLES', 'TGT TAWAU<div>YELLOW COLOUR</div>', 'General', NULL, 'STC. GALVANISED STEEL SHEET', 'General', 11.694, 'MT', 15.284, NULL, NULL, NULL, NULL, '2019-04-25 09:35:08', '2019-05-02 03:30:10'),
(190, 138, 'PGT101589', 2, 'BUNDLES', '2 BUNDLES', NULL, 'General', NULL, 'STC. EXP METAL', 'General', 3.59, 'MT', 0, NULL, '==========<div>8 BUNDLES</div><div>==========</div><div><br></div><div>HS CODE: 7210499100<br><br>SHIPPER\'S COUNT &amp; DECLARATION<br><br>SABAH PORT SURCHARGE TO BE<br>COLLECTED AT DESTINATION<br></div>', NULL, NULL, '2019-04-25 09:36:03', '2019-04-25 09:36:03'),
(191, 139, 'PGSK101579', 9, 'BUNDLES', '9 BUNDLES', 'PALUCKY SANDAKAN<div>GREEN COLOUR</div>', 'General', NULL, 'STC. EXP METAL', 'General', 11.296, 'MT', 11.296, NULL, NULL, NULL, NULL, '2019-04-25 09:36:24', '2019-05-02 03:18:22'),
(192, 139, 'PGSK101579', 1, 'BUNDLES', '1 BUNDLES', NULL, 'General', NULL, 'STC. ELECTRO GALVANISED STEEL SHEET', 'General', 1.591, 'MT', 1.591, NULL, NULL, NULL, NULL, '2019-04-25 09:37:07', '2019-05-02 03:18:28'),
(193, 139, 'PGSK101579', 2, 'BUNDLES', '2 BUNDLES', NULL, 'General', NULL, 'STC. GALVANISED STEEL SHEET', 'General', 4.66, 'MT', 4.66, NULL, '<div>===========</div><div>12 BUNDLES</div><div>==========</div><div><span style=\"line-height: 1.42857;\"><br></span></div><div><span style=\"line-height: 1.42857;\">HS CODE: 7314500000</span><br></div><div><br>SHIPPER\'S COUNT &amp; DECLARATION<br><br>SABAH PORT SURCHARGE TO BE<br>COLLECTED AT DESTINATION<br></div>', NULL, NULL, '2019-04-25 09:37:42', '2019-05-02 03:18:36'),
(194, 140, 'PGLD101569', 1, 'UNIT', '1 UNIT', 'PONTIAN FICO PLANTATIONS<div>SDN BHD,</div><div>LAHAD DATU PORT,</div><div>SABAH</div>', 'General', NULL, 'STC. CLUTCH DOOR OF OUTSIDE DIAMETER 2700MM', 'General', 4.365, 'MT', 18.52, NULL, '<div><br></div><div>HS CODE: 840290<br><br>SHIPPER\'S COUNT &amp; DECLARATION<br><br>SABAH PORT SURCHARGE TO BE<br>COLLECTED AT DESTINATION<br></div>', NULL, NULL, '2019-04-26 02:29:52', '2019-04-26 02:32:20'),
(195, 141, 'PGLD101559', 1, 'BUNDLE', '1 BUNDLE', 'UNI-VESSEL ENGINEERING<div>(LAHAD DATU) SDN BHD,</div><div>LAHAD DATU PORT, SABAH.</div>', 'General', NULL, 'STC. 1 UNIT', 'General', 1.445, 'MT', 4.52, NULL, '12MM THK. X 1500MM OD BACK PRESSURE<div>RECEIVER DISH END LINER</div>', NULL, NULL, '2019-04-26 02:34:00', '2019-04-26 02:37:08'),
(196, 141, 'PGLD101559', 1, 'BUNDLE', '1 BUNDLE', NULL, 'General', NULL, 'STC. 2 UNITS', 'General', 0, 'MT', 0, NULL, '8MM THK. X 1220MM OD MILD STEEL DISH END', NULL, NULL, '2019-04-26 02:36:22', '2019-04-26 02:37:15'),
(197, 141, 'PGLD101559', 1, 'BUNDLE', '1 BUNDLE', NULL, 'General', NULL, 'STC. 2 UNITS', 'General', 0, 'MT', 0, NULL, '2100MM DIA X 12MM THK. MS DISH END FULL LINER<div>========</div><div>3 BUNDLES</div><div>========<br><div><br></div><div>HS CODE: 841990<br><br>SHIPPER\'S COUNT &amp; DECLARATION<br><br>SABAH PORT SURCHARGE TO BE<br>COLLECTED AT DESTINATION<br></div></div>', NULL, NULL, '2019-04-26 02:36:59', '2019-04-26 02:38:15'),
(198, 142, 'PGLD101279', 82, 'PACKAGES', '82 PACKAGES', 'T.G.T. L.D.,SABAH<div>RED/ORANGE COLOUR</div><div><br></div><div>REMARK:</div><div>ALL PACKAGES SLIGHTLY</div><div>RUSTY BEFORE LOADING.</div>', 'General', NULL, 'STC. 1378 LGTHS + 510 PCS', 'General', 103.265, 'MT', 103.26, NULL, '<div><br></div><div>18 BUNDLES + 50 PCS M.S.PLATE (510 PCS)</div><div>1 BUNDLE M.S.CHANNEL (140 LGTHS)</div><div>&nbsp; &nbsp; &nbsp; &nbsp; &nbsp; &nbsp; &nbsp; &nbsp; &nbsp;M.S.FLAT BAR (607 LGTHS)</div><div>5 BUNDLES M.S.CHANNEL (224 LGTHS)</div><div>2 BUNDLES M.S.ANGLE BAR (247 LGTHS)</div><div>6 BUNDLES M.S.RECT.HOLLOW SECTION (160 LGTHS)</div><div><br></div><div>INVOICE NO. SI00191019-1022</div><div><br></div><div>HS CODE: 721590<br><br>SHIPPER\'S COUNT &amp; DECLARATION<br>SABAH PORT SURCHARGE TO BE&nbsp;COLLECTED AT DESTINATION<br></div><div>&nbsp; &nbsp; &nbsp; &nbsp; &nbsp; &nbsp; &nbsp; &nbsp; &nbsp; &nbsp;</div>', NULL, NULL, '2019-04-26 03:11:30', '2019-05-02 03:55:19'),
(199, 143, 'PGT101259', 263, 'PACKAGES', '263 PACKAGES', 'H.S. TW.,SABAH<div>ORANG/WHITE COLOUR</div><div><br></div><div>SHIPPER\'S COUNT &amp; DECLARATION<br>SABAH PORT SURCHARGE&nbsp;</div><div>TO BE&nbsp;COLLECTED AT DESTINATION<br></div><div><br></div><div>REMARK: ALL PACKAGES&nbsp;</div><div>SLIGHTLY&nbsp;<span style=\"line-height: 1.42857;\">RUSTY BEFORE&nbsp;</span></div><div><span style=\"line-height: 1.42857;\">LOADING EXCEPT&nbsp;</span><span style=\"line-height: 1.42857;\">22 BUNDLES M.S.RECT.HOLLOW</span></div><div>SECTION (2752 LGTHS)</div>', 'General', NULL, 'STC. 7102 LGTHS + 1070 PCS', 'General', 276.239, 'MT', 276.23, NULL, '<div><br></div><div>26 BUNDLES + 140 PCS M.S.PLATE (890 PCS)</div><div>5 BUNDLES M.S.RECT.HOLLOW SECTION (96 LGTHS)</div><div>&nbsp; &nbsp; &nbsp; &nbsp; &nbsp; &nbsp; &nbsp; &nbsp; &nbsp; &nbsp; M.S.FLAT BAR (1239 LGTHS)</div><div>27 BUNDLES M.S.RECT.HOLLOW SECTION (702 LGTHS)</div><div>22 BUNDLES M.S.RECT.HOLLOW SECTION (2752 LGTHS)</div><div>&nbsp; &nbsp; &nbsp; &nbsp; &nbsp; &nbsp; &nbsp; &nbsp; &nbsp; &nbsp; &nbsp; M.S.ANGLE BAR (88 LGTHS)</div><div>11 BUNDLES M.S.SQUARE HOLLOW SECTION (596 LGTHS)</div><div>6 BUNDLES M.S.ANGLE BAR (504 LGTHS)</div><div>9 BUNDLES M.S.FLAT BAR (565 LGTHS)</div><div>7 BUNDLES M.S.CHEQUERED PLATE (180 PCS)</div><div>10 BUNDLES M.S.CHANNEL (560 LGTHS)</div><div><span style=\"line-height: 1.42857;\">INVOICE NO.: SI00191023-1025</span><br></div><div><span style=\"line-height: 1.42857;\">HS CODE: 721590</span></div>', NULL, NULL, '2019-04-26 03:32:00', '2019-05-02 01:45:20'),
(200, 144, 'PGT101269', 47, 'PACKAGES', '47 PACKAGES', 'T.G.T. TW.,SABAH<div>RED/WHITE COLOUR</div><div><br></div><div>REMARK:</div><div>ALL PACKAGES SLIGHTLY</div><div>RUSTY BEFORE LOADING</div><div>EXCEPT 4 BUNDLES&nbsp;</div><div>C.R.POLISH SHAFT</div><div>(77 LGTHS)</div>', 'General', NULL, 'STC. 1342 LGTHS + 515 PCS', 'General', 66.571, 'MT', 66.57, NULL, '<div><br></div><div>15 BUNDLES + 10 PCS M.S.PLATE (465 PCS)</div><div>1 BUNDLE M.S.I-BEAM (10 LGTHS)</div><div>2 BUNDLES M.S.CHANNEL (160 LGTHS)</div><div>&nbsp; M.S.FLAT BAR (627 LGTHS)</div><div>4 BUNDLES C.R.POLISH SHAFT (77 LGTHS)</div><div>4 BUNDLES M.S.ROUND BAR (164 LGTHS)</div><div>1 BUNDLE M.S.ANGLE BAR (208 LGTHS)</div><div>2 BUNDLES M.S.CHEQUERED PLATE (50 PCS)</div><div>8 BUNDLES M.S.SQUARE HOLLOW SECTION (96 LGTHS)</div><div><br></div><div>INVOICE NO. SI00191029-1031</div><div><span style=\"line-height: 1.42857;\">HS CODE: 721590</span><br></div><div>SHIPPER\'S COUNT &amp; DECLARATION<br>SABAH PORT SURCHARGE TO BE&nbsp;COLLECTED AT DESTINATION<br></div>', NULL, NULL, '2019-04-26 03:38:53', '2019-05-02 02:17:30'),
(201, 145, 'PGK101629', 300, 'BUNDLES', '300 BUNDLES', 'COLOUR CODE:<div>BLUE</div>', 'General', NULL, 'STC. HIGH TENSILE DEFORMED BARS', 'General', 306.7, 'MT', 306.7, NULL, 'MS146:2014 GRADE 500<div><br></div><div>200 B\'DLES 204.400MT OF T10MM</div><div>100 B\'DLES 102.300MT OF T12MM</div><div><br></div><div>HS CODE: 721420<br><br>SHIPPER\'S COUNT &amp; DECLARATION<br><br>CMRF @ RM1.00 PER M3/MT TO BE <br>COLLECTED AT DESTINATION<br></div>', NULL, NULL, '2019-04-26 07:16:26', '2019-05-02 03:01:40'),
(202, 146, 'PGSK101339', 48, 'PACKAGES', '48 PACKAGES', 'S.M. SDK, SABAH<div>YELLOW/PINK COLOUR</div><div><br></div><div>REMARK:</div><div>ALL PACKAGES SLIGHTLY</div><div>RUSTY BEFORE LOADING</div>', 'General', NULL, 'STC. 32 LGTHS + 330 PCS', 'General', 54.526, 'MT', 54.52, NULL, '<div><br></div><div>13 BUNDLES + 30 PCS M.S.PLATE (330 PCS)</div><div>3 BUNDLES M.S.I-BEAM (12 LGTHS)</div><div>2 BUNDLES M.S.CHANNEL (20 LGTHS)</div><div><br></div><div>INVOICE NO. SI00191034</div><div><br></div><div>HS CODE: 721590<br><br>SHIPPER\'S COUNT &amp; DECLARATION<br><br>SABAH PORT SURCHARGE TO BE<br>COLLECTED AT DESTINATION<br></div>', NULL, NULL, '2019-04-27 02:38:39', '2019-05-02 01:42:31'),
(203, 147, 'PGSK101329', 61, 'PACKAGES', '61 PACKAGES', 'S.K.L. SDK.,SABAH<div>ORANGE COLOUR</div><div><br></div><div>REMARK:</div><div>ALL PACKAGES SLIGHTLY</div><div>RUSTY BEFORE LOADING</div><div>EXCEPT 3 BUNDLES</div><div>C.R.POLISH SHAFT</div><div>(8 LGTHS)</div>', 'General', NULL, 'STC. 108 LGTHS + 120 PCS', 'General', 33.647, 'MT', 33.64, NULL, '<div><br></div><div>3 BUNDLES C.R.POLISH SHAFT (8 LGTHS)</div><div>4 BUNDLES M.S.CHEQUERED PLATE (70 PCS)</div><div>3 BUNDLES M.S.FLAT BAR (30 LGTHS)</div><div>1 BUNDLE M.S.ANGLE BAR (10 LGTHS)</div><div>&nbsp; &nbsp; &nbsp; &nbsp; &nbsp; &nbsp; &nbsp; &nbsp; &nbsp;M.S.FLAT BAR (60 LGTHS)</div><div>50 PCS M.S.PLATE (50 PCS)</div><div><br></div><div>INVOICE NO. SI00191035</div><div><br></div><div>HS CODE: 721590<br><br>SHIPPER\'S COUNT &amp; DECLARATION<br><br>SABAH PORT SURCHARGE TO BE<br>COLLECTED AT DESTINATION<br></div>', NULL, NULL, '2019-04-27 02:41:28', '2019-05-02 01:41:51'),
(204, 148, 'PGSK101319', 86, 'PACKAGES', '86 PACKAGES', 'T.G.T SDK.,SABAH<div>RED/BLUE COLOUR</div><div><br></div><div>REMARK:</div><div>ALL PACKAGES SLIGHTLY</div><div>RUSTY BEFORE LOADING</div><div>EXCEPT 1 BUNDLE M.S.</div><div>POLISH SHAFT (20 LGTHS)</div>', 'General', NULL, 'STC. 746 LGTHS + 430 PCS', 'General', 75.336, 'MT', 75.33, NULL, '<div><br></div><div>3 BUNDLES M.S.CHANNEL (176 LGTHS)</div><div>1 BUNDLE M.S.CHANNEL (10 LGTHS)</div><div>&nbsp; &nbsp; &nbsp; &nbsp; &nbsp; &nbsp; &nbsp; &nbsp; &nbsp;M.S.FLAT BAR (480 LGTHS)</div><div>1 BUNDLE M.S.POLISH SHAFT (20 LGTHS)</div><div>1 BUNDLE M.S.FLAT BAR (20 LGTHS)</div><div>1 BUNDLE M.S.UNEQUAL ANGLE BAR (10 LGTHS)</div><div>18 BUNDLES + 60 PCS M.S.PLATE (430 PCS)</div><div>1 BUNDLE M.S.ANGLE BAR (30 LGTHS)</div><div><br></div><div>INVOICE NO. SI00191026-1028</div><div><br></div><div>HS CODE: 721590<br><br>SHIPPER\'S COUNT &amp; DECLARATION<br>SABAH PORT SURCHARGE TO BE&nbsp;COLLECTED AT DESTINATION<br></div>', NULL, NULL, '2019-04-27 02:43:37', '2019-05-02 01:41:12'),
(205, 149, 'PGSK101309', 39, 'BUNDLES', '39 BUNDLES', 'P.S.B. SDK.,SABAH<div>BLUE COLOUR</div><div><br></div><div>REMARK:</div><div>ALL BUNDLES SLIGHTLY</div><div>RUSTY BEFORE LOADING</div><div>EXCEPT 7 BUNDLES M.S.</div><div>GAL. IRON PIPE (140 LGTHS)</div>', 'General', NULL, 'STC. 2010 LGTHS', 'General', 42.787, 'MT', 42.78, NULL, '<div><br></div><div>1 BUNDLE M.S.SQUARE HOLLOW SECTION (30 LGTHS)</div><div>5 BUNDLES M.S.RECT.HOLLOW SECTION (92 LGTHS)</div><div>2 BUNDLES M.S.RECT.HOLLOW SECTION (40 LGTHS)</div><div>&nbsp; &nbsp; &nbsp; &nbsp; &nbsp; &nbsp; &nbsp; &nbsp; &nbsp; &nbsp; M.S.FLAT BAR (1041 LGTHS)</div><div>4 BUNDLES M.S.BLACK PIPE (49 LGTHS)</div><div>20 BUNDLES M.S.FLAT BAR (618 LGTHS)</div><div>7 BUNDLES M.S.GAL IRON PIPE (140 LGTHS)</div><div><br></div><div>INVOICE NO. SI00191032 &amp; 1033</div><div><br></div><div>HS CODE: 730431<br><br>SHIPPER\'S COUNT &amp; DECLARATION<br>SABAH PORT SURCHARGE TO BE&nbsp;COLLECTED AT DESTINATION<br></div>', NULL, NULL, '2019-04-27 02:49:22', '2019-05-02 04:11:35'),
(206, 150, 'PGK101669', 4, 'pallets', '4 PALLETS', 'HAI MING<div>KUCHING</div><div>NO.1-4</div>', 'General', NULL, 'STC.', 'General', 2.62, 'MT', 5.08, NULL, 'CHINESE PLAYING CARDS DOUBLE LION BRAND<div>\"TEOW CHEW\"</div><div><br></div><div>HS CODE: <br><br>SHIPPER\'S COUNT &amp; DECLARATION<br><br>CMRF @ RM1.00 PER M3/MT TO BE <br>COLLECTED AT DESTINATION<br></div>', NULL, NULL, '2019-04-30 04:28:33', '2019-04-30 04:29:42'),
(207, 151, 'PGK101689', 54, 'JUMBO BAGS', '54 JUMBO BAGS', 'U C F<div>KUCHING</div>', 'General', NULL, 'STC.', 'General', 64.8, 'MT', 0, NULL, '2588 BAGS X 25 KG WHEAT FLOUR<div>&nbsp; &nbsp; &nbsp; 4 BAGS X 25 KG WHEAT MEAL</div><div><br></div><div>HS CODE: 110100 &amp; 110311<br><br>SHIPPER\'S COUNT &amp; DECLARATION<br><br>CMRF @ RM1.00 PER M3/MT TO BE <br>COLLECTED AT DESTINATION<br></div>', NULL, NULL, '2019-04-30 09:20:22', '2019-04-30 09:21:09');
INSERT INTO `bill_cargos` (`id`, `bl_id`, `bl_no`, `cargo_qty`, `cargo_packing`, `cargo_name`, `markings`, `cargo_nature`, `uncode`, `cargo_desc`, `cargo_type`, `weight`, `weight_unit`, `volume`, `temperature`, `detailed_desc`, `remarks`, `raw_qty`, `created_at`, `updated_at`) VALUES
(208, 152, 'PGK101729', 8, 'BUNDLES', '8 BUNDLES', 'KCHION KUCHING<div>RED COLOUR</div><div><br></div><div><br></div>', 'General', NULL, 'STC. GALVANISED STEEL SHEET', 'General', 19.401, 'MT', 0, NULL, '<div><br></div><div>HS CODE: 7210499100<br><br>SHIPPER\'S COUNT &amp; DECLARATION<br><br>CMRF @ RM1.00 PER M3/MT TO BE <br>COLLECTED AT DESTINATION<br></div>', NULL, NULL, '2019-05-02 06:30:08', '2019-05-02 06:30:44'),
(209, 153, 'PGK101719', 6, 'BUNDLES', '6 BUNDLES', 'W THAI KUCHING<div>WHITE COLOUR</div>', 'General', NULL, 'STC. M.S. FLAT BAR', 'General', 7.487, 'MT', 0, NULL, NULL, NULL, NULL, '2019-05-02 06:31:26', '2019-05-02 06:31:51'),
(210, 153, 'PGK101719', 4, 'BUNDLES', '4 BUNDLES', NULL, 'General', NULL, 'STC. SQUARE BAR', 'General', 5.44, 'MT', 0, NULL, NULL, NULL, NULL, '2019-05-02 06:32:11', '2019-05-02 06:32:11'),
(211, 153, 'PGK101719', 1, 'BUNDLES', '1 BUNDLES', NULL, 'General', NULL, 'STC. ELECTRO GALVANISED STEEL SHEET', 'General', 2.444, 'MT', 0, NULL, NULL, NULL, NULL, '2019-05-02 06:32:31', '2019-05-02 06:32:31'),
(212, 153, 'PGK101719', 5, 'BUNDLES', '5 BUNDLES', NULL, 'General', NULL, 'STC. EXP METAL', 'General', 5.713, 'MT', 0, NULL, '<div><br></div><div>HS CODE: &nbsp;7214912900<br><br>SHIPPER\'S COUNT &amp; DECLARATION<br><br>CMRF @ RM1.00 PER M3/MT TO BE <br>COLLECTED AT DESTINATION<br></div>', NULL, NULL, '2019-05-02 06:32:56', '2019-05-02 06:32:56'),
(213, 154, 'PGK101699', 22, 'BUNDLES', '22 BUNDLES', 'C.T.S<div>KUCHING</div><div>NO: 1-22</div><div>OR GREEN YELLOW</div>', 'General', NULL, 'STC. HR ANGLE BAR', 'General', 19.294, 'MT', 0, NULL, '<div><br></div><div>HS CODE: &nbsp;721661<br><br>SHIPPER\'S COUNT &amp; DECLARATION<br><br>CMRF @ RM1.00 PER M3/MT TO BE <br>COLLECTED AT DESTINATION<br></div>', NULL, NULL, '2019-05-02 06:33:46', '2019-05-02 06:35:58'),
(214, 155, 'PGK101769', 324, 'COILS', '324 COILS', 'PAINTED BLUE<div><br></div><div><br></div><div>SHIPPED ON BOARD</div><div>&nbsp; &nbsp;XX/05/2019</div>', 'General', NULL, 'STC. WIRE ROD GENERAL PURPOSE', 'General', 567, 'MT', 0, NULL, NULL, NULL, NULL, '2019-05-02 08:52:45', '2019-05-03 03:54:28'),
(215, 156, 'PGK101779', 220, 'BUNDLES', '220 BUNDLES', 'PAINTED YELLOW BOTH END<div><br></div><div><br></div><div>SHIPPED ON BOARD</div><div>&nbsp; XX/05/2019</div>', 'General', NULL, 'STC. WELDABLE REINFORCED STEEL BAR', 'General', 224.94, 'MT', 0, NULL, '<div><br></div><div>HS CODE: 721420<br><br>SHIPPER\'S COUNT &amp; DECLARATION<br><br>CMRF @ RM1.00 PER M3/MT TO BE <br>COLLECTED AT DESTINATION<br></div>', NULL, NULL, '2019-05-02 08:54:47', '2019-05-02 08:55:35'),
(216, 157, 'PGK101789', 250, 'BUNDLES', '250 BUNDLES', 'PAINTED WHITE BOTH END<div><br></div><div><br></div><div>SHIPPED ON BOARD</div><div>&nbsp; XX/05/2019</div>', 'General', NULL, 'STC. WELDABLE REINFORCED STEEL BAR', 'General', 255.65, 'MT', 0, NULL, '<div><br></div><div>HS CODE: &nbsp;721420<br><br>SHIPPER\'S COUNT &amp; DECLARATION<br><br>CMRF @ RM1.00 PER M3/MT TO BE <br>COLLECTED AT DESTINATION<br></div>', NULL, NULL, '2019-05-02 08:57:03', '2019-05-02 08:57:31'),
(217, 155, 'PGK101769', 40, 'BUNDLES', '40 BUNDLES', NULL, 'General', NULL, 'STC. WELDABLE REINFORCED STEEL BAR', 'General', 40.92, 'MT', 0, NULL, '<div>==========</div><div>364</div><div>========</div><div><br></div><div>HS CODE: 721391<br><br>SHIPPER\'S COUNT &amp; DECLARATION<br><br>CMRF @ RM1.00 PER M3/MT TO BE <br>COLLECTED AT DESTINATION<br></div>', NULL, NULL, '2019-05-03 03:55:00', '2019-05-03 03:55:40');

-- --------------------------------------------------------

--
-- Table structure for table `bill_charges`
--

DROP TABLE IF EXISTS `bill_charges`;
CREATE TABLE IF NOT EXISTS `bill_charges` (
  `id` int(10) UNSIGNED NOT NULL AUTO_INCREMENT,
  `bl_no` varchar(191) COLLATE utf8mb4_unicode_ci NOT NULL,
  `charge_code` varchar(191) COLLATE utf8mb4_unicode_ci NOT NULL,
  `charge_unit` varchar(191) COLLATE utf8mb4_unicode_ci NOT NULL,
  `charge_rate` double NOT NULL,
  `charge_payment` varchar(191) COLLATE utf8mb4_unicode_ci NOT NULL,
  `created_at` timestamp NULL DEFAULT NULL,
  `updated_at` timestamp NULL DEFAULT NULL,
  PRIMARY KEY (`id`)
) ENGINE=InnoDB AUTO_INCREMENT=190 DEFAULT CHARSET=utf8mb4 COLLATE=utf8mb4_unicode_ci;

--
-- Dumping data for table `bill_charges`
--

INSERT INTO `bill_charges` (`id`, `bl_no`, `charge_code`, `charge_unit`, `charge_rate`, `charge_payment`, `created_at`, `updated_at`) VALUES
(3, '3', '2', '1-MT', 100, 'P', '2019-02-20 05:03:59', '2019-02-20 05:03:59'),
(4, '2', '2', '1-M3', 100, 'P', '2019-02-20 05:05:21', '2019-02-20 05:05:21'),
(6, '40', '1', '1-SET', 175, 'P', '2019-03-01 07:47:26', '2019-03-01 07:47:26'),
(7, '40', '3', '1-SET', 30, 'P', '2019-03-01 07:47:45', '2019-03-01 07:47:45'),
(8, '39', '2', '1-MT', 145, 'P', '2019-03-01 07:52:23', '2019-03-08 02:18:19'),
(9, '38', '2', '1-MT', 100, 'P', '2019-03-05 06:17:26', '2019-03-05 06:17:26'),
(10, '8', '2', '1-MT', 88, 'P', '2019-03-05 06:39:31', '2019-03-05 06:39:31'),
(11, '9', '2', '1-MT', 103, 'P', '2019-03-05 06:40:12', '2019-03-05 06:40:12'),
(12, '10', '2', '1-MT', 95, 'P', '2019-03-05 06:41:39', '2019-03-05 06:41:39'),
(13, '12', '2', '1-MT', 110, 'P', '2019-03-05 06:42:42', '2019-03-05 06:42:42'),
(14, '15', '2', '1-MT', 110, 'P', '2019-03-05 06:43:56', '2019-03-05 06:43:56'),
(15, '17', '2', '1-M3', 110, 'P', '2019-03-05 06:45:27', '2019-03-05 06:45:27'),
(16, '21', '2', '1-MT', 105, 'P', '2019-03-05 06:46:27', '2019-03-05 06:46:27'),
(17, '29', '2', '1-M3', 115, 'P', '2019-03-05 06:47:09', '2019-03-05 06:47:09'),
(19, '32', '2', '1-MT', 88, 'P', '2019-03-05 06:48:21', '2019-03-05 06:48:21'),
(20, '33', '2', '1-MT', 88, 'P', '2019-03-05 06:48:53', '2019-03-05 06:48:53'),
(21, '34', '2', '1-MT', 88, 'P', '2019-03-05 06:49:17', '2019-03-05 06:49:17'),
(22, '37', '2', '1-MT', 88, 'P', '2019-03-05 06:49:55', '2019-03-05 06:49:55'),
(25, '40', '4', '40-HC', 1994, 'P', '2019-03-05 07:04:23', '2019-03-05 07:04:23'),
(26, '40', '6', '40-HC', 570, 'P', '2019-03-05 07:04:33', '2019-03-05 07:04:33'),
(27, '40', '7', '40-HC', 440, 'P', '2019-03-05 07:04:44', '2019-03-05 07:04:44'),
(28, '40', '2', '40-HC', 963, 'P', '2019-03-05 07:05:25', '2019-03-05 07:05:25'),
(29, '42', '2', '40-HC', 963, 'P', '2019-03-05 07:16:42', '2019-03-05 07:16:42'),
(30, '42', '4', '40-HC', 1994, 'P', '2019-03-05 07:16:55', '2019-03-08 03:08:46'),
(31, '42', '6', '40-HC', 570, 'P', '2019-03-05 07:17:12', '2019-03-05 07:17:12'),
(32, '42', '7', '40-HC', 440, 'P', '2019-03-05 07:17:20', '2019-03-05 07:17:20'),
(33, '43', '2', '40-HC', 963, 'P', '2019-03-05 07:18:49', '2019-03-05 07:18:49'),
(34, '43', '4', '40-HC', 1994, 'P', '2019-03-05 07:18:57', '2019-03-05 07:18:57'),
(35, '43', '6', '40-HC', 570, 'P', '2019-03-05 07:19:04', '2019-03-05 07:19:04'),
(36, '43', '7', '40-HC', 440, 'P', '2019-03-05 07:19:20', '2019-03-05 07:19:20'),
(37, '44', '2', '40-HC', 963, 'P', '2019-03-05 07:20:39', '2019-03-05 07:20:39'),
(38, '44', '4', '40-HC', 1994, 'P', '2019-03-05 07:20:48', '2019-03-05 08:58:47'),
(39, '44', '6', '40-HC', 570, 'P', '2019-03-05 07:20:54', '2019-03-05 08:59:02'),
(40, '44', '7', '40-HC', 440, 'P', '2019-03-05 07:21:00', '2019-03-05 08:58:55'),
(41, '4', '2', '1-MT', 130, 'P', '2019-03-05 07:21:48', '2019-03-05 07:21:48'),
(42, '5', '2', '1-MT', 130, 'P', '2019-03-05 07:22:38', '2019-03-05 07:22:38'),
(43, '13', '2', '1-MT', 130, 'P', '2019-03-05 07:23:11', '2019-03-05 07:23:11'),
(44, '41', '2', '1-MT', 130, 'P', '2019-03-05 07:24:38', '2019-03-05 07:24:38'),
(45, '19', '2', '1-MT', 130, 'P', '2019-03-05 07:25:01', '2019-03-05 07:25:01'),
(46, '20', '2', '1-MT', 130, 'P', '2019-03-05 07:25:28', '2019-03-05 07:25:28'),
(47, '24', '2', '1-MT', 130, 'P', '2019-03-05 07:25:54', '2019-03-05 07:25:54'),
(48, '26', '2', '1-MT', 130, 'P', '2019-03-05 07:26:34', '2019-03-05 07:26:34'),
(49, '28', '2', '1-MT', 130, 'P', '2019-03-05 07:26:56', '2019-03-05 07:26:56'),
(51, '35', '2', '1-MT', 105, 'P', '2019-03-05 07:27:51', '2019-03-05 07:27:51'),
(52, '36', '2', '1-MT', 105, 'P', '2019-03-05 07:28:30', '2019-03-05 07:28:30'),
(54, '44', '1', '1-SET', 175, 'P', '2019-03-07 04:54:04', '2019-03-07 04:54:04'),
(57, '11', '2', '1-UNIT', 3000, 'P', '2019-03-07 05:03:51', '2019-03-07 05:03:51'),
(60, '16', '2', '1-MT', 162, 'P', '2019-03-08 02:14:13', '2019-03-08 02:14:13'),
(61, '6', '2', '1-MT', 147, 'P', '2019-03-08 02:15:10', '2019-03-08 02:15:10'),
(62, '18', '2', '1-MT', 162, 'P', '2019-03-08 02:15:44', '2019-03-08 02:15:44'),
(63, '22', '2', '1-MT', 155, 'P', '2019-03-08 02:16:31', '2019-03-08 02:16:31'),
(64, '23', '2', '1-MT', 155, 'P', '2019-03-08 02:17:04', '2019-03-08 02:17:04'),
(65, '25', '2', '1-MT', 162, 'P', '2019-03-08 02:17:20', '2019-03-08 02:17:20'),
(66, '27', '2', '1-MT', 162, 'P', '2019-03-08 02:17:42', '2019-03-08 02:17:42'),
(67, '45', '2', '20-GP', 550, 'P', '2019-03-08 02:41:54', '2019-03-08 02:41:54'),
(68, '45', '4', '20-GP', 997, 'P', '2019-03-08 02:42:33', '2019-03-08 02:42:33'),
(69, '45', '6', '20-GP', 375, 'P', '2019-03-08 02:42:44', '2019-03-08 02:42:44'),
(70, '45', '7', '20-GP', 295, 'C', '2019-03-08 02:42:55', '2019-03-08 02:42:55'),
(71, '46', '2', '20-GP', 550, 'P', '2019-03-08 02:45:09', '2019-03-08 02:45:09'),
(72, '46', '4', '20-GP', 997, 'P', '2019-03-08 02:45:17', '2019-03-08 02:45:17'),
(73, '46', '6', '20-GP', 375, 'P', '2019-03-08 02:45:27', '2019-03-08 02:45:27'),
(74, '46', '7', '20-GP', 295, 'C', '2019-03-08 02:45:39', '2019-03-08 02:45:39'),
(76, '11', '2', '1-SET', 10, 'P', '2019-03-08 02:58:33', '2019-03-08 02:58:33'),
(77, '31', '2', '1-SET', 135, 'P', '2019-03-08 03:03:20', '2019-03-08 03:03:20'),
(78, '30', '2', '1-SET', 115, 'P', '2019-03-08 03:03:57', '2019-03-08 03:03:57'),
(80, '50', '2', '1-MT', 110, 'P', '2019-04-11 07:12:06', '2019-04-11 07:12:06'),
(81, '51', '2', '1-M3', 100, 'P', '2019-04-11 07:12:38', '2019-04-11 07:12:38'),
(82, '56', '2', '1-M3', 110, 'P', '2019-04-11 07:13:48', '2019-04-12 02:12:48'),
(83, '62', '2', '1-MT', 103, 'P', '2019-04-11 07:14:50', '2019-04-11 07:14:50'),
(84, '66', '2', '1-MT', 88, 'P', '2019-04-11 07:15:17', '2019-04-11 07:15:17'),
(85, '67', '2', '1-MT', 88, 'P', '2019-04-11 07:15:39', '2019-04-11 07:15:39'),
(86, '68', '2', '1-MT', 88, 'P', '2019-04-11 07:15:53', '2019-04-11 07:15:53'),
(87, '69', '2', '1-MT', 88, 'P', '2019-04-11 07:16:55', '2019-04-11 07:16:55'),
(88, '70', '2', '1-MT', 88, 'P', '2019-04-11 07:17:08', '2019-04-11 07:17:08'),
(89, '72', '2', '1-MT', 103, 'P', '2019-04-11 07:17:21', '2019-04-11 07:17:21'),
(90, '48', '2', '1-M3', 120, 'P', '2019-04-11 07:18:51', '2019-04-12 06:43:03'),
(92, '49', '2', '1-M3', 142, 'P', '2019-04-11 07:23:33', '2019-04-12 06:43:27'),
(94, '55', '2', '1-M3', 142, 'P', '2019-04-11 08:35:23', '2019-04-12 06:46:59'),
(96, '52', '2', '1-MT', 137, 'P', '2019-04-11 08:44:28', '2019-04-12 06:44:21'),
(98, '54', '2', '1-MT', 137, 'P', '2019-04-11 08:54:18', '2019-04-12 06:46:10'),
(100, '53', '2', '1-MT', 137, 'P', '2019-04-11 08:54:49', '2019-04-12 06:46:32'),
(102, '71', '2', '1-MT', 112, 'P', '2019-04-11 08:55:14', '2019-04-12 06:47:51'),
(104, '60', '2', '1-MT', 137, 'P', '2019-04-11 08:55:34', '2019-04-12 06:47:23'),
(106, '57', '2', '1-MT', 120, 'P', '2019-04-11 08:55:58', '2019-04-11 08:55:58'),
(107, '58', '2', '1-MT', 115, 'P', '2019-04-11 08:56:14', '2019-04-11 08:56:14'),
(108, '59', '2', '1-MT', 115, 'P', '2019-04-11 08:56:28', '2019-04-11 08:56:28'),
(109, '61', '2', '1-MT', 120, 'P', '2019-04-11 08:56:44', '2019-04-11 08:56:44'),
(110, '63', '2', '1-MT', 94, 'P', '2019-04-11 08:56:59', '2019-04-11 08:56:59'),
(111, '64', '2', '1-MT', 94, 'P', '2019-04-11 08:57:12', '2019-04-11 08:57:12'),
(112, '65', '2', '1-MT', 98, 'P', '2019-04-11 08:57:24', '2019-04-11 08:57:24'),
(113, '102', '2', '1-MT', 88, 'P', '2019-04-19 08:37:09', '2019-04-19 08:37:09'),
(114, '101', '2', '1-MT', 112, 'P', '2019-04-19 08:37:24', '2019-04-19 08:37:24'),
(115, '100', '2', '1-MT', 88, 'P', '2019-04-19 08:37:53', '2019-04-19 08:37:53'),
(116, '99', '2', '1-MT', 112, 'P', '2019-04-19 08:41:23', '2019-04-19 08:41:23'),
(117, '98', '2', '1-MT', 112, 'P', '2019-04-19 08:41:35', '2019-04-19 08:41:35'),
(118, '97', '2', '1-MT', 112, 'P', '2019-04-19 08:41:49', '2019-04-19 08:41:49'),
(119, '96', '2', '1-MT', 137, 'P', '2019-04-19 08:42:12', '2019-04-19 08:42:12'),
(120, '91', '2', '1-MT', 137, 'P', '2019-04-19 08:43:30', '2019-04-22 04:12:32'),
(121, '90', '2', '1-MT', 132, 'P', '2019-04-19 08:48:03', '2019-04-19 08:48:03'),
(122, '85', '2', '1-MT', 137, 'P', '2019-04-19 08:49:31', '2019-04-19 08:49:31'),
(123, '83', '2', '1-M3', 100, 'P', '2019-04-19 08:50:08', '2019-04-19 08:50:08'),
(124, '82', '2', '1-MT', 110, 'P', '2019-04-19 08:51:59', '2019-04-19 08:51:59'),
(125, '80', '2', '1-MT', 103, 'P', '2019-04-19 08:52:29', '2019-04-19 08:52:29'),
(126, '79', '2', '1-MT', 137, 'P', '2019-04-19 08:53:13', '2019-04-22 04:07:34'),
(127, '78', '2', '1-MT', 110, 'P', '2019-04-19 08:53:35', '2019-04-19 08:53:35'),
(128, '77', '2', '1-MT', 110, 'P', '2019-04-19 08:54:34', '2019-04-19 08:54:34'),
(129, '76', '2', '1-MT', 110, 'P', '2019-04-19 08:54:48', '2019-04-19 08:54:48'),
(130, '75', '2', '1-MT', 110, 'P', '2019-04-19 08:55:03', '2019-04-19 08:55:03'),
(131, '74', '2', '1-MT', 137, 'P', '2019-04-19 08:55:17', '2019-04-22 03:49:26'),
(133, '73', '2', '1-MT', 142, 'P', '2019-04-19 08:56:24', '2019-04-19 08:56:24'),
(134, '107', '2', '1-MT', 88, 'P', '2019-04-22 04:20:06', '2019-04-22 04:20:06'),
(135, '106', '2', '1-M3', 95, 'P', '2019-04-22 04:20:49', '2019-04-22 04:20:49'),
(136, '105', '2', '1-MT', 98, 'P', '2019-04-22 04:21:26', '2019-04-22 04:21:26'),
(137, '104', '2', '1-MT', 98, 'P', '2019-04-22 04:21:45', '2019-04-22 04:21:45'),
(138, '103', '2', '1-MT', 88, 'P', '2019-04-22 04:22:00', '2019-04-22 04:22:00'),
(139, '95', '2', '1-MT', 115, 'P', '2019-04-22 04:22:55', '2019-04-22 04:22:55'),
(140, '94', '2', '1-M3', 99, 'P', '2019-04-22 04:24:39', '2019-04-22 04:24:39'),
(141, '93', '2', '1-MT', 99, 'P', '2019-04-22 04:24:59', '2019-04-22 04:24:59'),
(142, '92', '2', '1-MT', 110, 'P', '2019-04-22 04:25:21', '2019-04-22 04:25:21'),
(143, '89', '2', '1-MT', 120, 'P', '2019-04-22 04:26:36', '2019-04-22 04:26:36'),
(144, '88', '2', '1-MT', 103, 'P', '2019-04-22 04:26:53', '2019-04-22 04:26:53'),
(145, '87', '2', '1-MT', 110, 'P', '2019-04-22 04:28:26', '2019-04-22 04:28:26'),
(146, '86', '2', '1-MT', 120, 'P', '2019-04-22 04:28:57', '2019-04-22 04:28:57'),
(147, '81', '2', '1-M3', 100, 'P', '2019-04-22 04:29:29', '2019-04-22 04:29:29'),
(148, '126', '2', '1-MT', 110, 'P', '2019-04-27 03:02:26', '2019-04-27 03:02:26'),
(149, '125', '2', '1-MT', 110, 'P', '2019-04-27 03:02:49', '2019-04-27 03:02:49'),
(150, '124', '2', '1-MT', 110, 'P', '2019-04-27 03:03:03', '2019-04-27 03:03:03'),
(151, '115', '2', '1-MT', 110, 'P', '2019-04-27 03:03:27', '2019-04-27 03:03:27'),
(152, '114', '2', '1-MT', 110, 'P', '2019-04-27 03:03:43', '2019-04-27 03:03:43'),
(153, '113', '2', '1-MT', 108, 'P', '2019-04-27 03:04:05', '2019-04-27 03:04:05'),
(154, '112', '2', '1-MT', 108, 'P', '2019-04-27 03:04:40', '2019-04-27 03:04:40'),
(155, '111', '2', '1-MT', 130, 'P', '2019-04-27 03:05:03', '2019-04-27 03:05:03'),
(156, '110', '2', '1-MT', 120, 'P', '2019-04-27 03:05:35', '2019-04-27 03:05:35'),
(157, '109', '2', '1-M3', 113, 'P', '2019-04-27 03:06:50', '2019-04-27 03:06:50'),
(158, '108', '2', '1-MT', 130, 'P', '2019-04-27 03:07:51', '2019-04-27 03:07:51'),
(159, '121', '2', '1-MT', 103, 'P', '2019-05-02 02:39:44', '2019-05-02 02:39:44'),
(160, '145', '2', '1-MT', 88, 'P', '2019-05-02 02:40:03', '2019-05-02 02:40:03'),
(161, '120', '2', '1-MT', 172, 'P', '2019-05-02 02:42:09', '2019-05-02 02:42:09'),
(162, '128', '2', '1-MT', 172, 'P', '2019-05-02 02:42:44', '2019-05-02 04:36:42'),
(163, '127', '2', '1-MT', 172, 'P', '2019-05-02 02:43:18', '2019-05-02 04:37:12'),
(164, '141', '2', '1-M3', 172, 'P', '2019-05-02 02:43:59', '2019-05-02 02:43:59'),
(165, '140', '2', '1-M3', 172, 'P', '2019-05-02 02:44:16', '2019-05-02 02:44:16'),
(166, '136', '2', '1-MT', 172, 'P', '2019-05-02 02:46:07', '2019-05-02 02:46:07'),
(167, '118', '2', '1-M3', 147, 'P', '2019-05-02 02:51:45', '2019-05-02 02:51:45'),
(168, '116', '2', '1-MT', 162, 'P', '2019-05-02 02:55:01', '2019-05-02 02:55:01'),
(169, '131', '2', '1-MT', 162, 'P', '2019-05-02 02:55:40', '2019-05-02 02:55:40'),
(170, '129', '2', '1-MT', 162, 'P', '2019-05-02 02:56:16', '2019-05-02 02:56:16'),
(171, '123', '2', '1-MT', 162, 'P', '2019-05-02 02:56:57', '2019-05-02 02:56:57'),
(172, '133', '2', '1-MT', 162, 'P', '2019-05-02 02:57:44', '2019-05-02 02:57:44'),
(173, '139', '2', '1-MT', 162, 'P', '2019-05-02 03:19:08', '2019-05-02 03:19:08'),
(174, '137', '2', '1-MT', 162, 'P', '2019-05-02 03:20:31', '2019-05-02 03:20:31'),
(175, '119', '2', '1-MT', 172, 'P', '2019-05-02 03:24:17', '2019-05-02 03:24:17'),
(176, '117', '2', '1-MT', 172, 'P', '2019-05-02 03:24:32', '2019-05-02 03:24:32'),
(177, '130', '2', '1-MT', 172, 'P', '2019-05-02 03:29:03', '2019-05-02 03:29:03'),
(178, '132', '2', '1-MT', 172, 'P', '2019-05-02 03:29:52', '2019-05-02 03:29:52'),
(179, '138', '2', '1-MT', 172, 'P', '2019-05-02 03:30:28', '2019-05-02 03:30:28'),
(180, '122', '2', '1-MT', 160, 'P', '2019-05-02 03:35:57', '2019-05-02 03:35:57'),
(181, '149', '2', '1-MT', 155, 'P', '2019-05-02 04:17:16', '2019-05-02 04:17:16'),
(182, '148', '2', '1-MT', 155, 'P', '2019-05-02 04:17:32', '2019-05-02 04:17:32'),
(183, '147', '2', '1-MT', 155, 'P', '2019-05-02 04:17:48', '2019-05-02 04:17:48'),
(184, '146', '2', '1-MT', 155, 'P', '2019-05-02 04:18:03', '2019-05-02 04:18:03'),
(185, '134', '2', '1-MT', 167, 'P', '2019-05-02 04:18:46', '2019-05-02 04:18:46'),
(186, '135', '2', '1-MT', 167, 'P', '2019-05-02 04:19:00', '2019-05-02 04:19:00'),
(187, '142', '2', '1-MT', 167, 'P', '2019-05-02 04:19:16', '2019-05-02 04:19:16'),
(188, '143', '2', '1-MT', 167, 'P', '2019-05-02 04:19:56', '2019-05-02 04:19:56'),
(189, '144', '2', '1-MT', 167, 'P', '2019-05-02 04:20:09', '2019-05-02 04:20:09');

-- --------------------------------------------------------

--
-- Table structure for table `bill_ladings`
--

DROP TABLE IF EXISTS `bill_ladings`;
CREATE TABLE IF NOT EXISTS `bill_ladings` (
  `id` int(10) UNSIGNED NOT NULL AUTO_INCREMENT,
  `bc_no` varchar(191) COLLATE utf8mb4_unicode_ci DEFAULT NULL,
  `bl_no` varchar(191) COLLATE utf8mb4_unicode_ci NOT NULL,
  `vessel_id` int(11) NOT NULL,
  `vessel_type` varchar(191) COLLATE utf8mb4_unicode_ci NOT NULL,
  `voyage_id` int(11) NOT NULL,
  `pol_id` int(11) NOT NULL,
  `pol_name` varchar(191) COLLATE utf8mb4_unicode_ci NOT NULL,
  `pod_id` int(11) NOT NULL,
  `pod_name` varchar(191) COLLATE utf8mb4_unicode_ci NOT NULL,
  `fpd_id` int(11) NOT NULL,
  `fpd_name` varchar(191) COLLATE utf8mb4_unicode_ci NOT NULL,
  `shipper_id` int(11) NOT NULL,
  `shipper_name` varchar(191) COLLATE utf8mb4_unicode_ci NOT NULL,
  `shipper_add_id` int(11) NOT NULL,
  `shipper_add` varchar(191) COLLATE utf8mb4_unicode_ci NOT NULL,
  `consignee_id` int(11) NOT NULL,
  `consignee_name` varchar(191) COLLATE utf8mb4_unicode_ci NOT NULL,
  `consignee_add_id` int(11) NOT NULL,
  `consignee_add` varchar(191) COLLATE utf8mb4_unicode_ci NOT NULL,
  `notify_id` int(11) NOT NULL,
  `notify_name` varchar(191) COLLATE utf8mb4_unicode_ci NOT NULL,
  `notify_add_id` int(11) NOT NULL,
  `notify_add` varchar(191) COLLATE utf8mb4_unicode_ci NOT NULL,
  `bl_date` datetime NOT NULL,
  `freight_term` int(11) NOT NULL,
  `cont_ownership` int(11) DEFAULT NULL,
  `telex_status` int(11) NOT NULL,
  `telex_path` varchar(191) COLLATE utf8mb4_unicode_ci DEFAULT NULL,
  `no_of_bl` int(11) NOT NULL,
  `deleted_at` timestamp NULL DEFAULT NULL,
  `created_at` timestamp NULL DEFAULT NULL,
  `updated_at` timestamp NULL DEFAULT NULL,
  PRIMARY KEY (`id`)
) ENGINE=InnoDB AUTO_INCREMENT=158 DEFAULT CHARSET=utf8mb4 COLLATE=utf8mb4_unicode_ci;

--
-- Dumping data for table `bill_ladings`
--

INSERT INTO `bill_ladings` (`id`, `bc_no`, `bl_no`, `vessel_id`, `vessel_type`, `voyage_id`, `pol_id`, `pol_name`, `pod_id`, `pod_name`, `fpd_id`, `fpd_name`, `shipper_id`, `shipper_name`, `shipper_add_id`, `shipper_add`, `consignee_id`, `consignee_name`, `consignee_add_id`, `consignee_add`, `notify_id`, `notify_name`, `notify_add_id`, `notify_add`, `bl_date`, `freight_term`, `cont_ownership`, `telex_status`, `telex_path`, `no_of_bl`, `deleted_at`, `created_at`, `updated_at`) VALUES
(1, '1', 'PGK100019', 1, 'LCL', 1, 1, 'PENANG', 2, 'KUCHING', 2, 'KUCHING', 4, 'YEW LEAN FOUNDRY CO SDN BHD', 5, '2579 LORONG PERUSAHAAN 10, PRAI INDUSRIAL\r\nESTATE, 13600 PRAI, PULAU PINANG, MALAYSIA.', 5, 'SOUTHERNHEM INDUSTRIES SDN. BHD.', 6, 'LOT 1200 BLOCK 7, MTLD JALAN DEMAK LAUT 5,\r\nDEMAK LAUT INDUSTRIAL ESTATE 93050 KUCHING\r\nSARAWAK', 5, 'SOUTHERNHEM INDUSTRIES SDN BHD', 6, 'LOT 1200 BLOCK 7, MTLD JALAN DEMAK LAUT 5,\r\nDEMAK LAUT INDUSTRIAL ESTATE 93050 KUCHING\r\nSARAWAK', '2019-02-11 14:14:14', 0, NULL, 0, NULL, 3, NULL, '2019-02-02 04:57:05', '2019-02-20 06:14:14'),
(2, NULL, 'PGKK100029', 1, 'LCL', 1, 1, 'PENANG', 3, 'KOTA KINABALU', 3, 'KOTA KINABALU', 11, 'UAC BERHAD', 13, 'LEVEL 10, MENARA UAC, NO. 12, JALAN PJU 7/5\r\nMUTIARA DAMANSARA, 47800 PETALING JAYA\r\nSELANGOR DARUL EHSAN', 14, 'TOUPUS PALM OIL MILL SDN BHD', 16, 'LOT NO. 34, (DBKK SHOP 6-0) GROUND FLR, BLOCK\r\nE, TRAMANIS CENTRE, JALAN LINTAS, 88450 KOTA\r\nKINABALU', 14, 'TOUPUS PALM OIL MILL SDN BHD', 16, 'LOT NO. 34, (DBKK SHOP 6-0) GROUND FLR, BLOCK\r\nE, TRAMANIS CENTRE, JALAN LINTAS, 88450 KOTA\r\nKINABALU', '2019-02-11 13:00:13', 1, NULL, 0, NULL, 3, NULL, '2019-02-02 05:06:46', '2019-02-22 05:00:13'),
(3, NULL, 'PGKK100039', 1, 'LCL', 1, 1, 'PENANG', 3, 'KOTA KINABALU', 3, 'KOTA KINABALU', 13, 'UNI-VESSEL ENGINEERING BWORTH SDN BHD', 15, '1564, JALAN TASEK, 14120 SIMPANG AMPAT,\r\nSEBERANG PERAI SELATAN, PULAU PINANG,\r\nWEST MALAYSIA', 14, 'TOUPUS PALM OIL MILL SDN BHD', 16, 'LOT NO. 34, (DBKK SHOP 6-0) GROUND FLR, BLOCK\r\nE, TRAMANIS CENTRE, JALAN LINTAS, 88450 KOTA\r\nKINABALU', 14, 'TOUPUS PALM OIL MILL SDN BHD', 16, 'LOT NO. 34, (DBKK SHOP 6-0) GROUND FLR, BLOCK\r\nE, TRAMANIS CENTRE, JALAN LINTAS, 88450 KOTA\r\nKINABALU', '2019-02-11 14:13:43', 1, NULL, 0, NULL, 3, NULL, '2019-02-02 09:21:34', '2019-02-20 06:13:43'),
(4, '4', 'PGKK100049', 5, 'LCL', 2, 1, 'PENANG', 3, 'KOTA KINABALU', 3, 'KOTA KINABALU', 18, 'HONG BEE HARDWARE CO. SDN BHD', 20, '50-J, PENGKALAN WELD,\r\n10300 PENANG.', 35, 'ASTEEL (SABAH) SDN BHD', 40, 'LOT 10, PACKAGE 1, GENERAL INDUSTRIAL ZONE,\r\nK.M.26, JALAN TUARAN, KOTA KINABALU INDUSTRIALPARK\r\n(KKIP) 88460 KOTA KINABALU, SABAH', 36, 'SAME AS CONSIGNEE', 41, '', '2019-03-02 15:21:24', 0, NULL, 0, NULL, 3, NULL, '2019-02-22 04:01:56', '2019-03-05 07:21:24'),
(5, '5', 'PGKK100059', 5, 'LCL', 2, 1, 'PENANG', 3, 'KOTA KINABALU', 3, 'KOTA KINABALU', 18, 'HONG BEE HARDWARE CO. SDN BHD', 20, '50-J, PENGKALAN WELD,\r\n10300 PENANG.', 37, 'KOZAI (SABAH) SDN BHD', 42, 'OFF MILE 7, JALAN TUARAN,\r\nP.O.BOX 14443\r\n88850 KOTA KINABALU, SABAH', 36, 'SAME AS CONSIGNEE', 41, '.', '2019-03-02 15:22:19', 0, NULL, 0, NULL, 3, NULL, '2019-02-22 04:13:50', '2019-03-05 07:22:19'),
(6, '3', 'PGSK100069', 5, 'LCL', 2, 1, 'PENANG', 8, 'SANDAKAN', 8, 'SANDAKAN', 11, 'UAC BERHAD', 13, 'LEVEL 10, MENARA UAC, NO. 12, JALAN PJU 7/5\r\nMUTIARA DAMANSARA, 47800 PETALING JAYA\r\nSELANGOR DARUL EHSAN', 38, 'PANSAR COMPANY SDN BHD', 43, 'LOT 7 & 8, BLOCK 7, BANDAR INDAH,\r\nMILE 4, NORTH ROAD, P.O.BOX 1398,\r\n90715 SANDAKAN, SABAH', 36, 'SAME AS CONSIGNEE', 41, '.', '2019-03-02 10:14:57', 0, NULL, 0, NULL, 3, NULL, '2019-02-22 04:24:55', '2019-03-08 02:14:57'),
(7, NULL, 'PGSK100079', 5, 'LCL', 2, 1, 'PENANG', 8, 'SANDAKAN', 8, 'SANDAKAN', 11, 'UAC BERHAD', 13, 'LEVEL 10, MENARA UAC, NO. 12, JALAN PJU 7/5\r\nMUTIARA DAMANSARA, 47800 PETALING JAYA\r\nSELANGOR DARUL EHSAN', 38, 'PANSAR COMPANY SDN BHD', 43, 'LOT 7 & 8, BLOCK 7, BANDAR INDAH,\r\nMILE 4, NORTH ROAD, P.O.BOX 1398,\r\n90715 SANDAKAN, SABAH', 36, 'SAME AS CONSIGNEE', 41, '.', '2019-03-02 12:40:38', 0, NULL, 0, NULL, 3, '2019-02-22 04:51:00', '2019-02-22 04:39:13', '2019-02-22 04:51:00'),
(8, '7', 'PGK100089', 5, 'LCL', 2, 1, 'PENANG', 4, 'KUCHING', 4, 'KUCHING', 2, 'WISEBUILD INDUSTRIES SDN BHD', 25, 'LOT 2598, BLK 32, KEMENA INDUSTRIAL ESTATE,\r\nJLN BINTULU-TATAU, 97000 BINTULU, SARAWAK\r\nON BEHALF OF M/S SOUTHERN STEEL BHD', 3, 'LANDMESH INDUSTRIES SDN BHD', 4, 'LOT 749, BLOCK B, DEMAK LAUT INDUSTRIAL PARK\r\nPHASE 111, JALAN BAKO, MTLD 93050 KUCHING,\r\nSARAWAK.', 40, 'WISEBUILD INDUSTRIES SDN. BHD.', 45, 'LOT 2598, BLOCK 32, KEMENA INDUSTRIAL ESTATE,\r\nJALAN BINTULU-TATAU, 97000 BINTULU, SARAWAK\r\nTEL:086-331071/331072 FAX:086-338073', '2019-03-02 14:38:18', 0, NULL, 0, NULL, 3, NULL, '2019-02-22 04:51:47', '2019-03-05 06:38:18'),
(9, '6', 'PGK100099', 5, 'LCL', 2, 1, 'PENANG', 4, 'KUCHING', 4, 'KUCHING', 16, 'UNITED MALAYAN FLOUR SDN BHD', 18, '4826 JALAN PERMATANG PAUH\r\n13400,\r\nBUTTERWORTH, P.W.', 44, 'UCF (KUCHING) SDN BHD', 49, 'LOT 8275, SUB LOT 47, SECTION 64 2 1/2 MILES,\r\nJALAN PENDING 93450 KUCHING, SARAWAK', 36, 'SAME AS CONSIGNEE', 41, '.', '2019-03-02 14:39:55', 0, NULL, 0, NULL, 3, NULL, '2019-02-22 06:16:28', '2019-03-05 06:39:55'),
(10, '2', 'PGK100109', 5, 'LCL', 2, 1, 'PENANG', 4, 'KUCHING', 4, 'KUCHING', 11, 'UAC BERHAD', 13, 'LEVEL 10, MENARA UAC, NO. 12, JALAN PJU 7/5\r\nMUTIARA DAMANSARA, 47800 PETALING JAYA\r\nSELANGOR DARUL EHSAN', 39, 'ZEN BUILDING MATERIAL SDN BHD', 44, 'NO.113, JALAN ARANG,\r\n93250 KUCHING, SARAWAK.', 36, 'SAME AS CONSIGNEE', 41, '.', '2019-03-02 14:40:52', 0, NULL, 0, NULL, 3, NULL, '2019-02-22 06:17:33', '2019-03-05 06:40:52'),
(11, '11', 'PGK100119', 5, 'LCL', 2, 1, 'PENANG', 4, 'KUCHING', 4, 'KUCHING', 33, 'HS HOHAN COMMERCIAL VEHICLES SDN BHD', 38, 'PMT1280, LRG PERUSAHAAN SG.LOKAN 3\r\nKAWASAN PERUSAHAAN SG.LOKAN\r\n13800 BUTTERWORTH, PENANG', 72, 'HS NGEE HONG ASSEMBLY SDN BHD', 81, 'LOT 1221, SECTION 66, JALAN UTAMA, PENDING\r\nINDUSTRIAL ESTATE 93450 KUCHING, SARAWAK\r\nTEL NO:082-333421 (MR BERNARD LIM)', 36, 'SAME AS CONSIGNEE', 41, '.', '2019-03-02 10:48:16', 0, NULL, 0, NULL, 3, NULL, '2019-02-22 07:59:33', '2019-03-08 02:48:16'),
(12, '12', 'PGK100129', 5, 'LCL', 2, 1, 'PENANG', 4, 'KUCHING', 4, 'KUCHING', 25, 'LEADER STEEL SERVICE CENTRE SDN. BHD.', 30, 'WISMA LEADER STEEL, PLOT 85, LORONG PERUSAHAAN UTAMA,\r\nKAWASAN PERUSAHAAN BUKIT TENGAH, 14000 BUKIT\r\nTENGAH, SEBERANG PERAI TENGAH, PULAU PINANG, MALAYSIA', 10, 'YUNG KONG CO. BHD.', 12, 'WISMA HIT YII NGIIK, 3RD FLOOR, LOT 7573\r\nJALAN KWONG LEE BANK, 93450 KUCHING,\r\nSARAWAK MALAYSIA', 36, 'SAME AS CONSIGNEE', 41, '.', '2019-03-02 14:42:27', 0, NULL, 0, NULL, 3, NULL, '2019-02-23 02:41:00', '2019-03-05 06:42:27'),
(13, '13', 'PGKK100139', 5, 'LCL', 2, 1, 'PENANG', 3, 'KOTA KINABALU', 3, 'KOTA KINABALU', 25, 'LEADER STEEL SERVICE CENTRE SDN. BHD.', 30, 'WISMA LEADER STEEL, PLOT 85, LORONG PERUSAHAAN UTAMA,\r\nKAWASAN PERUSAHAAN BUKIT TENGAH, 14000 BUKIT\r\nTENGAH, SEBERANG PERAI TENGAH, PULAU PINANG, MALAYSIA', 51, 'MENG HENG STEEL ENTERPRISE SDN BHD', 56, 'GRD FLR, BLK F, LOT 32 INANAM NEW TOWNSHIP,\r\nP.O.BOX A-53, INANAM, 89357 KOTA KINABALU\r\nSABAH MALAYSIA', 36, 'SAME AS CONSIGNEE', 41, '.', '2019-03-02 15:22:59', 0, NULL, 0, NULL, 3, NULL, '2019-02-23 02:44:29', '2019-03-05 07:22:59'),
(14, '15', 'PGKK100149', 5, 'LCL', 2, 1, 'PENANG', 3, 'KOTA KINABALU', 3, 'KOTA KINABALU', 50, 'SHIUH DONG INDUSTRIES SDN.BHD.', 55, '60, PRANGIN LANE,\r\n10100 PENANG, MALAYSIA', 37, 'KOZAI (SABAH) SDN BHD', 42, 'PO BOX 14443\r\n88850 KOTA KINABALU,\r\nSABAH', 36, 'SAME AS CONSIGNEE', 41, '.', '2019-03-02 16:34:01', 0, NULL, 0, NULL, 3, '2019-03-05 06:37:27', '2019-02-23 02:50:07', '2019-03-05 06:37:27'),
(15, '16', 'PGK100169', 5, 'LCL', 2, 1, 'PENANG', 4, 'KUCHING', 4, 'KUCHING', 24, 'SOON SOON OILMILLS SDN BHD', 29, '2530, LORONG PERUSAHAAN 10,\r\nPRAI INDUSTRIAL ESTATE,\r\n13600 PRAI, PENANG, MALAYSIA.', 54, 'SEBERANG DISTRIBUTORS SDN BHD', 59, '1ST FLOOR, LOT 2302, A10-2\r\nYOSHI SQUARE, JLN PELABUHAN\r\n93450 KUCHING, SARAWAK', 36, 'SAME AS CONSIGNEE', 41, '.', '2019-03-02 14:42:59', 0, NULL, 0, NULL, 3, NULL, '2019-02-23 02:53:15', '2019-03-05 06:42:59'),
(16, '14', 'PGSK100149', 5, 'LCL', 2, 1, 'PENANG', 8, 'SANDAKAN', 8, 'SANDAKAN', 50, 'SHIUH DONG INDUSTRIES SDN.BHD.', 55, '60, PRANGIN LANE,\r\n10100 PENANG, MALAYSIA', 59, 'PALUCKY SDN BHD', 64, 'LOT 185-187, LORONG SEDCO 7, PHASE 2,\r\nSEDCO LIGHT INDUSTRIAL ESTATE,\r\n90000 SANDAKAN, SABAH', 36, 'SAME AS CONSIGNEE', 41, '.', '2019-03-02 10:12:28', 0, NULL, 0, NULL, 3, NULL, '2019-02-23 02:55:25', '2019-03-08 02:12:28'),
(17, '17', 'PGK100179', 5, 'LCL', 2, 1, 'PENANG', 4, 'KUCHING', 4, 'KUCHING', 4, 'YEW LEAN FOUNDRY CO SDN BHD', 5, '2579 LORONG PERUSAHAAN 10, PRAI INDUSRIAL\r\nESTATE, 13600 PRAI, PULAU PINANG, MALAYSIA.', 5, 'SOUTHERNHEM INDUSTRIES SDN BHD', 6, 'LOT 1200 BLOCK 7, MTLD JALAN DEMAK LAUT 5,\r\nDEMAK LAUT INDUSTRIAL ESTATE 93050 KUCHING\r\nSARAWAK', 36, 'SAME AS CONSIGNEE', 41, '.', '2019-03-02 14:44:34', 0, NULL, 0, NULL, 3, NULL, '2019-02-25 02:50:58', '2019-03-05 06:44:34'),
(18, '18', 'PGSK100189', 5, 'LCL', 2, 1, 'PENANG', 8, 'SANDAKAN', 8, 'SANDAKAN', 29, 'HEAP SING HUAT METALS MACHINERY SDN. BHD.', 34, 'NO.60, LORONG PRANGIN,\r\n10100 PENANG,\r\nMALAYSIA', 59, 'PALUCKY SDN BHD', 64, 'LOT 185-187, LORONG SEDCO 7, PHASE 2,\r\nSEDCO LIGHT INDUSTRIAL ESTATE,\r\n90000 SANDAKAN, SABAH', 36, 'SAME AS CONSIGNEE', 41, '.', '2019-03-02 10:15:34', 0, NULL, 0, NULL, 3, NULL, '2019-02-25 03:08:14', '2019-03-08 02:15:34'),
(19, '19', 'PGKK100199', 5, 'LCL', 2, 1, 'PENANG', 3, 'KOTA KINABALU', 3, 'KOTA KINABALU', 29, 'HEAP SING HUAT METALS MACHINERY SDN. BHD.', 34, 'NO.60, LORONG PRANGIN,\r\n10100 PENANG,\r\nMALAYSIA', 37, 'KOZAI (SABAH) SDN BHD', 42, 'BATU 6.1/2 JALAN TUARAN\r\nP.O.BOX 14443 88850\r\nKOTA KINABALU, SABAH', 36, 'SAME AS CONSIGNEE', 41, '.', '2019-03-02 15:24:51', 0, NULL, 0, NULL, 3, NULL, '2019-02-25 03:09:23', '2019-03-05 07:24:51'),
(20, '20', 'PGKK100209', 5, 'LCL', 2, 1, 'PENANG', 3, 'KOTA KINABALU', 3, 'KOTA KINABALU', 20, 'TASHIN HARDWARE SDN. BHD.', 27, 'PLOT 40, LORONG PERUSAHAAN MAJU 7,\r\nKAWASAN PERUSAHAAN 4,\r\n13600 PRAI, PENANG.', 51, 'MENG HENG STEEL ENTERPRISE SDN BHD', 56, 'CL.015479973, NO 234, MILES 8-1/2, \r\nJALAN TUARAN, KOTA KINABALU,\r\nP.O.BOX A-53, 89357 INANAM KOTA \r\nKINABALU, SABAH', 36, 'SAME AS CONSIGNEE', 41, '.', '2019-03-02 11:55:23', 0, NULL, 0, NULL, 3, NULL, '2019-02-25 04:36:40', '2019-03-30 03:55:23'),
(21, '21', 'PGK100219', 5, 'LCL', 2, 1, 'PENANG', 4, 'KUCHING', 4, 'KUCHING', 31, 'CHUAN WOOI HARDWARE SDN. BHD.', 36, '4944, JALAN SIRAM,\r\n12100 BUTTERWORTH PENANG,\r\nMALAYSIA', 55, 'KION SENG HARDWARE CO. SDN. BHD.', 60, 'LOT 167, JALAN RUMBIA, (P.O.BOX 1079,\r\n93722 KUCHING), 93100 KUCHING,\r\nSARAWAK', 36, 'SAME AS CONSIGNEE', 41, '.', '2019-03-02 14:45:56', 0, NULL, 0, NULL, 3, NULL, '2019-02-25 04:40:40', '2019-03-05 06:45:56'),
(22, '22', 'PGSK100229', 5, 'LCL', 2, 1, 'PENANG', 8, 'SANDAKAN', 8, 'SANDAKAN', 31, 'CHUAN WOOI HARDWARE SDN. BHD.', 36, '4944, JALAN SIRAM,\r\n12100 BUTTERWORTH PENANG,\r\nMALAYSIA', 63, 'TECK GUAN TRADING SDN BHD', 68, 'MILE 7-1/2, JALAN LABUK, W.D.T.NO.173\r\n90009 SANDAKAN, SABAH', 36, 'SAME AS CONSIGNEE', 41, '.', '2019-03-02 10:15:59', 0, NULL, 0, NULL, 3, NULL, '2019-02-25 04:42:07', '2019-03-08 02:15:59'),
(23, '23', 'PGSK100239', 5, 'LCL', 2, 1, 'PENANG', 8, 'SANDAKAN', 8, 'SANDAKAN', 31, 'CHUAN WOOI HARDWARE SDN. BHD.', 36, '4944, JALAN SIRAM,\r\n12100 BUTTERWORTH PENANG,\r\nMALAYSIA', 59, 'PALUCKY SDN BHD', 64, 'LOT 185-187, LORONG SEDCO 7, PHASE 2,\r\nSEDCO LIGHT INDUSTRIAL ESTATE,\r\n90000 SANDAKAN, SABAH', 36, 'SAME AS CONSIGNEE', 41, '.', '2019-03-02 10:16:45', 0, NULL, 0, NULL, 3, NULL, '2019-02-25 04:44:41', '2019-03-08 02:16:45'),
(24, '24', 'PGKK100249', 5, 'LCL', 2, 1, 'PENANG', 3, 'KOTA KINABALU', 3, 'KOTA KINABALU', 19, 'TASHIN STEEL SDN. BHD.', 26, 'PLOT 40, LORONG PERUSAHAAN\r\nMAJU 7, KAWASAN PERUSAHAAN 4,\r\n13600 PRAI, PENANG.', 59, 'PALUCKY SDN BHD', 64, 'LOT 185-187, LORONG SEDCO 7, PHASE 2,\r\nSEDCO LIGHT INDUSTRIAL ESTATE,\r\n90000 SANDAKAN, SABAH', 36, 'SAME AS CONSIGNEE', 41, '', '2019-03-02 15:25:41', 0, NULL, 0, NULL, 3, NULL, '2019-02-25 04:46:11', '2019-03-05 07:25:41'),
(25, '25', 'PGSK100259', 5, 'LCL', 2, 1, 'PENANG', 8, 'SANDAKAN', 8, 'SANDAKAN', 19, 'TASHIN STEEL SDN. BHD.', 26, 'PLOT 40, LORONG PERUSAHAAN\r\nMAJU 7, KAWASAN PERUSAHAAN 4,\r\n13600 PRAI, PENANG.', 59, 'PALUCKY SDN BHD', 64, 'LOT 185-187, LORONG SEDCO 7, PHASE 2,\r\nSEDCO LIGHT INDUSTRIAL ESTATE,\r\n90000 SANDAKAN, SABAH', 36, 'SAME AS CONSIGNEE', 41, '.', '2019-03-02 17:01:09', 0, NULL, 0, NULL, 3, NULL, '2019-02-25 04:47:09', '2019-02-28 09:01:09'),
(26, '26', 'PGKK100269', 5, 'LCL', 2, 1, 'PENANG', 3, 'KOTA KINABALU', 3, 'KOTA KINABALU', 34, 'TRINITY METALS SDN BHD', 39, '8 & 10, LORONG IKS JURU 7,\r\nTAMAN PERINDUSTRIAN RINGAN JURU,\r\n14100 SIMPANG AMPAT, S.P.S. PENANG, MALAYSIA.', 59, 'PALUCKY SDN BHD', 64, 'LOT 185-187, LORONG SEDCO 7, PHASE 2,\r\nSEDCO LIGHT INDUSTRIAL ESTATE,\r\n90000 SANDAKAN, SABAH', 36, 'SAME AS CONSIGNEE', 41, '.', '2019-03-02 15:26:22', 0, NULL, 0, NULL, 3, NULL, '2019-02-25 05:55:51', '2019-03-05 07:26:22'),
(27, '27', 'PGSK100279', 5, 'LCL', 2, 1, 'PENANG', 8, 'SANDAKAN', 8, 'SANDAKAN', 34, 'TRINITY METALS SDN BHD', 39, '8 & 10, LORONG IKS JURU 7,\r\nTAMAN PERINDUSTRIAN RINGAN JURU,\r\n14100 SIMPANG AMPAT, S.P.S. PENANG, MALAYSIA.', 59, 'PALUCKY SDN BHD', 64, 'LOT 185-187, LORONG SEDCO 7, SEDCO LIGHT IND.ESTATE, PHASE 2, PHASE MILE \r\n2 3/4, NORTH ROAD, P.O.BOX NO.1031,\r\n90711 SANDAKAN, SABAH, MALAYSIA\r\nTEL:089-216144 FAX:089-272671', 36, 'SAME AS CONSIGNEE', 41, '.', '2019-03-02 10:17:32', 0, NULL, 0, NULL, 3, NULL, '2019-02-25 06:04:47', '2019-03-08 02:17:32'),
(28, '28', 'PGKK100289', 5, 'LCL', 2, 1, 'PENANG', 3, 'KOTA KINABALU', 3, 'KOTA KINABALU', 17, 'CHEAH HONG INN', 19, '2526, TINGKAT PERUSAHAAN ENAM,\r\nPRAI INDUSTRIAL ESTATE,\r\n13600 PRAI', 60, 'KEH LEN HARDWARE (SABAH) SDN BHD', 65, 'LOT 39 & 40 LORONG PUSAT INDUSTRIAL CENTRE,\r\nKOLOMBONG LIGHT INDUSTRIAL CENTRE,\r\n88450 KOTA KINABALU, SABAH', 36, 'SAME AS CONSIGNEE', 41, '.', '2019-03-02 15:26:44', 0, NULL, 0, NULL, 3, NULL, '2019-02-25 06:24:32', '2019-03-05 07:26:44'),
(29, '29', 'PGK100299', 5, 'LCL', 2, 1, 'PENANG', 4, 'KUCHING', 4, 'KUCHING', 23, 'M S ELEVATORS SDN BHD', 28, '2530, LORONG PERUSAHAAN 10,\r\nPRAI INDUSTRIAL ESTATE,\r\n13600 PRAI, PENANG, MALAYSIA', 56, 'M S ELEVATORS ENGINEERING SDN BHD', 61, '(COMPANY NO:84871-) C/O RB DEVELOPMENT SDN BHD\r\nLOT 372(290 & 378), LOT 373, 374 AND 375, SECTION 54,\r\nKTLD, JALAN PETANAK, KUCHING, SARAWAK', 36, 'SAME AS CONSIGNEE', 41, '.', '2019-03-02 14:46:47', 0, NULL, 0, NULL, 3, NULL, '2019-02-28 04:37:04', '2019-03-05 06:46:47'),
(30, '30', 'PGK100309', 5, 'LCL', 2, 1, 'PENANG', 4, 'KUCHING', 4, 'KUCHING', 23, 'M S ELEVATORS SDN BHD', 28, '2530, LORONG PERUSAHAAN 10,\r\nPRAI INDUSTRIAL ESTATE,\r\n13600 PRAI, PENANG, MALAYSIA', 56, 'M S ELEVATORS ENGINEERING SDN BHD (COMPANY NO:84871-M)', 61, 'LOT 376, PARCEL NO.17, 1ST FLOOR,\r\nSECTION 54, KUCHING TOWN DISTRICT,\r\nDUBS COMMERCIAL/OFFICE CENTRE,\r\nJALAN PETANAK 93100 KUCHING, SARAWAK', 36, 'SAME AS CONSIGNEE', 41, '.', '2019-03-02 14:47:26', 0, NULL, 0, NULL, 3, NULL, '2019-02-28 04:39:00', '2019-03-05 06:47:26'),
(31, '31', 'PGKK100319', 5, 'LCL', 2, 1, 'PENANG', 3, 'KOTA KINABALU', 3, 'KOTA KINABALU', 23, 'M S ELEVATORS SDN BHD', 28, '2530, LORONG PERUSAHAAN 10,\r\nPRAI INDUSTRIAL ESTATE,\r\n13600 PRAI, PENANG, MALAYSIA', 56, 'M S ELEVATORS ENGINEERING SDN BHD (COMPANY NO:84871-M)', 61, 'NO.A2-1, A3-1, BLOCK A, CYBER PERDANA\r\nCOMMERCIAL CENTRE, 88200 PENAMPANG,\r\nKOTA KINABALU, SABAH', 36, 'SAME AS CONSIGNEE', 41, '.', '2019-03-02 15:27:10', 0, NULL, 0, NULL, 3, NULL, '2019-02-28 04:40:28', '2019-03-05 07:27:10'),
(32, '32', 'PGK100329', 5, 'LCL', 2, 1, 'PENANG', 4, 'KUCHING', 4, 'KUCHING', 2, 'WISEBUILD INDUSTRIES SDN BHD', 25, 'LOT 2598, BLK 32, KEMENA INDUSTRIAL ESTATE,\r\nJLN BINTULU-TATAU, 97000 BINTULU, SARAWAK\r\nON BEHALF OF M/S SOUTHERN STEEL BHD', 57, 'SEYI HARDWARE SDN BHD', 62, 'NO.155A, JALAN SEKAMA,\r\n93300 KUCHING, SARAWAK.', 40, 'WISEBUILD INDUSTRIES SDN. BHD.', 45, 'LOT 2598, BLOCK 32, KEMENA INDUSTRIAL ESTATE,\r\nJALAN BINTULU-TATAU, 97000 BINTULU, SARAWAK\r\nTEL:086-331071/331072 FAX:086-338073', '2019-03-02 14:48:07', 0, NULL, 0, NULL, 3, NULL, '2019-02-28 04:42:15', '2019-03-05 06:48:07'),
(33, '33', 'PGK100339', 5, 'LCL', 2, 1, 'PENANG', 4, 'KUCHING', 4, 'KUCHING', 2, 'WISEBUILD INDUSTRIES SDN BHD', 25, 'LOT 2598, BLK 32, KEMENA INDUSTRIAL ESTATE,\r\nJLN BINTULU-TATAU, 97000 BINTULU, SARAWAK\r\nON BEHALF OF M/S SOUTHERN STEEL BHD', 3, 'LANDMESH INDUSTRIES SDN BHD', 4, 'LOT C749, BLOCK B, DEMAK LAUT INDUSTRIAL PARK\r\nPHASE 111, JALAN BAKO, MTLD 93050 KUCHING,\r\nSARAWAK.', 40, 'WISEBUILD INDUSTRIES SDN. BHD.', 45, 'LOT 2598, BLOCK 32, KEMENA INDUSTRIAL ESTATE,\r\nJALAN BINTULU-TATAU, 97000 BINTULU, SARAWAK\r\nTEL:086-331071/331072 FAX:086-338073', '2019-03-02 14:48:33', 0, NULL, 0, NULL, 3, NULL, '2019-02-28 04:45:09', '2019-03-05 06:48:33'),
(34, '34', 'PGK100349', 5, 'LCL', 2, 1, 'PENANG', 4, 'KUCHING', 4, 'KUCHING', 52, 'SOUTHERN STEEL BERHAD', 57, '2723, LORONG PERUSAHAAN 12\r\nPRAI INDUSTRIAL ESTATE\r\n13600 PRAI, PULAU PINANG', 38, 'PANSAR COMPANY SDN BHD', 43, 'LOT 228-229, SECTION 49, KTLD\r\nJALAN TUNKU ABDUL RAHMAN\r\n93100 KUCHING, SARAWAK.', 36, 'SAME AS CONSIGNEE', 41, '', '2019-03-02 16:36:35', 0, NULL, 0, NULL, 3, NULL, '2019-02-28 04:48:40', '2019-03-20 08:36:35'),
(35, '35', 'PGKK100359', 5, 'LCL', 2, 1, 'PENANG', 3, 'KOTA KINABALU', 3, 'KOTA KINABALU', 52, 'SOUTHERN STEEL BERHAD', 57, '2723, LORONG PERUSAHAAN 12\r\nPRAI INDUSTRIAL ESTATE\r\n13600 PRAI, PULAU PINANG', 61, 'HONG BEE HARDWARE CO SDN BHD', 66, 'LOT 30, GROUND FLOOR, BLOCK E,\r\nIRAMANIS CENTRE, JALAN LINTAS OFF SPRING\r\nROAD, 88450 KOTA KINABALU, SABAH', 36, 'SAME AS CONSIGNEE', 41, '.', '2019-03-02 15:27:39', 0, NULL, 0, NULL, 3, NULL, '2019-02-28 04:55:10', '2019-03-05 07:27:39'),
(36, '36', 'PGKK100369', 5, 'LCL', 2, 1, 'PENANG', 3, 'KOTA KINABALU', 3, 'KOTA KINABALU', 21, 'SOUTHERN STEEL ROD SDN BHD', 23, '2723 LORONG PERUSAHAAN 12\r\nPRAI INDUSTRIAL ESTATE\r\n13600 PRAI, PULAU PINANG, MALAYSIA', 62, 'SING YUNG STEEL SDN BHD', 67, 'LIKAS INDUSTRIAL ESTATE JALAN BURUNG KELETO\r\nOFF JALAN TUARAN BY-PASS\r\n88450 KOTA KINABALU, SABAH', 36, 'SAME AS CONSIGNEE', 41, '.', '2019-03-02 15:28:10', 0, NULL, 0, NULL, 3, NULL, '2019-02-28 04:59:08', '2019-03-05 07:28:10'),
(37, '37', 'PGK100379', 5, 'LCL', 2, 1, 'PENANG', 4, 'KUCHING', 4, 'KUCHING', 21, 'SOUTHERN STEEL ROD SDN BHD', 23, '2723 LORONG PERUSAHAAN 12\r\nPRAI INDUSTRIAL ESTATE\r\n13600 PRAI, PULAU PINANG, MALAYSIA', 36, 'TO ORDER', 41, '', 10, 'YUNG KONG METAL WORKS CO BHD', 12, 'WISMA HIT YII NGIIK, 1ST FLOOR, LOT 7573\r\nJALAN KWONG LEE BANK, 93450 KUCHING,\r\nSARAWAK', '2019-03-02 14:49:28', 0, NULL, 0, NULL, 3, NULL, '2019-02-28 05:01:03', '2019-03-05 06:49:28'),
(38, '38', 'PGK100389', 5, 'LCL', 2, 1, 'PENANG', 4, 'KUCHING', 4, 'KUCHING', 21, 'SOUTHERN STEEL ROD SDN BHD', 23, '2723 LORONG PERUSAHAAN 12\r\nPRAI INDUSTRIAL ESTATE\r\n13600 PRAI, PULAU PINANG, MALAYSIA', 36, 'TO ORDER', 41, '', 58, 'LEADEAST TRADING SDN BHD', 63, 'LOT 721, BLOCK 7, MUARA TEBAS LAND DISTRICT,\r\nSEJINGKAT INDUSTRIAL PARK, P.O.BOX 3175,\r\n93762 KUCHING, SARAWAK', '2019-03-02 16:32:11', 0, NULL, 0, NULL, 3, '2019-03-05 06:37:55', '2019-02-28 05:02:13', '2019-03-05 06:37:55'),
(39, '39', 'PGSK100399', 5, 'LCL', 2, 1, 'PENANG', 8, 'SANDAKAN', 8, 'SANDAKAN', 8, 'ANN JOO STEEL BERHAD', 70, 'LOT 1236, PRAI INDUSTRIAL ESTATE,\r\n13600 PRAI, PENANG', 64, 'TO ORDER', 69, 'JALAN SEGUNTUR, OFF MILE 10,\r\nJALAN LABUK, P.O.BOX 850,\r\n90709 SANDAKAN, SABAH', 64, 'HAP SENG TRADING (BM) SDN BHD', 69, 'JALAN SEGUNTUR, OFF MILE 10,\r\nJALAN LABUK, P.O.BOX 850,\r\n90709 SANDAKAN, SABAH', '2019-03-02 15:20:53', 0, NULL, 0, NULL, 3, NULL, '2019-02-28 05:03:29', '2019-03-01 07:20:53'),
(40, '40', 'PGK200409', 5, 'FCL', 2, 1, 'PENANG', 2, 'KUCHING', 2, 'KUCHING', 53, 'NIBONG TEBAL PAPER MILL SDN BHD', 58, '886, JALAN BANDAR BARU, SUNGAI KECIL,\r\n14300 NIBONG TEBAL, P.W. PENANG,\r\nMALAYSIA', 65, 'NIBONG TEBAL ENTERPRISE SDN BHD', 74, 'LOT 938, LORONG DEMAK LAUT 7A\r\nDEMAK LAUT INDUSTRIAL PARK JALAN BAKO,\r\n93050 KUCHING, SARAWAK', 36, 'SAME AS CONSIGNEE', 41, '.', '2019-03-02 15:50:24', 0, NULL, 0, NULL, 3, NULL, '2019-02-28 06:30:15', '2019-03-07 07:50:24'),
(41, '15', 'PGKK100159', 5, 'LCL', 2, 1, 'PENANG', 3, 'KOTA KINABALU', 3, 'KOTA KINABALU', 50, 'SHIUH DONG INDUSTRIES SDN.BHD.', 55, '60, PRANGIN LANE,\r\n10100 PENANG, MALAYSIA', 37, 'KOZAI (SABAH) SDN BHD', 42, 'PO BOX 14443\r\n88850 KOTA KINABALU,\r\nSABAH', 36, 'SAME AS CONSIGNEE', 41, '.', '2019-03-02 15:23:47', 0, NULL, 0, NULL, 3, NULL, '2019-02-23 02:50:07', '2019-03-05 07:23:47'),
(42, '43', 'PGK200439', 5, 'FCL', 2, 1, 'PENANG', 2, 'KUCHING', 2, 'KUCHING', 53, 'NIBONG TEBAL PAPER MILL SDN BHD', 58, '886, JALAN BANDAR BARU, SUNGAI KECIL,\r\n14300 NIBONG TEBAL, P.W. PENANG,\r\nMALAYSIA', 65, 'NIBONG TEBAL ENTERPRISE SDN BHD', 74, 'LOT 938, LORONG DEMAK LAUT 7A\r\nDEMAK LAUT INDUSTRIAL PARK JALAN BAKO,\r\n93050 KUCHING, SARAWAK', 66, 'METRO SEGAK FORWARDING AGENCY SDN BHD', 75, 'A5-2, 1ST FLOOR, BLOCK A,\r\nYOSHI SQUARE, JALAN PELABUHAN\r\n93450 KUCHING, SARAWAK', '2019-03-06 15:15:23', 0, NULL, 0, NULL, 3, NULL, '2019-03-05 06:09:34', '2019-03-05 07:15:23'),
(43, '44', 'PGK200449', 5, 'FCL', 2, 1, 'PENANG', 2, 'KUCHING', 2, 'KUCHING', 53, 'NIBONG TEBAL PAPER MILL SDN BHD', 58, '886, JALAN BANDAR BARU, SUNGAI KECIL,\r\n14300 NIBONG TEBAL, P.W. PENANG,\r\nMALAYSIA', 65, 'NIBONG TEBAL ENTERPRISE SDN BHD', 74, 'LOT 938, LORONG DEMAK LAUT 7A\r\nDEMAK LAUT INDUSTRIAL PARK JALAN BAKO,\r\n93050 KUCHING, SARAWAK', 66, 'METRO SEGAK FORWARDING AGENCY SDN BHD', 75, 'A5-2, 1ST FLOOR, BLOCK A,\r\nYOSHI SQUARE, JALAN PELABUHAN\r\n93450 KUCHING, SARAWAK', '2019-03-06 15:17:34', 0, NULL, 0, NULL, 3, NULL, '2019-03-05 07:14:22', '2019-03-05 07:17:34'),
(44, '45', 'PGK200459', 5, 'FCL', 2, 1, 'PENANG', 2, 'KUCHING', 2, 'KUCHING', 53, 'NIBONG TEBAL PAPER MILL SDN BHD', 156, '886, JALAN BANDAR BARU, SUNGAI KECIL,\r\n14300 NIBONG TEBAL, P.W. PENANG,\r\nMALAYSIA', 65, 'NIBONG TEBAL ENTERPRISE SDN BHD', 82, 'LOT 938, LORONG DEMAK LAUT 7A\r\nDEMAK LAUT INDUSTRIAL PARK JALAN BAKO,\r\n93050 KUCHING, SARAWAK', 66, 'METRO SEGAK FORWARDING AGENCY SDN BHD', 75, 'A5-2, 1ST FLOOR, BLOCK A,\r\nYOSHI SQUARE, JALAN PELABUHAN\r\n93450 KUCHING, SARAWAK', '2019-03-06 13:11:35', 1, NULL, 0, NULL, 3, NULL, '2019-03-05 07:14:58', '2019-04-11 05:11:35'),
(45, '47', 'PGK200479', 5, 'FCL', 2, 1, 'PENANG', 2, 'KUCHING', 2, 'KUCHING', 69, 'TAN BENG LEE', 78, 'LOT 14300 JALAN KAMPUNG DEW\r\nKAMPUNG TERSUSUN,\r\n34700 SIMPANG PERAK', 70, 'HON WAN LEE COMPANY', 79, 'LOT 969, CHUNG NION VILLAGES,\r\nJALAN BATU KAWA, 93250 KUCHING, SARAWAK\r\nTEL:082-688549 H/P:019-8880583', 71, 'AIRSEAL FREIGHT FORWARDERS SDN BHD', 80, 'LOT 7586, 3RD FLOOR, SIM HUNG ENG BUILDING\r\nKWONG LEE BANK ROAD, 93450 KUCHING, SARAWAK\r\nTEL:082-484778/082-484779 ATTN:MR.MICHAEL', '2019-03-09 10:43:51', 0, NULL, 1, 's3YA0yNvHkg4PvCxh0oHrAl9qGRCyD52RSO4PIqA.pdf', 3, NULL, '2019-03-08 02:30:12', '2019-03-08 02:43:51'),
(46, '46', 'PGK200469', 5, 'FCL', 2, 1, 'PENANG', 2, 'KUCHING', 2, 'KUCHING', 67, 'TLT TRANSPORT TRADING', 76, '2822, TKT 3, JALAN KAMPUNG BARU,\r\n14000 BUKIT MERTAJAM, PULAU PINANG', 68, 'WINSEN (SARAWAK) TRADING SDN BHD', 77, '25, ENSING LIGHT INDUSTRIAL, LOT 3556, BLK 217 KNLD\r\n(S/L 3), JALAN ENSING, OFF JALAN BATU KAWA, 93250\r\nKUCHING, SARAWAK TEL:082-464816 H/P:012-8866669', 68, 'WINSEN (SARAWAK) TRADING SDN BHD', 77, '25, ENSING LIGHT INDUSTRIAL, LOT 3556, BLK 217 KNLD\r\n(S/L 3), JALAN ENSING, OFF JALAN BATU KAWA, 93250\r\nKUCHING, SARAWAK TEL:082-464816 H/P:012-8866669', '2019-03-14 18:20:00', 0, NULL, 0, NULL, 3, NULL, '2019-03-08 02:44:18', '2019-03-28 10:20:00'),
(47, '52', 'PGKK100529', 6, 'LCL', 4, 1, 'PENANG', 3, 'KOTA KINABALU', 3, 'KOTA KINABALU', 11, 'UAC BERHAD', 13, 'LEVEL 10, MENARA UAC, NO. 12, JALAN PJU 7/5\r\nMUTIARA DAMANSARA, 47800 PETALING JAYA\r\nSELANGOR DARUL EHSAN', 36, 'SAME AS CONSIGNEE', 41, '.', 36, 'SAME AS CONSIGNEE', 41, '.', '2019-04-08 09:36:47', 0, NULL, 0, NULL, 3, '2019-04-02 03:54:13', '2019-04-02 01:36:34', '2019-04-02 03:54:13'),
(48, '53', 'PGKK100539', 5, 'LCL', 6, 1, 'PENANG', 3, 'KOTA KINABALU', 3, 'KOTA KINABALU', 11, 'UAC BERHAD', 13, 'LEVEL 10, MENARA UAC, NO. 12,\r\n JALAN PJU 7/5 MUTIARA DAMANSARA, 47800 PETALING JAYA,\r\nSELANGOR DARUL EHSAN', 12, 'BOUSTEAD BUILDING MATERIALS SDN BHD', 174, 'LOT 1, TAMAN BAYUMAS,\r\nJALAN MAAKAT / NOUNTUN,\r\nINANAM 88450, KOTA KINABALU, SABAH.', 12, 'BOUSTEAD BUILDING MATERIALS SDN BHD', 174, 'LOT 1, TAMAN BAYUMAS,\r\nJALAN MAAKAT / NOUNTUN,\r\nINANAM 88450, KOTA KINABALU, SABAH.', '2019-04-11 14:21:56', 0, NULL, 0, NULL, 3, NULL, '2019-04-02 01:41:15', '2019-04-11 06:21:56'),
(49, '54', 'PGKK100549', 5, 'LCL', 6, 1, 'PENANG', 3, 'KOTA KINABALU', 3, 'KOTA KINABALU', 23, 'M S ELEVATORS SDN BHD', 28, '2530, LORONG PERUSAHAAN 10,\r\nPRAI INDUSTRIAL ESTATE,\r\n13600 PRAI, PENANG, MALAYSIA', 56, 'M S ELEVATORS ENGINEERING SDN BHD', 137, 'NO.A2-1, A3-1, BLOCK A, CYBER PERDANA\r\nCOMMERCIAL CENTRE, 88200 PENAMPANG,\r\nKOTA KINABALU, SABAH', 56, 'M S ELEVATORS ENGINEERING SDN BHD', 137, 'NO.A2-1, A3-1, BLOCK A, CYBER PERDANA\r\nCOMMERCIAL CENTRE, 88200 PENAMPANG,\r\nKOTA KINABALU, SABAH', '2019-04-11 10:17:35', 0, NULL, 0, NULL, 3, NULL, '2019-04-02 01:59:47', '2019-04-10 02:17:35'),
(50, '55', 'PGK100559', 5, 'LCL', 6, 1, 'PENANG', 4, 'KUCHING', 4, 'KUCHING', 25, 'LEADER STEEL SERVICE CENTRE SDN. BHD.', 30, 'WISMA LEADER STEEL, PLOT 85, LORONG PERUSAHAAN UTAMA,\r\nKAWASAN PERUSAHAAN BUKIT TENGAH, 14000 BUKIT\r\nTENGAH, SEBERANG PERAI TENGAH, PULAU PINANG, MALAYSIA', 73, 'LEADER STEEL SDN BHD', 89, 'LOT 841, BLOCK 7, MTLD, DEMAK LAUT\r\nINDUSTRIAL PARK, PHASE 3\r\n93050 KUCHING, SARAWAK MALAYSIA', 73, 'LEADER STEEL SDN BHD', 89, 'LOT 841, BLOCK 7, MTLD, DEMAK LAUT\r\nINDUSTRIAL PARK, PHASE 3\r\n93050 KUCHING, SARAWAK MALAYSIA', '2019-04-11 15:10:53', 0, NULL, 0, NULL, 3, NULL, '2019-04-02 02:33:48', '2019-04-11 07:10:53'),
(51, '56', 'PGK100569', 5, 'LCL', 6, 1, 'PENANG', 4, 'KUCHING', 4, 'KUCHING', 4, 'YEW LEAN FOUNDRY & CO SDN BHD', 165, '2579 LORONG PERUSAHAAN 10, PRAI INDUSTRIAL\r\nESTATE, 13600 PRAI, PULAU PINANG, MALAYSIA.', 5, 'SOUTHERNHEM INDUSTRIES SDN BHD', 6, 'LOT 1200 BLOCK 7, MTLD JALAN DEMAK LAUT 5,\r\nDEMAK LAUT INDUSTRIAL ESTATE 93050 KUCHING\r\nSARAWAK', 5, 'SOUTHERNHEM INDUSTRIES SDN BHD', 6, 'LOT 1200 BLOCK 7, MTLD JALAN DEMAK LAUT 5,\r\nDEMAK LAUT INDUSTRIAL ESTATE 93050 KUCHING\r\nSARAWAK', '2019-04-11 15:27:13', 0, NULL, 0, NULL, 3, NULL, '2019-04-02 04:01:25', '2019-04-10 07:27:13'),
(52, '57', 'PGKK100579', 5, 'LCL', 6, 1, 'PENANG', 3, 'KOTA KINABALU', 3, 'KOTA KINABALU', 17, 'CHEAH HONG INN', 19, 'NO. 2526, TINGKAT PERUSAHAAN ENAM,\r\nPRAI INDUSTRIAL ESTATE,\r\n13600 PRAI.', 63, 'TECK GUAN TRADING SDN BHD', 158, 'JALAN CENDERAKASIH OFF JALAN LINTAS\r\n88450 KOTA KINABALU, SABAH', 63, 'TECK GUAN TRADING SDN BHD', 158, 'JALAN CENDERAKASIH OFF JALAN LINTAS\r\n88450 KOTA KINABALU, SABAH', '2019-04-11 10:19:49', 0, NULL, 0, NULL, 3, NULL, '2019-04-03 04:49:30', '2019-04-10 02:19:49'),
(53, '59', 'PGKK100599', 5, 'LCL', 6, 1, 'PENANG', 3, 'KOTA KINABALU', 3, 'KOTA KINABALU', 29, 'HEAP SING HUAT METALS MACHINERY SDN. BHD.', 34, 'NO.60, LORONG PRANGIN,\r\n10100 PENANG,\r\nMALAYSIA', 80, 'YATHIN METALBIZ SDN BHD', 108, 'LOT NO.2, LORONG INANAM BARU 9, \r\nINANAM KOTA KINABALU, SABAH', 80, 'YATHIN METALBIZ SDN BHD', 108, 'LOT NO.2, LORONG INANAM BARU 9, \r\nINANAM KOTA KINABALU, SABAH', '2019-04-11 10:21:56', 0, NULL, 0, NULL, 3, NULL, '2019-04-03 05:06:52', '2019-04-10 02:21:56'),
(54, '58', 'PGKK100589', 5, 'LCL', 6, 1, 'PENANG', 3, 'KOTA KINABALU', 3, 'KOTA KINABALU', 29, 'HEAP SING HUAT METALS MACHINERY SDN. BHD.', 34, 'NO.60, LORONG PRANGIN,\r\n10100 PENANG,\r\nMALAYSIA', 37, 'KOZAI (SABAH) SDN BHD', 100, 'BATU 6.1/2, JALAN TUARAN, PO BOX 14443\r\n88850 KOTA KINABALU, SABAH.', 37, 'KOZAI (SABAH) SDN BHD', 100, 'BATU 6.1/2, JALAN TUARAN, PO BOX 14443\r\n88850 KOTA KINABALU, SABAH.', '2019-04-11 10:20:38', 0, NULL, 0, NULL, 3, NULL, '2019-04-03 05:07:49', '2019-04-10 02:20:38'),
(55, '60', 'PGKK100609', 5, 'LCL', 6, 1, 'BUTTERWORTH PORT, PENANG', 3, 'KOTA KINABALU', 3, 'KOTA KINABALU', 23, 'M S ELEVATORS SDN BHD', 197, '2530, LORONG PERUSAHAAN 10,\r\nPRAI INDUSTRIAL ESTATE,\r\n13600 PRAI, PENANG, MALAYSIA', 56, 'M S ELEVATORS ENGINEERING SDN BHD (COMPANY NO:84871-M)', 210, 'NO.A2-1, A3-1, BLOCK A, CYBER PERDANA\r\nCOMMERCIAL CENTRE, 88200 PENAMPANG,\r\nKOTA KINABALU, SABAH', 56, 'M S ELEVATORS ENGINEERING SDN BHD (COMPANY NO:84871-M)', 210, 'NO.A2-1, A3-1, BLOCK A, CYBER PERDANA\r\nCOMMERCIAL CENTRE, 88200 PENAMPANG,\r\nKOTA KINABALU, SABAH', '2019-04-11 11:07:04', 0, NULL, 0, NULL, 3, NULL, '2019-04-03 09:40:11', '2019-04-12 03:07:04'),
(56, '61', 'PGK100619', 5, 'LCL', 6, 1, 'PENANG', 4, 'KUCHING', 4, 'KUCHING', 110, 'NORTH MALAYA ENGINEERS TRADING CO SDN BHD', 162, '5268 JALAN PERMATANG PAUH\r\n13400 BUTTERWORTH PENANG', 111, 'DREAMMASTER CORPORATION SDN BHD', 163, 'LOT 732, BLOCK8 MTLD\r\nDEMAK LAUT IND. ESTATE PHASE III\r\nJALAN BAKO 93050 KUCHING , SARAWAK', 111, 'DREAMMASTER CORPORATION SDN BHD', 163, 'LOT 732, BLOCK8 MTLD\r\nDEMAK LAUT IND. ESTATE PHASE III\r\nJALAN BAKO 93050 KUCHING , SARAWAK', '2019-04-11 10:03:11', 0, NULL, 0, NULL, 3, NULL, '2019-04-04 06:23:12', '2019-04-10 02:03:11'),
(57, '62', 'PGS100629', 5, 'LCL', 6, 1, 'PENANG', 5, 'SIBU', 5, 'SIBU', 22, 'YONGTA STEEL INDUSTRIES SDN BHD', 24, 'LOT 333, JALAN PKNK 3/5,\r\nKAWASAN PERINDUSTRIAN SUNGAI PETANI\r\n(LPK), 08000 SUNGAI PETANI, KEDAH', 112, 'JIM NGUAN HARDWARE SDN BHD', 164, 'LOT 1413-1414, BLOCK 3, MCLD, PIASAU JAYA\r\nINDUSTRIAL ESTATE, 98007 MIRI, SARAWAK\r\nATTN:MS.TRACY TEL:085-661676(MS LEE) FAX:085-656405(MS LEE)', 114, 'HOLEE FORWARDING AGENT', 167, 'LOT 1979,SL 4,NO.4 3RD FLOOR,\r\nLORONG KAMPUNG DATU 11, PO BOX 165,\r\n96007 SIBU,SARAWAK.  TEL:084-325202', '2019-04-11 10:41:56', 0, NULL, 0, NULL, 3, NULL, '2019-04-04 07:45:56', '2019-04-11 02:41:56'),
(58, '63', 'PGS100639', 5, 'LCL', 6, 1, 'PENANG', 5, 'SIBU', 5, 'SIBU', 31, 'CHUAN WOOI HARDWARE SDN. BHD.', 36, '4944, JALAN SIRAM,\r\n12100 BUTTERWORTH PENANG,\r\nMALAYSIA', 85, 'C. KEN CORPORATION SDN BHD', 114, 'LOT 50 & 51, PIASAU INDUSTRIAL ESTATE,\r\n98000 MIRI, SARAWAK, MALAYSIA.', 117, 'MILLION TRANSPORT & HANDLING SERVICES', 182, '2A, LORONG BUKIT LIMA TIMUR 7\r\n96000, SIBU SARAWAK\r\nTEL: 019-8835216\r\nATTN: MS JENNIFER LAW', '2019-04-11 11:31:31', 0, NULL, 0, NULL, 3, NULL, '2019-04-04 08:35:03', '2019-04-11 03:31:31'),
(59, '64', 'PGS100649', 5, 'LCL', 6, 1, 'PENANG', 5, 'SIBU', 5, 'SIBU', 31, 'CHUAN WOOI HARDWARE SDN. BHD.', 195, '4944, JALAN SIRAM,\r\n12100 BUTTERWORTH PENANG,\r\nMALAYSIA', 116, 'TO ORDER', 180, '', 112, 'JIM NGUAN HARDWARE SDN BHD', 164, 'LOT 1413-1414, BLOCK 3, MCLD, PIASAU JAYA\r\nINDUSTRIAL ESTATE, 98007 MIRI, SARAWAK\r\nATTN:MS.TRACY TEL:085-661676(MS LEE) FAX:085-656405(MS LEE)', '2019-04-11 14:38:56', 0, NULL, 0, NULL, 3, NULL, '2019-04-04 08:35:18', '2019-04-12 06:38:56'),
(60, '65', 'PGKK100659', 5, 'LCL', 6, 1, 'PENANG', 3, 'KOTA KINABALU', 3, 'KOTA KINABALU', 50, 'SHIUH DONG INDUSTRIES SDN.BHD.', 55, '60, PRANGIN LANE,\r\n10100 PENANG, MALAYSIA', 37, 'KOZAI (SABAH) SDN BHD', 100, 'PO BOX 14443\r\n88850 KOTA KINABALU, SABAH', 37, 'KOZAI (SABAH) SDN BHD', 100, 'PO BOX 14443\r\n88850 KOTA KINABALU, SABAH', '2019-04-11 14:39:29', 0, NULL, 0, NULL, 3, NULL, '2019-04-04 09:56:57', '2019-04-11 06:39:29'),
(61, '66', 'PGS100669', 5, 'LCL', 6, 1, 'PENANG', 5, 'SIBU', 5, 'SIBU', 22, 'YONGTA STEEL INDUSTRIES SDN BHD', 24, 'LOT 333, JALAN PKNK 3/5,\r\nKAWASAN PERINDUSTRIAN SUNGAI PETANI\r\n(LPK), 08000 SUNGAI PETANI, KEDAH', 113, 'SYS STEEL TRADING SDN BHD', 166, 'NO.7C, LANANG ROAD,\r\n96000 SIBU, SARAWAK\r\nATTN:MR.WONG TEL:084-326857 FAX:084-326236', 113, 'SYS STEEL TRADING SDN BHD', 166, 'NO.7C, LANANG ROAD,\r\n96000 SIBU, SARAWAK\r\nATTN:MR.WONG TEL:084-326857 FAX:084-326236', '2019-04-11 10:42:51', 0, NULL, 0, NULL, 3, NULL, '2019-04-05 03:42:16', '2019-04-11 02:42:51'),
(62, '67', 'PGK100679', 5, 'LCL', 6, 1, 'PENANG', 4, 'KUCHING', 4, 'KUCHING', 16, 'UNITED MALAYAN FLOUR (1996) SDN BHD', 171, '4826 JALAN PERMATANG PAUH\r\n13400, BUTTERWORTH, P.W.', 44, 'UCF (KUCHING) SDN BHD', 170, 'LOT 8275, SUB LOT 47, SECTION 64 \r\n2 1/2 MILES, JALAN PENDING \r\n93450 KUCHING, SARAWAK', 44, 'UCF (KUCHING) SDN BHD', 170, 'LOT 8275, SUB LOT 47, SECTION 64 2 1/2 MILES,\r\nJALAN PENDING 93450 KUCHING, SARAWAK', '2019-04-11 10:37:45', 0, NULL, 0, NULL, 3, NULL, '2019-04-05 07:38:05', '2019-04-11 02:37:45'),
(63, '68', 'PGS100689', 5, 'LCL', 6, 1, 'BUTTERWORTH PORT, PENANG', 5, 'SIBU PORT, SARAWAK', 5, 'SIBU PORT, SARAWAK', 8, 'ANN JOO STEEL BERHAD', 157, 'LOT 1236, PRAI INDUSTRIAL ESTATE,\r\n13600 PRAI, PENANG', 95, 'HUA KIONG ENTERPRISE SDN BHD', 127, 'NO.38 LORONG 2A, JALAN AMAN,\r\n96000 SIBU, SARAWAK.', 95, 'HUA KIONG ENTERPRISE SDN BHD', 127, 'NO.38 LORONG 2A, JALAN AMAN,\r\n96000 SIBU, SARAWAK.', '2019-04-11 10:33:53', 0, NULL, 0, NULL, 3, NULL, '2019-04-05 07:54:02', '2019-04-10 02:33:53'),
(64, '69', 'PGS100699', 5, 'LCL', 6, 1, 'BUTTERWORT PORT, PENANG', 5, 'SIBU PORT, SARAWAK', 5, 'SIBU PORT, SARAWAK', 8, 'ANN JOO STEEL BERHAD', 157, 'LOT 1236, PRAI INDUSTRIAL ESTATE,\r\n13600 PRAI, PENANG', 115, 'HIAP HONG PROPERTIES SDN BHD', 168, '17C-D, LANANG ROAD,\r\nP.O.BOX 559,\r\n96000 SIBU, SARAWAK', 115, 'HIAP HONG PROPERTIES SDN BHD', 168, '17C-D, LANANG ROAD,\r\nP.O.BOX 559,\r\n96000 SIBU, SARAWAK', '2019-04-11 12:26:58', 0, NULL, 0, NULL, 3, NULL, '2019-04-05 07:58:18', '2019-04-10 04:26:58'),
(65, '70', 'PGS100709', 5, 'LCL', 6, 1, 'PENANG', 5, 'SIBU', 5, 'SIBU', 2, 'WISEBUILD INDUSTRIES SDN BHD', 25, 'LOT 2598, BLK 32, KEMENA INDUSTRIAL ESTATE,\r\nJLN BINTULU-TATAU, 97000 BINTULU, SARAWAK\r\nON BEHALF OF M/S SOUTHERN STEEL BHD', 49, 'OVERSEA UNION INDUSTRIAL (E.M) SDN BHD', 54, 'LOT 495, SEDC INDUSTRIAL ESTATE,\r\nUPPER LANANG ROAD, 96000 SIBU, SARAWAK', 40, 'WISEBUILD INDUSTRIES SDN. BHD.', 45, 'LOT 2598, BLOCK 32, KEMENA INDUSTRIAL ESTATE, JALAN BINTULU-TATAU, 97000 BINTULU, SARAWAK\r\nTEL:086-331071/331072 FAX:086-338073', '2019-04-11 10:36:20', 0, NULL, 0, NULL, 3, NULL, '2019-04-08 05:58:41', '2019-04-10 02:36:20'),
(66, '71', 'PGK100719', 5, 'LCL', 6, 1, 'PENANG', 4, 'KUCHING', 4, 'KUCHING', 2, 'WISEBUILD INDUSTRIES SDN BHD', 25, 'LOT 2598, BLK 32, KEMENA INDUSTRIAL ESTATE,\r\nJLN BINTULU-TATAU, 97000 BINTULU, SARAWAK\r\nON BEHALF OF M/S SOUTHERN STEEL BHD', 57, 'SEYI HARDWARE SDN BHD', 62, 'NO.155A, JALAN SEKAMA,\r\n93300 KUCHING, SARAWAK.', 40, 'WISEBUILD INDUSTRIES SDN. BHD.', 45, 'LOT 2598, BLOCK 32, KEMENA INDUSTRIAL ESTATE,\r\nJALAN BINTULU-TATAU, 97000 BINTULU, SARAWAK\r\nTEL:086-331071/331072 FAX:086-338073', '2019-04-11 10:07:04', 0, NULL, 0, NULL, 3, NULL, '2019-04-08 06:00:17', '2019-04-10 02:07:04'),
(67, '72', 'PGK100729', 5, 'LCL', 6, 1, 'PENANG', 4, 'KUCHING', 4, 'KUCHING', 52, 'SOUTHERN STEEL BERHAD', 57, '2723, LORONG PERUSAHAAN 12\r\nPRAI INDUSTRIAL ESTATE\r\n13600 PRAI, PULAU PINANG', 27, 'SARA-BESI HARDWARE & ENGINEERING SDN BHD', 92, '248 & 250, TECK GUAN BUILDING,\r\nJALAN PADUNGAN, 93100 KUCHING,\r\nSARAWAK', 27, 'SARA-BESI HARDWARE & ENGINEERING SDN BHD', 92, '248 & 250, TECK GUAN BUILDING,\r\nJALAN PADUNGAN, 93100 KUCHING,\r\nSARAWAK', '2019-04-11 10:09:39', 0, NULL, 0, NULL, 3, NULL, '2019-04-08 06:01:26', '2019-04-10 02:09:39'),
(68, '73', 'PGK100739', 5, 'LCL', 6, 1, 'PENANG', 4, 'KUCHING', 4, 'KUCHING', 52, 'SOUTHERN STEEL BERHAD', 57, '2723, LORONG PERUSAHAAN 12\r\nPRAI INDUSTRIAL ESTATE\r\n13600 PRAI, PULAU PINANG', 88, 'JFE SHOJI TRADE (MALAYSIA) SDN BHD', 177, 'LEVEL 1, LOT 1546, BLOCK 17, KCLD,\r\nJALAN LAPANGAN TERBANG\r\n93250 KUCHING, SARAWAK', 88, 'JFE SHOJI TRADE (MALAYSIA) SDN BHD', 177, 'SUITE 24.07-09, 24TH FLOOR, \r\nMENARA RAJA LAUT 288, JALAN RAJA LAUT, 50350 KUALA LUMPUR.', '2019-04-11 12:16:55', 0, NULL, 0, NULL, 3, NULL, '2019-04-08 06:04:23', '2019-04-11 04:16:55'),
(69, '74', 'PGK100749', 5, 'LCL', 6, 1, 'PENANG', 4, 'KUCHING', 4, 'KUCHING', 52, 'SOUTHERN STEEL BERHAD', 57, '2723, LORONG PERUSAHAAN 12\r\nPRAI INDUSTRIAL ESTATE\r\n13600 PRAI, PULAU PINANG', 88, 'JFE SHOJI TRADE (MALAYSIA) SDN BHD', 177, 'PARCEL NOS.281-1-53, 54 & 55 LEVEL 1,\r\nBLOCK A, TAMAN SRI SARAWAK MALL\r\n93100 KUCHING, SARAWAK', 88, 'JFE SHOJI TRADE (MALAYSIA) SDN BHD', 177, 'SUITE 24.07-09, 24TH FLOOR, \r\nMENARA RAJA LAUT 288, JALAN RAJA LAUT, 50350 KUALA LUMPUR.', '2019-04-11 14:39:49', 0, NULL, 0, NULL, 3, NULL, '2019-04-08 06:06:00', '2019-04-11 06:39:49'),
(70, '75', 'PGK100759', 5, 'LCL', 6, 1, 'PENANG', 4, 'KUCHING', 4, 'KUCHING', 21, 'SOUTHERN STEEL ROD SDN BHD', 190, '2723 LORONG PERUSAHAAN 12\r\nPRAI INDUSTRIAL ESTATE\r\n13600 PRAI, PULAU PINANG, MALAYSIA', 116, 'TO ORDER', 180, '.', 10, 'YUNG KONG METAL WORKS CO BHD', 95, 'WISMA HII YII NGIIK, 1ST FLOOR, LOT 7573\r\nJALAN KWONG LEE BANK, 93450 KUCHING,\r\nSARAWAK', '2019-04-11 16:51:59', 0, NULL, 0, NULL, 3, NULL, '2019-04-08 09:47:10', '2019-04-11 08:51:59'),
(71, '76', 'PGKK100769', 5, 'LCL', 6, 1, 'PENANG', 3, 'KOTA KINABALU', 3, 'KOTA KINABALU', 21, 'SOUTHERN STEEL ROD SDN BHD', 23, '2723 LORONG PERUSAHAAN 12\r\nPRAI INDUSTRIAL ESTATE\r\n13600 PRAI, PULAU PINANG, MALAYSIA', 116, 'TO ORDER', 180, '.', 79, 'YANG AKTIF ENG. WORKS SDN BHD', 107, 'MILE 6-1/2, TUARAN ROAD,\r\nINANAM PO BOX 21764,\r\n88775 LUYANG, SABAH', '2019-04-11 14:19:13', 0, NULL, 0, NULL, 3, NULL, '2019-04-08 09:48:43', '2019-04-11 06:19:13'),
(72, '81', 'PGK100819', 5, 'LCL', 6, 1, 'PENANG', 4, 'KUCHING', 4, 'KUCHING', 16, 'UNITED MALAYAN FLOUR (1996) SDN BHD', 171, '4826 JALAN PERMATANG PAUH\r\n13400, BUTTERWORTH, P.W.', 44, 'UCF (KUCHING) SDN BHD', 170, 'LOT 8275, SUB LOT 47, SECTION 64\r\n2 1/2 MILES, JALAN PENDING\r\n93450 KUCHING, SARAWAK', 44, 'UCF (KUCHING) SDN BHD', 170, 'LOT 8275, SUB LOT 47, SECTION 64\r\n2 1/2 MILES, JALAN PENDING\r\n93450 KUCHING, SARAWAK', '2019-04-11 14:16:39', 0, NULL, 0, NULL, 3, NULL, '2019-04-10 01:45:44', '2019-04-11 06:16:39'),
(73, '83', 'PGKK100839', 1, 'LCL', 8, 1, 'PENANG', 3, 'KOTA KINABALU', 3, 'KOTA KINABALU', 23, 'M S ELEVATORS SDN BHD', 217, '2530, LORONG PERUSAHAAN 10,\r\nPRAI INDUSTRIAL ESTATE,\r\n13600 PRAI, PENANG, MALAYSIA', 56, 'M S ELEVATORS ENGINEERING SDN BHD (COMPANY NO:84871-M)', 210, 'CYBER PERDANA COMMERCIAL CENTRE,\r\n88200 PENAMPANG, KOTA KINABALU, SABAH', 56, 'M S ELEVATORS ENGINEERING SDN BHD (COMPANY NO:84871-M)', 210, 'CYBER PERDANA COMMERCIAL CENTRE,\r\n88200 PENAMPANG, KOTA KINABALU, SABAH', '2019-04-21 00:00:00', 0, NULL, 0, NULL, 3, NULL, '2019-04-11 08:30:41', '2019-04-22 06:47:34'),
(74, '80', 'PGKK100809', 1, 'LCL', 8, 1, 'PENANG', 3, 'KOTA KINABALU', 3, 'KOTA KINABALU', 18, 'HONG BEE HARDWARE CO. SDN BHD', 20, '50-J, PENGKALAN WELD,\r\n10300 PENANG.', 37, 'KOZAI (SABAH) SDN BHD', 100, 'OFF MILE 7, JALAN TUARAN,\r\nP.O.BOX 14443\r\n88850 KOTA KINABALU, SABAH', 37, 'KOZAI (SABAH) SDN BHD', 100, 'OFF MILE 7, JALAN TUARAN,\r\nP.O.BOX 14443\r\n88850 KOTA KINABALU, SABAH', '2019-04-21 00:00:00', 0, NULL, 0, NULL, 3, NULL, '2019-04-11 09:17:19', '2019-04-22 06:47:34'),
(75, '78', 'PGK100789', 1, 'LCL', 8, 1, 'PENANG', 4, 'KUCHING', 4, 'KUCHING', 18, 'HONG BEE HARDWARE CO. SDN BHD', 20, '50-J, PENGKALAN WELD,\r\n10300 PENANG.', 102, 'THIAM SHIN ENGINEERING & CONSTRUCTION SDN BHD', 146, 'LOT 752, BLK 8, MTLD, JLN BAKO DEMAK LAUT\r\nINDUSTRIAL PARK, PHASE 3,\r\n93050 KUCHING SARAWAK', 102, 'THIAM SHIN ENGINEERING & CONSTRUCTION SDN BHD', 146, 'LOT 752, BLK 8, MTLD, JLN BAKO DEMAK LAUT\r\nINDUSTRIAL PARK, PHASE 3,\r\n93050 KUCHING SARAWAK', '2019-04-21 00:00:00', 2, NULL, 0, NULL, 3, NULL, '2019-04-11 09:17:42', '2019-04-22 06:47:34'),
(76, '77', 'PGK100779', 1, 'LCL', 8, 1, 'PENANG', 4, 'KUCHING', 4, 'KUCHING', 18, 'HONG BEE HARDWARE CO. SDN BHD', 20, '50-J, PENGKALAN WELD,\r\n10300 PENANG.', 118, 'HAP FUNG BUILDING MATERIALS SDN BHD', 198, 'LOT 577, BLOCK 35, 7-1/2 MILE,\r\nPENRISSEN ROAD, KOTA SENTOSA,\r\n93250 KUCHING, SARAWAK.', 118, 'HAP FUNG BUILDING MATERIALS SDN BHD', 198, 'LOT 577, BLOCK 35, 7-1/2 MILE,\r\nPENRISSEN ROAD, KOTA SENTOSA,\r\n93250 KUCHING, SARAWAK.', '2019-04-21 00:00:00', 2, NULL, 0, NULL, 3, NULL, '2019-04-11 09:19:28', '2019-04-22 06:47:34'),
(77, '79', 'PGK100799', 1, 'LCL', 8, 1, 'PENANG', 4, 'KUCHING', 4, 'KUCHING', 18, 'HONG BEE HARDWARE CO. SDN BHD', 20, '50-J, PENGKALAN WELD,\r\n10300 PENANG.', 42, 'WAH THAI TRADING SDN BHD', 47, 'LOT 319, JALAN CHONG FOH HIN 7TH MILE,\r\nOFF JALAN BATU KITANG 93250 KUCHING, SARAWAK', 42, 'WAH THAI TRADING SDN BHD', 47, 'LOT 319, JALAN CHONG FOH HIN 7TH MILE,\r\nOFF JALAN BATU KITANG 93250 KUCHING, SARAWAK', '2019-04-21 00:00:00', 2, NULL, 0, NULL, 3, NULL, '2019-04-11 09:19:49', '2019-04-22 06:47:34'),
(78, '82', 'PGK100829', 1, 'LCL', 8, 1, 'PENANG', 4, 'KUCHING', 4, 'KUCHING', 25, 'LEADER STEEL SERVICE CENTRE SDN. BHD.', 30, 'WISMA LEADER STEEL, PLOT 85, LORONG PERUSAHAAN UTAMA,\r\nKAWASAN PERUSAHAAN BUKIT TENGAH, 14000 BUKIT\r\nTENGAH, SEBERANG PERAI TENGAH, PULAU PINANG, MALAYSIA', 73, 'LEADER STEEL SDN BHD', 89, 'LOT 841, BLOCK 7, MTLD, DEMAK LAUT\r\nINDUSTRIAL PARK, PHASE 3\r\n93050 KUCHING, SARAWAK MALAYSIA', 36, 'SAME AS CONSIGNEE', 41, '', '2019-04-21 00:00:00', 2, NULL, 0, NULL, 3, NULL, '2019-04-12 02:14:13', '2019-04-22 06:47:34'),
(79, '85', 'PGKK100859', 1, 'LCL', 8, 1, 'PENANG', 3, 'KOTA KINABALU', 3, 'KOTA KINABALU', 26, 'ASIA AGRICULTURE CHEMICALS SDN. BHD.', 31, 'PLOT 44, LORONG PERINDUSTRIAN, BUKIT MINYAK 9,\r\nBUKIT MINYAK INDUSTRIAL PARK,\r\n14100 BUKIT MERTAJAM, PENANG, MALAYSIA.', 119, 'FFM (SABAH) SDN BHD', 224, '5 1/2 MILE, OFF JALAN TUARAN\r\nKOLOMBONG INDUSTRIAL ESTATE\r\n88450 KOTA KINABALU SABAH', 36, 'SAME AS CONSIGNEE', 41, '', '2019-04-21 00:00:00', 2, NULL, 0, NULL, 3, NULL, '2019-04-12 07:37:38', '2019-04-22 06:47:34'),
(80, '84', 'PGK100849', 1, 'LCL', 8, 1, 'PENANG', 4, 'KUCHING', 4, 'KUCHING', 16, 'UNITED MALAYAN FLOUR (1996) SDN BHD', 171, '4826 JALAN PERMATANG PAUH\r\n13400, BUTTERWORTH, P.W.', 44, 'UCF (KUCHING) SDN BHD', 170, 'LOT 8275, SUB LOT 47, SECTION 64\r\n2 1/2 MILES, JALAN PENDING\r\n93450 KUCHING, SARAWAK', 44, 'UCF (KUCHING) SDN BHD', 170, 'LOT 8275, SUB LOT 47, SECTION 64\r\n2 1/2 MILES, JALAN PENDING\r\n93450 KUCHING, SARAWAK', '2019-04-21 00:00:00', 2, NULL, 0, NULL, 3, NULL, '2019-04-12 07:39:25', '2019-04-22 06:47:34'),
(81, '95', 'PGK100959', 7, 'LCL', 7, 1, 'PENANG', 4, 'KUCHING', 4, 'KUCHING', 4, 'YEW LEAN FOUNDRY & CO SDN BHD', 165, '2579 LORONG PERUSAHAAN 10, PRAI INDUSTRIAL\r\nESTATE, 13600 PRAI, PULAU PINANG, MALAYSIA.', 5, 'SOUTHERNHEM INDUSTRIES SDN BHD', 6, 'LOT 1200 BLOCK 7, MTLD JALAN DEMAK LAUT 5,\r\nDEMAK LAUT INDUSTRIAL ESTATE 93050 KUCHING\r\nSARAWAK', 5, 'SOUTHERNHEM INDUSTRIES SDN BHD', 6, 'LOT 1200 BLOCK 7, MTLD JALAN DEMAK LAUT 5,\r\nDEMAK LAUT INDUSTRIAL ESTATE 93050 KUCHING\r\nSARAWAK', '2019-04-21 00:00:00', 0, NULL, 0, NULL, 3, NULL, '2019-04-15 04:15:11', '2019-04-22 04:17:55'),
(82, '96', 'PGK100969', 1, 'LCL', 8, 1, 'PENANG', 4, 'KUCHING', 4, 'KUCHING', 17, 'CHEAH HONG INN SDN BHD', 243, '2526, TINGKAT PERUSAHAAN ENAM,\r\nPRAI INDUSTRIAL ESTATE,\r\n13600 PRAI', 120, 'PRECIOUS CREDENCE SDN BHD', 226, 'SUBLOT 111, LOT 1434,\r\nSMI INDUSTRIAL PARK, JALAN BAKO,\r\n93050 KUCHING, SARAWAK', 120, 'PRECIOUS CREDENCE SDN BHD', 226, 'SUBLOT 111, LOT 1434,\r\nSMI INDUSTRIAL PARK, JALAN BAKO,\r\n93050 KUCHING, SARAWAK', '2019-04-21 00:00:00', 2, NULL, 0, NULL, 3, NULL, '2019-04-15 04:19:02', '2019-04-22 06:47:34'),
(83, '93', 'PGK100939', 1, 'LCL', 8, 1, 'PENANG', 4, 'KUCHING', 4, 'KUCHING', 4, 'YEW LEAN FOUNDRY & CO SDN BHD', 165, '2579 LORONG PERUSAHAAN 10, PRAI INDUSTRIAL\r\nESTATE, 13600 PRAI, PULAU PINANG, MALAYSIA.', 5, 'SOUTHERNHEM INDUSTRIES SDN BHD', 6, 'LOT 1200 BLOCK 7, MTLD JALAN DEMAK LAUT 5,\r\nDEMAK LAUT INDUSTRIAL ESTATE 93050 KUCHING\r\nSARAWAK', 5, 'SOUTHERNHEM INDUSTRIES SDN BHD', 6, 'LOT 1200 BLOCK 7, MTLD JALAN DEMAK LAUT 5,\r\nDEMAK LAUT INDUSTRIAL ESTATE 93050 KUCHING\r\nSARAWAK', '2019-04-21 00:00:00', 0, NULL, 0, NULL, 3, NULL, '2019-04-15 04:20:32', '2019-04-22 06:47:34'),
(84, '94', 'PGK100949', 1, 'LCL', 8, 1, 'PENANG', 3, 'KOTA KINABALU', 3, 'KOTA KINABALU', 19, 'TASHIN STEEL SDN. BHD.', 26, 'PLOT 40, LORONG PERUSAHAAN\r\nMAJU 7, KAWASAN PERUSAHAAN 4,\r\n13600 PRAI, PENANG.', 63, 'TECK GUAN TRADING SDN BHD', 158, 'TECK GUAN REGENCY,  318, JALAN ST.PATRICK, OFF JALAN BELUNU, \r\nP.O.BOX 33, 91007 TAWAU, SABAH.', 36, 'SAME AS CONSIGNEE', 41, '.', '2019-04-22 14:32:41', 2, NULL, 0, NULL, 3, '2019-04-16 08:36:34', '2019-04-15 04:26:43', '2019-04-16 08:36:34'),
(85, '88', 'PGKK100889', 1, 'LCL', 8, 1, 'PENANG', 3, 'KOTA KINABALU', 3, 'KOTA KINABALU', 25, 'LEADER STEEL SERVICE CENTRE SDN. BHD.', 30, 'WISMA LEADER STEEL, PLOT 85, LORONG PERUSAHAAN UTAMA,\r\nKAWASAN PERUSAHAAN BUKIT TENGAH, 14000 BUKIT\r\nTENGAH, SEBERANG PERAI TENGAH, PULAU PINANG, MALAYSIA', 51, 'MENG HENG STEEL ENTERPRISE SDN BHD', 105, 'GRD FLR, BLK F, LOT 32 INANAM NEW TOWNSHIP,\r\nP.O.BOX A-53, INANAM, 89357 KOTA KINABALU\r\nSABAH MALAYSIA', 51, 'MENG HENG STEEL ENTERPRISE SDN BHD', 105, 'GRD FLR, BLK F, LOT 32 INANAM NEW TOWNSHIP,\r\nP.O.BOX A-53, INANAM, 89357 KOTA KINABALU\r\nSABAH MALAYSIA', '2019-04-21 00:00:00', 2, NULL, 0, NULL, 3, NULL, '2019-04-15 04:35:13', '2019-04-22 06:47:34'),
(86, '97', 'PGS100979', 7, 'LCL', 7, 1, 'PENANG', 5, 'SIBU', 5, 'SIBU', 18, 'HONG BEE HARDWARE CO. SDN BHD', 20, '50-J, PENGKALAN WELD,\r\n10300\r\nPENANG.', 49, 'OVERSEA UNION INDUSTRIAL (E.M) SDN BHD', 54, 'LOT 495, SEDC INDUSTRIAL ESTATE\r\nUPPER LANANG ROAD, 96000 SIBU, SARAWAK', 49, 'OVERSEA UNION INDUSTRIAL (E.M) SDN BHD', 54, 'LOT 495, SEDC INDUSTRIAL ESTATE\r\nUPPER LANANG ROAD, 96000 SIBU, SARAWAK', '2019-04-21 00:00:00', 2, NULL, 0, NULL, 3, NULL, '2019-04-15 07:26:15', '2019-04-22 04:17:55'),
(87, '98', 'PGK100989', 7, 'LCL', 7, 1, 'PENANG', 4, 'KUCHING', 4, 'KUCHING', 29, 'HEAP SING HUAT METALS MACHINERY SDN. BHD.', 219, 'NO.60, LORONG PRANGIN,\r\n10100 PENANG,\r\nMALAYSIA', 121, 'SENDILAND METAL SDN BHD', 227, '241, LORONG DATUK ABANG ABDUL RAHIM 7C,\r\n93450 KUCHING, SARAWAK', 121, 'SENDILAND METAL SDN BHD', 227, '241, LORONG DATUK ABANG ABDUL RAHIM 7C,\r\n93450 KUCHING, SARAWAK', '2019-04-21 00:00:00', 2, NULL, 0, NULL, 3, NULL, '2019-04-15 07:37:11', '2019-04-22 04:17:55'),
(88, '92', 'PGK100929', 7, 'LCL', 7, 1, 'PENANG', 4, 'KUCHING', 4, 'KUCHING', 16, 'UNITED MALAYAN FLOUR (1996) SDN BHD', 171, '4826 JALAN PERMATANG PAUH\r\n13400, BUTTERWORTH, P.W.', 44, 'UCF (KUCHING) SDN BHD', 170, 'LOT 8275, SUB LOT 47, SECTION 64\r\n2 1/2 MILES, JALAN PENDING\r\n93450 KUCHING, SARAWAK', 44, 'UCF (KUCHING) SDN BHD', 170, 'LOT 8275, SUB LOT 47, SECTION 64\r\n2 1/2 MILES, JALAN PENDING\r\n93450 KUCHING, SARAWAK', '2019-04-21 00:00:00', 2, NULL, 0, NULL, 3, NULL, '2019-04-15 08:54:25', '2019-04-22 04:17:55'),
(89, '100', 'PGS101009', 7, 'LCL', 7, 1, 'PENANG', 5, 'SIBU', 5, 'SIBU', 19, 'TASHIN STEEL SDN. BHD.', 26, 'PLOT 40, LORONG PERUSAHAAN\r\nMAJU 7, KAWASAN PERUSAHAAN 4,\r\n13600 PRAI, PENANG.', 116, 'TO ORDER', 180, '.', 122, 'SIN YEW SENG HARDWARE & MACHINERIES SDN BHD', 228, '19 JALAN KHOO PENG LOONG,\r\nP.O.BOX 1695, 96008 SIBU SARAWAK', '2019-04-21 00:00:00', 2, NULL, 0, NULL, 3, NULL, '2019-04-16 03:45:17', '2019-04-22 04:17:55'),
(90, '89', 'PGKK100899', 1, 'LCL', 8, 1, 'PENANG', 3, 'KOTA KINABALU', 3, 'KOTA KINABALU', 31, 'CHUAN WOOI HARDWARE SDN. BHD.', 195, '4944, JALAN SIRAM,\r\n12100 BUTTERWORTH PENANG,\r\nMALAYSIA', 63, 'TECK GUAN TRADING SDN BHD', 158, 'JALAN CENDERAKASIH OFF JALAN LINTAS,\r\n(HADAPAN PUSPAKOM),\r\n(P.O.BOX NO.12324, 88826 K.K.)\r\n88450 KOTA KINABALU, SABAH', 36, 'SAME AS CONSIGNEE', 41, '.', '2019-04-21 00:00:00', 2, NULL, 0, NULL, 3, NULL, '2019-04-16 03:55:59', '2019-04-22 06:47:34'),
(91, '101', 'PGKK101019', 1, 'LCL', 8, 1, 'PENANG', 3, 'KOTA KINABALU', 3, 'KOTA KINABALU', 19, 'TASHIN STEEL SDN. BHD.', 26, 'PLOT 40, LORONG PERUSAHAAN\r\nMAJU 7, KAWASAN PERUSAHAAN 4,\r\n13600 PRAI, PENANG.', 63, 'TECK GUAN TRADING SDN BHD', 158, 'TECK GUAN REGENCY, 318,\r\n JALAN ST.PATRICK, OFF JALAN BELUNU, 91000 TAWAU, SABAH.', 36, 'SAME AS CONSIGNEE', 41, '.', '2019-04-21 00:00:00', 2, NULL, 0, NULL, 3, NULL, '2019-04-16 06:36:11', '2019-04-22 06:47:34'),
(92, '102', 'PGK101029', 7, 'LCL', 7, 1, 'PENANG', 4, 'KUCHING', 4, 'KUCHING', 19, 'TASHIN STEEL SDN. BHD.', 26, 'PLOT 40, LORONG PERUSAHAAN\r\nMAJU 7, KAWASAN PERUSAHAAN 4,\r\n13600 PRAI, PENANG.', 116, 'TO ORDER', 180, '.', 48, 'CHUN YU HARDWARE SDN BHD', 229, 'NO.200, LOT 504, BLOCK 24, MTLD,\r\nBATU 2 1/2, JLN DATUK MOHAMMAD MUSA,\r\n94300 KOTA SAMARAHAN', '2019-04-21 00:00:00', 2, NULL, 0, NULL, 3, NULL, '2019-04-16 08:31:43', '2019-04-22 04:17:55'),
(93, '86', 'PGS100869', 7, 'LCL', 7, 1, 'PENANG', 5, 'SIBU', 5, 'SIBU', 11, 'UAC BERHAD', 216, 'LEVEL 10, MENARA UAC, NO. 12, JALAN PJU 7/5\r\nMUTIARA DAMANSARA, 47800 PETALING JAYA\r\nSELANGOR DARUL EHSAN', 38, 'PANSAR COMPANY SDN BHD', 230, 'WISMA PANSAR 23-27, JALAN BENGKEL,\r\n96000 SIBU, SARAWAK.', 38, 'PANSAR COMPANY SDN BHD', 230, 'WISMA PANSAR 23-27, JALAN BENGKEL,\r\n96000 SIBU, SARAWAK.', '2019-04-21 00:00:00', 2, NULL, 0, NULL, 3, NULL, '2019-04-17 02:51:04', '2019-04-22 04:17:55'),
(94, '87', 'PGS100879', 7, 'LCL', 7, 1, 'PENANG', 5, 'SIBU', 5, 'SIBU', 11, 'UAC BERHAD', 216, 'LEVEL 10, MENARA UAC, NO. 12, JALAN PJU 7/5\r\nMUTIARA DAMANSARA, 47800 PETALING JAYA\r\nSELANGOR DARUL EHSAN', 103, 'CHEE LIAN TRADING SDN BHD', 234, 'NO.6B, LORONG SUKUN 28,\r\nUPPER LANANG, 96000 SIBU, SARAWAK', 103, 'CHEE LIAN TRADING SDN BHD', 234, 'NO.6B, LORONG SUKUN 28,\r\nUPPER LANANG, 96000 SIBU, SARAWAK', '2019-04-21 00:00:00', 2, NULL, 0, NULL, 3, NULL, '2019-04-17 02:58:12', '2019-04-22 04:17:55');
INSERT INTO `bill_ladings` (`id`, `bc_no`, `bl_no`, `vessel_id`, `vessel_type`, `voyage_id`, `pol_id`, `pol_name`, `pod_id`, `pod_name`, `fpd_id`, `fpd_name`, `shipper_id`, `shipper_name`, `shipper_add_id`, `shipper_add`, `consignee_id`, `consignee_name`, `consignee_add_id`, `consignee_add`, `notify_id`, `notify_name`, `notify_add_id`, `notify_add`, `bl_date`, `freight_term`, `cont_ownership`, `telex_status`, `telex_path`, `no_of_bl`, `deleted_at`, `created_at`, `updated_at`) VALUES
(95, '99', 'PGS100999', 7, 'LCL', 7, 1, 'PENANG', 5, 'SIBU', 5, 'SIBU', 31, 'CHUAN WOOI HARDWARE SDN. BHD.', 195, '4944, JALAN SIRAM,\r\n12100 BUTTERWORTH PENANG,\r\nMALAYSIA', 123, 'MARSAR INDUSTRIAL SDN BHD', 235, '17C-D, LANANG ROAD,\r\n96007 SIBU, SARAWAK', 123, 'MARSAR INDUSTRIAL SDN BHD', 235, '17C-D, LANANG ROAD,\r\n96007 SIBU, SARAWAK', '2019-04-22 13:00:26', 2, NULL, 0, NULL, 3, NULL, '2019-04-17 03:02:57', '2019-04-22 05:00:26'),
(96, '105', 'PGKK101059', 1, 'LCL', 8, 1, 'PENANG', 3, 'KOTA KINABALU', 3, 'KOTA KINABALU', 50, 'SHIUH DONG INDUSTRIES SDN.BHD.', 220, '60, PRANGIN LANE,\r\n10100 PENANG, MALAYSIA', 37, 'KOZAI (SABAH) SDN BHD', 100, 'PO BOX 14443\r\n88850 KOTA KINABALU, SABAH', 37, 'KOZAI (SABAH) SDN BHD', 100, 'PO BOX 14443\r\n88850 KOTA KINABALU, SABAH', '2019-04-21 00:00:00', 2, NULL, 0, NULL, 3, NULL, '2019-04-17 06:18:40', '2019-04-22 06:47:34'),
(97, '106', 'PGKK101069', 1, 'LCL', 8, 1, 'PENANG', 3, 'KOTA KINABALU', 3, 'KOTA KINABALU', 21, 'SOUTHERN STEEL ROD SDN BHD', 244, '2723 LORONG PERUSAHAAN 12\r\nPRAI INDUSTRIAL ESTATE\r\n13600 PRAI, PULAU PINANG, MALAYSIA', 116, 'TO ORDER', 180, '.', 124, 'TECK GUAN STEEL SDN BHD', 236, 'JALAN CENDERAKASIH,\r\nOFF JALAN LINTAS, KOLOMBONG,\r\n88450 KOTA KINABALU, SABAH', '2019-04-21 00:00:00', 0, NULL, 0, NULL, 3, NULL, '2019-04-18 02:06:37', '2019-04-22 06:47:34'),
(98, '107', 'PGKK101079', 1, 'LCL', 8, 1, 'PENANG', 3, 'KOTA KINABALU', 3, 'KOTA KINABALU', 21, 'SOUTHERN STEEL ROD SDN BHD', 244, '2723 LORONG PERUSAHAAN 12\r\nPRAI INDUSTRIAL ESTATE\r\n13600 PRAI, PULAU PINANG, MALAYSIA', 116, 'TO ORDER', 180, '.', 125, 'ALFA STEEL SDN BHD', 237, 'WISMA KIONG SING, MILE 7,\r\nJALAN TUARAN, INANAM\r\nP.O.BOX 11218, 88813 KOTA KINABALU', '2019-04-21 00:00:00', 0, NULL, 0, NULL, 3, NULL, '2019-04-18 02:09:50', '2019-04-22 06:47:34'),
(99, '108', 'PGKK101089', 1, 'LCL', 8, 1, 'PENANG', 3, 'KOTA KINABALU', 3, 'KOTA KINABALU', 21, 'SOUTHERN STEEL ROD SDN BHD', 244, '2723 LORONG PERUSAHAAN 12\r\nPRAI INDUSTRIAL ESTATE\r\n13600 PRAI, PULAU PINANG, MALAYSIA', 126, 'KWANG HING HONG INDUSTRIES SDN BHD', 238, 'LOT 23, SMI WOOD VENDOR SCHEME\r\nJALAN 1D, JALAN SEPANGGAR,\r\nMENGGATAL 88450 KOTA KINABALU', 126, 'KWANG HING HONG INDUSTRIES SDN BHD', 238, 'LOT 23, SMI WOOD VENDOR SCHEME\r\nJALAN 1D, JALAN SEPANGGAR,\r\nMENGGATAL 88450 KOTA KINABALU', '2019-04-21 00:00:00', 0, NULL, 0, NULL, 3, NULL, '2019-04-18 02:12:07', '2019-04-22 06:47:34'),
(100, '109', 'PGK101099', 1, 'LCL', 8, 1, 'PENANG', 4, 'KUCHING', 4, 'KUCHING', 21, 'SOUTHERN STEEL ROD SDN BHD', 244, '2723 LORONG PERUSAHAAN 12\r\nPRAI INDUSTRIAL ESTATE\r\n13600 PRAI, PULAU PINANG, MALAYSIA', 116, 'TO ORDER', 180, '.', 10, 'YUNG KONG METAL WORKS CO BHD', 239, 'WISMA HII YII NGIIK, 1ST FLOOR, LOT 7573\r\nJALAN KWONG LEE BANK, 93450 KUCHING,\r\nSARAWAK', '2019-04-21 00:00:00', 0, NULL, 0, NULL, 3, NULL, '2019-04-18 02:14:50', '2019-04-22 06:47:34'),
(101, '110', 'PGKK101109', 1, 'LCL', 8, 1, 'PENANG', 3, 'KOTA KINABALU', 3, 'KOTA KINABALU', 21, 'SOUTHERN STEEL ROD SDN BHD', 244, '2723 LORONG PERUSAHAAN 12\r\nPRAI INDUSTRIAL ESTATE\r\n13600 PRAI, PULAU PINANG, MALAYSIA', 116, 'TO ORDER', 180, '.', 127, 'HONG SING INDUSTRIES (SABAH) SDN. BHD.', 240, 'MILE 5 1/2, JALAN TUARAN,\r\n88000 KOTA KINABALU, SABAH', '2019-04-21 00:00:00', 0, NULL, 0, NULL, 3, NULL, '2019-04-18 02:17:31', '2019-04-22 06:47:34'),
(102, '112', 'PGK101129', 1, 'LCL', 8, 1, 'BUTTERWORTH PORT, PENANG', 4, 'KUCHING PORT, SARAWAK', 4, 'KUCHING PORT, SARAWAK', 8, 'ANN JOO STEEL BERHAD', 194, 'LOT 1236, PRAI INDUSTRIAL ESTATE,\r\n13600 PRAI, PENANG', 128, 'SOLAR UTAMA SDN BHD', 241, 'LOT 898. JALAN GUBAH BINTAWA\r\nINDUSTRIAL ESTATE\r\n93450 KUCHING, SARAWAK.', 128, 'SOLAR UTAMA SDN BHD', 241, 'LOT 898. JALAN GUBAH BINTAWA\r\nINDUSTRIAL ESTATE\r\n93450 KUCHING, SARAWAK.', '2019-04-21 00:00:00', 0, NULL, 0, NULL, 3, NULL, '2019-04-18 03:55:12', '2019-04-22 06:47:34'),
(103, '116', 'PGK101169', 7, 'LCL', 7, 1, 'PENANG', 4, 'KUCHING', 4, 'KUCHING', 52, 'SOUTHERN STEEL BERHAD', 221, '2723, LORONG PERUSAHAAN 12\r\nPRAI INDUSTRIAL ESTATE\r\n13600 PRAI, PULAU PINANG', 27, 'SARA-BESI HARDWARE & ENGINEERING SDN BHD', 92, 'NO 248 & 250, TECK GUAN BUILDING, JALAN PADUNGAN, 93100 KUCHING, SARAWAK.', 36, 'SAME AS CONSIGNEE', 41, '.', '2019-04-21 00:00:00', 0, NULL, 0, NULL, 3, NULL, '2019-04-18 09:09:56', '2019-04-22 04:17:55'),
(104, '115', 'PGS101159', 7, 'LCL', 7, 1, 'PENANG', 5, 'SIBU', 5, 'SIBU', 52, 'SOUTHERN STEEL BERHAD', 221, '2723, LORONG PERUSAHAAN 12\r\nPRAI INDUSTRIAL ESTATE\r\n13600 PRAI, PULAU PINANG', 40, 'WISEBUILD INDUSTRIES SDN. BHD.', 45, 'LOT 2598, BLOCK 32, KEMENA INDUSTRIAL ESTATE,\r\nJALAN BINTULU-TATAU, 97000 BINTULU, SARAWAK\r\nTEL:086-331071/331072 FAX:086-338073', 117, 'MILLION TRANSPORT & HANDLING SERVICES', 182, '2A, LORONG BUKIT LIMA TIMUR 7\r\n96000, SIBU SARAWAK', '2019-04-21 11:19:25', 0, NULL, 0, NULL, 3, NULL, '2019-04-18 09:21:35', '2019-04-30 03:19:25'),
(105, '114', 'PGS101149', 7, 'LCL', 7, 1, 'PENANG', 5, 'SIBU', 5, 'SIBU', 2, 'WISEBUILD INDUSTRIES SDN BHD', 193, 'LOT 2598, BLK 32, KEMENA INDUSTRIAL ESTATE,\r\nJLN BINTULU-TATAU, 97000 BINTULU, SARAWAK\r\nON BEHALF OF M/S SOUTHERN STEEL BHD', 129, 'PEKERJAAAN PIASAU KONKERIT SDN BHD', 242, 'LOT 515, JALAN DATUK EDWARD JELI,\r\nPIASAU INDUSTRIAL ESTATE\r\nP.O.BOX 1599, 98008, MIRI SARAWAK', 40, 'WISEBUILD INDUSTRIES SDN. BHD.', 45, 'LOT 2598, BLOCK 32, KEMENA INDUSTRIAL ESTATE,\r\nJALAN BINTULU-TATAU, 97000 BINTULU, SARAWAK\r\nTEL:086-331071/331072 FAX:086-338073', '2019-04-21 00:00:00', 0, NULL, 0, NULL, 3, NULL, '2019-04-18 09:33:19', '2019-04-22 04:17:55'),
(106, '113', 'PGK101139', 7, 'LCL', 7, 1, 'PENANG', 4, 'KUCHING', 4, 'KUCHING', 11, 'UAC BERHAD', 216, 'LEVEL 10, MENARA UAC, NO. 12, JALAN PJU 7/5\r\nMUTIARA DAMANSARA, 47800 PETALING JAYA\r\nSELANGOR DARUL EHSAN', 39, 'ZEN BUILDING MATERIAL SDN BHD', 44, 'NO.113, JALAN ARANG,\r\n93250 KUCHING, SARAWAK.', 39, 'ZEN BUILDING MATERIAL SDN BHD', 44, 'NO.113, JALAN ARANG,\r\n93250 KUCHING, SARAWAK.', '2019-04-21 00:00:00', 2, NULL, 0, NULL, 3, NULL, '2019-04-19 01:48:00', '2019-04-22 04:17:55'),
(107, '118', 'PGK101189', 7, 'LCL', 7, 1, 'BUTTERWORTH PORT, PENANG', 4, 'KUCHING PORT, SARAWAK', 4, 'KUCHING PORT, SARAWAK', 8, 'ANN JOO STEEL BERHAD', 194, 'LOT 1236, PRAI INDUSTRIAL ESTATE,\r\n13600 PRAI, PENANG', 77, 'YUNG KONG CO  BHD', 96, 'WISMA HII YII NGIIK, 3RD FLOOR,\r\nLOT 7573, JALAN KWONG LEE BANK,\r\n93450 KUCHING SARAWAK MALAYSIA', 77, 'YUNG KONG CO  BHD', 96, 'WISMA HII YII NGIIK, 3RD FLOOR,\r\nLOT 7573, JALAN KWONG LEE BANK,\r\n93450 KUCHING SARAWAK MALAYSIA', '2019-04-21 00:00:00', 0, NULL, 0, NULL, 3, NULL, '2019-04-19 08:10:08', '2019-04-22 04:17:55'),
(108, '104', 'PGM101049', 3, 'LCL', 12, 1, 'PENANG', 11, 'MIRI', 11, 'MIRI', 22, 'YONGTA STEEL INDUSTRIES SDN BHD', 196, 'LOT 333, JALAN PKNK 3/5,\r\nKAWASAN PERINDUSTRIAN SUNGAI PETANI\r\n(LPK), 08000 SUNGAI PETANI, KEDAH', 81, 'SYARIKAT MOH HUAT SDN. BHD.', 109, 'LOT 1764-1767, SEDC PIASAU INDUSTRIAL\r\nESTATE, PHASE 3, PIASAU UTARA,\r\n98008 MIRI SARAWAK\r\nTEL:085-664228 FAX:085-663828', 36, 'SAME AS CONSIGNEE', 41, '.', '2019-04-27 17:51:35', 2, NULL, 0, NULL, 3, NULL, '2019-04-19 08:25:30', '2019-04-25 09:51:35'),
(109, '117', 'PGM101179', 3, 'LCL', 12, 1, 'PENANG', 11, 'MIRI', 11, 'MIRI', 4, 'YEW LEAN FOUNDRY & CO SDN BHD', 165, '2579 LORONG PERUSAHAAN 10, PRAI INDUSTRIAL\r\nESTATE, 13600 PRAI, PULAU PINANG, MALAYSIA.', 5, 'SOUTHERNHEM INDUSTRIES SDN BHD', 6, 'LOT 1200 BLOCK 7, MTLD JALAN DEMAK LAUT 5, DEMAK LAUT INDUSTRIAL ESTATE 93050 KUCHING SARAWAK', 5, 'SOUTHERNHEM INDUSTRIES SDN BHD', 6, 'LOT 1200 BLOCK 7, MTLD JALAN DEMAK LAUT 5, DEMAK LAUT INDUSTRIAL ESTATE 93050 KUCHING SARAWAK', '2019-04-27 00:00:00', 0, NULL, 0, NULL, 3, NULL, '2019-04-19 08:29:24', '2019-04-24 02:20:29'),
(110, '111', 'PGM101119', 3, 'LCL', 12, 1, 'PENANG', 11, 'MIRI', 11, 'MIRI', 11, 'UAC BERHAD', 216, 'LEVEL 10, MENARA UAC, NO. 12, JALAN PJU 7/5\r\nMUTIARA DAMANSARA, 47800 PETALING JAYA\r\nSELANGOR DARUL EHSAN', 38, 'PANSAR COMPANY SDN BHD', 247, 'LOT 295, KG DAGANG, JLN RIVER\r\nBEAUTIFUL JADE CENTRE,\r\n98007 MIRI, SARARAK.', 38, 'PANSAR COMPANY SDN BHD', 247, 'LOT 295, KG DAGANG, JLN RIVER\r\nBEAUTIFUL JADE CENTRE,\r\n98007 MIRI, SARARAK.', '2019-04-27 00:00:00', 2, NULL, 0, NULL, 3, NULL, '2019-04-23 04:42:24', '2019-04-24 02:20:29'),
(111, '124', 'PGB101249', 3, 'LCL', 12, 1, 'PENANG', 6, 'BINTULU', 6, 'BINTULU', 17, 'CHEAH HONG INN SDN BHD', 243, '2526, TINGKAT PERUSAHAAN ENAM,\r\nPRAI INDUSTRIAL ESTATE,\r\n13600 PRAI', 130, 'FOJOHN HARDWARE SDN BHD', 251, 'LOT 3632, BLOCK 26, KEMENA LAND DISTRICT,KIDURONG INDUSTRIAL ESTATE TANJUNG KIDURONG, 97011 BINTULU SARAWAK', 36, 'SAME AS CONSIGNEE', 41, '.', '2019-04-27 10:37:43', 2, NULL, 0, NULL, 3, NULL, '2019-04-24 02:34:30', '2019-04-24 02:37:43'),
(112, '138', 'PGM101389', 3, 'LCL', 12, 1, 'BUTTERWORTH PORT, PENANG', 11, 'MIRI PORT, SARAWAK', 11, 'MIRI PORT, SARAWAK', 8, 'ANN JOO STEEL BERHAD', 194, 'LOT 1236, PRAI INDUSTRIAL ESTATE,\r\n13600 PRAI, PENANG', 133, 'GOLDEN SUCCESS INDUSTRIES SDN BHD', 254, 'LOT 1233, BLOCK 5, KUALA BARAM\r\nLAND DISTRICT, SENADIN INDUSTRIAL\r\nESTATE, 98107 MIRI, SARAWAK.', 133, 'GOLDEN SUCCESS INDUSTRIES SDN BHD', 254, 'LOT 1233, BLOCK 5, KUALA BARAM\r\nLAND DISTRICT, SENADIN INDUSTRIAL\r\nESTATE, 98107 MIRI, SARAWAK.', '2019-04-27 09:35:48', 0, NULL, 0, NULL, 3, NULL, '2019-04-24 02:46:16', '2019-04-27 01:35:48'),
(113, '139', 'PGM101399', 3, 'LCL', 12, 1, 'BUTTERWORTH PORT, PENANG', 11, 'MIRI PORT, SARAWAK', 11, 'MIRI PORT, SARAWAK', 8, 'ANN JOO STEEL BERHAD', 194, 'LOT 1236, PRAI INDUSTRIAL ESTATE,\r\n13600 PRAI, PENANG', 132, 'ANN JOO STEEL BHD C/O FOJOHN HARDWARE (MIRI) SDN BHD', 253, 'LOT 1967, BLOCK 5, KUALA BARAM\r\n98000 MIRI, SARAWAK.', 132, 'ANN JOO STEEL BHD C/O FOJOHN HARDWARE (MIRI) SDN BHD', 253, 'LOT 1967, BLOCK 5, KUALA BARAM\r\n98000 MIRI, SARAWAK.', '2019-04-27 14:43:50', 0, NULL, 0, NULL, 3, NULL, '2019-04-24 02:47:11', '2019-04-24 06:43:50'),
(114, '141', 'PGB101419', 3, 'LCL', 12, 1, 'BUTTERWORTH PORT, PENANG', 6, 'BINTULU PORT, SARAWAK', 6, 'BINTULU PORT, SARAWAK', 8, 'ANN JOO STEEL BERHAD', 194, 'LOT 1236, PRAI INDUSTRIAL ESTATE,\r\n13600 PRAI, PENANG', 131, 'CHUAN HUAT METAL SDN BHD', 252, 'WISMA HII YII NGIIK, 2ND FLOOR,\r\nLOTS 7572-7574, JALAN KWONG LEE BANK,\r\n93450 KUCHING, SARAWAK', 131, 'CHUAN HUAT METAL SDN BHD', 252, 'WISMA HII YII NGIIK, 2ND FLOOR,\r\nLOTS 7572-7574, JALAN KWONG LEE BANK,\r\n93450 KUCHING, SARAWAK', '2019-04-27 11:05:30', 0, NULL, 0, NULL, 3, NULL, '2019-04-24 02:51:05', '2019-04-24 03:05:30'),
(115, '142', 'PGB101429', 3, 'LCL', 12, 1, 'BUTTERWORTH PORT, PENANG', 6, 'BINTULU PORT, SARAWAK', 6, 'BINTULU PORT, SARAWAK', 8, 'ANN JOO STEEL BERHAD', 194, 'LOT 1236, PRAI INDUSTRIAL ESTATE,\r\n13600 PRAI, PENANG', 40, 'WISEBUILD INDUSTRIES SDN. BHD.', 45, 'LOT 2598, BLOCK 32, \r\nKEMENA INDUSTRIAL ESTATE,\r\nJALAN BINTULU-TATAU, 97000 \r\nBINTULU, SARAWAK', 36, 'SAME AS CONSIGNEE', 41, '.', '2019-04-27 11:07:00', 0, NULL, 0, NULL, 3, NULL, '2019-04-24 02:52:47', '2019-04-24 03:07:00'),
(116, '143', 'PGSK101439', 6, 'LCL', 9, 1, 'PENANG', 8, 'SANDAKAN', 8, 'SANDAKAN', 29, 'HEAP SING HUAT METALS MACHINERY SDN. BHD.', 219, 'NO.60, LORONG PRANGIN,\r\n10100 PENANG,\r\nMALAYSIA', 134, 'WAI KONG HONG SDN BHD', 255, 'LABUK ROAD, BANDAR KIM FUNG,\r\nP.O.BOX 1282 90714 SANDAKAN,\r\nSABAH', 134, 'WAI KONG HONG SDN BHD', 255, 'LABUK ROAD, BANDAR KIM FUNG,\r\nP.O.BOX 1282 90714 SANDAKAN,\r\nSABAH', '2019-05-01 00:00:00', 2, NULL, 0, NULL, 3, NULL, '2019-04-24 03:13:22', '2019-05-02 04:00:44'),
(117, '136', 'PGT101369', 6, 'LCL', 9, 1, 'PENANG', 7, 'TAWAU', 7, 'TAWAU', 18, 'HONG BEE HARDWARE CO. SDN BHD', 278, '50-J, PENGKALAN WELD,\r\n10300 PENANG.', 135, 'MAN HING HARDWARE SDN BHD', 256, '2893 MILE 1, JALAN KUHARA,\r\nP.O.BOX 756,\r\n91008 TAWAU, SABAH', 135, 'MAN HING HARDWARE SDN BHD', 256, '2893 MILE 1, JALAN KUHARA,\r\nP.O.BOX 756,\r\n91008 TAWAU, SABAH', '2019-05-01 00:00:00', 0, NULL, 0, NULL, 3, NULL, '2019-04-24 04:21:06', '2019-05-02 04:00:44'),
(118, '121', 'PGSK101219', 6, 'LCL', 9, 1, 'PENANG', 8, 'SANDAKAN', 8, 'SANDAKAN', 11, 'UAC BERHAD', 216, 'LEVEL 10, MENARA UAC, NO. 12, JALAN PJU 7/5\r\nMUTIARA DAMANSARA, 47800 PETALING JAYA\r\nSELANGOR DARUL EHSAN', 63, 'TECK GUAN TRADING SDN BHD', 158, 'TECK GUAN BUILDING, MILE 7.5,\r\nJALAN LABUK, WDT NO.173,\r\n90009 SANDAKAN, SABAH.', 36, 'SAME AS CONSIGNEE', 41, '.', '2019-05-01 00:00:00', 2, NULL, 0, NULL, 3, NULL, '2019-04-24 04:25:50', '2019-05-02 04:00:44'),
(119, '135', 'PGT101359', 6, 'LCL', 9, 1, 'PENANG', 7, 'TAWAU', 7, 'TAWAU', 18, 'HONG BEE HARDWARE CO. SDN BHD', 278, '50-J, PENGKALAN WELD,\r\n10300\r\nPENANG.', 35, 'ASTEEL (SABAH) SDN BHD', 135, 'TB758, JALAN APAS, 91018 TAWAU,\r\nSABAH, MALAYSIA', 35, 'ASTEEL (SABAH) SDN BHD', 135, 'TB758, JALAN APAS, 91018 TAWAU,\r\nSABAH, MALAYSIA', '2019-05-01 00:00:00', 2, NULL, 0, NULL, 3, NULL, '2019-04-24 04:30:28', '2019-05-02 04:00:44'),
(120, '137', 'PGLD101379', 6, 'LCL', 9, 1, 'PENANG', 9, 'LAHAD DATU', 9, 'LAHAD DATU', 18, 'HONG BEE HARDWARE CO. SDN BHD', 278, '50-J, PENGKALAN WELD,\r\n10300\r\nPENANG.', 63, 'TECK GUAN TRADING SDN BHD', 257, 'MILE 1-1/2, JALAN SEGAMA,\r\n91110 LAHAD DATU, SABAH.', 63, 'TECK GUAN TRADING SDN BHD', 257, 'MILE 1-1/2, JALAN SEGAMA,\r\n91110 LAHAD DATU, SABAH.', '2019-05-01 12:42:56', 2, NULL, 0, NULL, 3, NULL, '2019-04-24 04:33:17', '2019-05-02 04:42:56'),
(121, '134', 'PGK101349', 6, 'LCL', 9, 1, 'PENANG', 4, 'KUCHING', 4, 'KUCHING', 16, 'UNITED MALAYAN FLOUR (1996) SDN BHD', 171, '4826 JALAN PERMATANG PAUH\r\n13400, BUTTERWORTH, P.W.', 44, 'UCF (KUCHING) SDN BHD', 170, 'LOT 8275, SUB LOT 47, SECTION 64\r\n2 1/2 MILES, JALAN PENDING\r\n93450 KUCHING, SARAWAK', 44, 'UCF (KUCHING) SDN BHD', 170, 'LOT 8275, SUB LOT 47, SECTION 64\r\n2 1/2 MILES, JALAN PENDING\r\n93450 KUCHING, SARAWAK', '2019-05-01 00:00:00', 2, NULL, 0, NULL, 3, NULL, '2019-04-24 04:36:16', '2019-05-02 04:00:44'),
(122, '123', 'PGT101239', 6, 'LCL', 9, 1, 'PENANG', 7, 'TAWAU', 7, 'TAWAU', 11, 'UAC BERHAD', 216, 'LEVEL 10, MENARA UAC, NO. 12, JALAN PJU 7/5\r\nMUTIARA DAMANSARA, 47800 PETALING JAYA\r\nSELANGOR DARUL EHSAN', 63, 'TECK GUAN TRADING SDN BHD', 258, 'TECK GUAN REGENCY, JALAN ST.PATRICK,\r\nOFF JALAN BELUNU, 91000 TAWAU, SABAH.', 63, 'TECK GUAN TRADING SDN BHD', 258, 'TECK GUAN REGENCY, JALAN ST.PATRICK,\r\nOFF JALAN BELUNU, 91000 TAWAU, SABAH.', '2019-05-01 00:00:00', 2, NULL, 0, NULL, 3, NULL, '2019-04-24 04:41:23', '2019-05-02 04:00:44'),
(123, '149', 'PGSK101499', 6, 'LCL', 9, 1, 'PENANG', 8, 'SANDAKAN', 8, 'SANDAKAN', 50, 'SHIUH DONG INDUSTRIES SDN.BHD.', 220, '60, PRANGIN LANE,\r\n10100 PENANG, MALAYSIA', 59, 'PALUCKY SDN BHD', 103, 'LOT 185-187, LORONG SEDCO 7,\r\nSEDCO LIGHT INDUSTRIAL ESTATE,\r\nPHASE II MILE 2 3/4 NORTH ROAD,\r\n90711 SANDAKAN, SABAH, MALAYSIA.', 36, 'SAME AS CONSIGNEE', 41, '.', '2019-05-01 00:00:00', 2, NULL, 0, NULL, 3, NULL, '2019-04-24 04:46:34', '2019-05-02 04:00:44'),
(124, '150', 'PGB101509', 3, 'LCL', 12, 1, 'PENANG PORT', 6, 'BINTULU, SARAWAK', 6, 'BINTULU', 21, 'SOUTHERN STEEL ROD SDN BHD', 244, '2723 LORONG PERUSAHAAN 12\r\nPRAI INDUSTRIAL ESTATE\r\n13600 PRAI, PULAU PINANG, MALAYSIA', 116, 'TO ORDER', 180, '.', 40, 'WISEBUILD INDUSTRIES SDN. BHD.', 45, 'LOT 2598, BLOCK 32, KEMENA INDUSTRIAL ESTATE, JALAN BINTULU-TATAU, 97000 BINTULU, SARAWAK', '2019-04-27 09:39:45', 0, NULL, 0, NULL, 3, NULL, '2019-04-24 06:03:09', '2019-04-29 01:39:45'),
(125, '151', 'PGB101519', 3, 'LCL', 12, 1, 'PENANG', 6, 'BINTULU', 6, 'BINTULU', 52, 'SOUTHERN STEEL BERHAD', 221, '2723, LORONG PERUSAHAAN 12\r\nPRAI INDUSTRIAL ESTATE\r\n13600 PRAI, PULAU PINANG', 40, 'WISEBUILD INDUSTRIES SDN. BHD.', 45, 'LOT 2598, BLOCK 32, KEMENA INDUSTRIAL ESTATE, JALAN BINTULU-TATAU, 97000 BINTULU, SARAWAK', 36, 'SAME AS CONSIGNEE', 41, '.', '2019-04-27 10:57:14', 0, NULL, 0, NULL, 3, NULL, '2019-04-24 06:05:22', '2019-04-29 02:57:14'),
(126, '152', 'PGB101529', 3, 'LCL', 12, 1, 'PENANG PORT', 6, 'BINTULU PORT', 6, 'BINTULU', 52, 'SOUTHERN STEEL BERHAD', 221, '2723, LORONG PERUSAHAAN 12\r\nPRAI INDUSTRIAL ESTATE\r\n13600 PRAI, PULAU PINANG', 40, 'WISEBUILD INDUSTRIES SDN. BHD.', 45, 'LOT 2598, BLOCK 32, KEMENA \r\nINDUSTRIAL ESTATE, JALAN BINTULU-TATAU, 97000 BINTULU, SARAWAK', 36, 'SAME AS CONSIGNEE', 41, '.', '2019-04-27 14:19:12', 0, NULL, 0, NULL, 3, NULL, '2019-04-24 06:07:29', '2019-04-24 06:19:12'),
(127, '148', 'PGLD101489', 6, 'LCL', 9, 1, 'PENANG', 9, 'LAHAD DATU', 9, 'LAHAD DATU', 17, 'CHEAH HONG INN SDN BHD', 243, '2526, TINGKAT PERUSAHAAN ENAM,\r\nPRAI INDUSTRIAL ESTATE,\r\n13600 PRAI', 137, 'KILANG BATA LAHAD DATU SDN BHD', 264, 'KIMBELL LIGHT INDUSTRIAL,\r\nMILE 2, JALAN DAM, P.O.BOX 60296,\r\n91112 LAHAD DATU SABAH', 137, 'KILANG BATA LAHAD DATU SDN BHD', 264, 'KIMBELL LIGHT INDUSTRIAL,\r\nMILE 2, JALAN DAM, P.O.BOX 60296,\r\n91112 LAHAD DATU SABAH', '2019-05-01 00:00:00', 2, NULL, 0, NULL, 3, NULL, '2019-04-24 06:39:12', '2019-05-02 04:00:44'),
(128, '147', 'PGLD101479', 6, 'LCL', 9, 1, 'PENANG', 9, 'LAHAD DATU', 9, 'LAHAD DATU', 17, 'CHEAH HONG INN SDN BHD', 291, '2526, TINGKAT PERUSAHAAN ENAM,\r\nPRAI INDUSTRIAL ESTATE,\r\n13600 PRAI', 99, 'LAHAD DATU METAL SDN.BHD.', 142, 'MDLD 3311, 1ST FLOOR, LOT 46,\r\nFAJAR CENTRE, JALAN SEGAMA,\r\n91110 LAHAD DATU, SABAH.', 99, 'LAHAD DATU METAL SDN.BHD.', 142, 'MDLD 3311, 1ST FLOOR, LOT 46,\r\nFAJAR CENTRE, JALAN SEGAMA,\r\n91100 LAHAD DATU, SABAH.', '2019-05-01 00:00:00', 2, NULL, 0, NULL, 3, NULL, '2019-04-24 06:39:50', '2019-05-02 04:00:44'),
(129, '146', 'PGSK101469', 6, 'LCL', 9, 1, 'PENANG', 8, 'SANDAKAN', 8, 'SANDAKAN', 17, 'CHEAH HONG INN SDN BHD', 243, '2526, TINGKAT PERUSAHAAN ENAM,\r\nPRAI INDUSTRIAL ESTATE,\r\n13600 PRAI', 136, 'JOHAN BERLIAN SDN BHD', 263, 'LOT 2-3 BLOK A, BANDAR SIBUGA JAYA,\r\nMILE 8, JALAN LABUK, 90708\r\nSANDAKAN, SABAH', 136, 'JOHAN BERLIAN SDN BHD', 263, 'LOT 2-3 BLOK A, BANDAR SIBUGA JAYA,\r\nMILE 8, JALAN LABUK, 90708\r\nSANDAKAN, SABAH', '2019-05-01 00:00:00', 2, NULL, 0, NULL, 3, NULL, '2019-04-24 06:40:32', '2019-05-02 04:00:44'),
(130, '145', 'PGT101459', 6, 'LCL', 9, 1, 'PENANG', 7, 'TAWAU', 7, 'TAWAU', 17, 'CHEAH HONG INN SDN BHD', 243, '2526, TINGKAT PERUSAHAAN ENAM,\r\nPRAI INDUSTRIAL ESTATE,\r\n13600 PRAI', 63, 'TECK GUAN TRADING SDN BHD', 257, 'TECK GUAN REGENCY, JALAN ST.PATRICK,\r\nOFF JALAN BELUNU, 91000 TAWAU, SABAH.', 63, 'TECK GUAN TRADING SDN BHD', 257, 'TECK GUAN REGENCY, JALAN ST.PATRICK,\r\nOFF JALAN BELUNU, 91000 TAWAU, SABAH.', '2019-05-01 00:00:00', 2, NULL, 0, NULL, 3, NULL, '2019-04-24 06:42:31', '2019-05-02 04:00:44'),
(131, '144', 'PGSK101449', 6, 'LCL', 9, 1, 'PENANG', 8, 'SANDAKAN', 8, 'SANDAKAN', 17, 'CHEAH HONG INN SDN BHD', 243, '2526, TINGKAT PERUSAHAAN ENAM,\r\nPRAI INDUSTRIAL ESTATE,\r\n13600 PRAI', 97, 'READY HUB SDN. BHD.', 129, 'BATU 8, JALAN LINTAS LABUK,\r\n90720 SANDAKAN, SABAH', 97, 'READY HUB SDN. BHD.', 129, 'BATU 8, JALAN LINTAS LABUK,\r\n90720 SANDAKAN, SABAH', '2019-05-01 00:00:00', 2, NULL, 0, NULL, 3, NULL, '2019-04-24 06:43:17', '2019-05-02 04:00:44'),
(132, '154', 'PGT101549', 6, 'LCL', 9, 1, 'PENANG', 7, 'TAWAU', 7, 'TAWAU', 34, 'TRINITY METALS SDN BHD', 39, '8 & 10, LORONG IKS JURU 7,\r\nTAMAN PERINDUSTRIAN RINGAN JURU,\r\n14100 SIMPANG AMPAT, S.P.S. PENANG, MALAYSIA.', 135, 'MAN HING HARDWARE SDN BHD', 256, 'TB 2893 MILE 1, KUHARA ROAD,\r\nP.O.BOX 756, 91008 TAWAU, SABAH.\r\nTEL:089-774751 FAX:089-761396', 36, 'SAME AS CONSIGNEE', 41, '.', '2019-05-01 00:00:00', 0, NULL, 0, NULL, 3, NULL, '2019-04-25 02:08:27', '2019-05-02 04:00:44'),
(133, '153', 'PGSK101539', 6, 'LCL', 9, 1, 'PENANG', 8, 'SANDAKAN', 8, 'SANDAKAN', 34, 'TRINITY METALS SDN BHD', 39, '8 & 10, LORONG IKS JURU 7,\r\nTAMAN PERINDUSTRIAN RINGAN JURU,\r\n14100 SIMPANG AMPAT, S.P.S. PENANG, MALAYSIA.', 59, 'PALUCKY SDN BHD', 103, 'LOT 185-187, LORONG SEDCO 7, SEDCO LIGHT IND. ESTATE, PHASE 2, PHASE MILE 2 3/4, NORTH ROAD, P.O.BOX NO.1031, 90711 SANDAKAN, SABAH, MALAYSIA. TEL:089-216144 FAX:089-272671', 36, 'SAME AS CONSIGNEE', 41, '.', '2019-05-01 00:00:00', 2, NULL, 0, NULL, 3, NULL, '2019-04-25 02:12:44', '2019-05-02 04:00:44'),
(134, '129', 'PGLD101299', 6, 'LCL', 9, 1, 'PENANG', 9, 'LAHAD DATU', 9, 'LAHAD DATU', 31, 'CHUAN WOOI HARDWARE SDN. BHD.', 195, '4944, JALAN SIRAM,\r\n12100 BUTTERWORTH PENANG,\r\nMALAYSIA', 90, 'UNI-VESSEL ENGINEERING (LAHAD DATU) SDN BHD', 119, 'BATU 5, JALAN TENGAH NIPAH,\r\n91100 LAHAD DATU, SABAH', 90, 'UNI-VESSEL ENGINEERING (LAHAD DATU) SDN BHD', 119, 'BATU 5, JALAN TENGAH NIPAH,\r\n91100 LAHAD DATU, SABAH', '2019-05-01 00:00:00', 2, NULL, 0, NULL, 3, NULL, '2019-04-25 08:50:04', '2019-05-02 04:00:44'),
(135, '128', 'PGLD101289', 6, 'LCL', 9, 1, 'PENANG', 9, 'LAHAD DATU', 9, 'LAHAD DATU', 31, 'CHUAN WOOI HARDWARE SDN. BHD.', 195, '4944, JALAN SIRAM,\r\n12100 BUTTERWORTH PENANG,\r\nMALAYSIA', 99, 'LAHAD DATU METAL SDN.BHD.', 142, 'MDLD 3311, 1ST FLOOR, LOT 46,\r\nFAJAR CENTRE, JALAN SEGAMA,\r\n91100 LAHAD DATU, SABAH.', 99, 'LAHAD DATU METAL SDN.BHD.', 142, 'MDLD 3311, 1ST FLOOR, LOT 46,\r\nFAJAR CENTRE, JALAN SEGAMA,\r\n91100 LAHAD DATU, SABAH.', '2019-05-01 00:00:00', 2, NULL, 0, NULL, 3, NULL, '2019-04-25 08:52:29', '2019-05-02 04:00:44'),
(136, '161', 'PGLD101619', 6, 'LCL', 9, 1, 'PENANG', 9, 'LAHAD DATU', 9, 'LAHAD DATU', 19, 'TASHIN STEEL SDN. BHD.', 26, 'PLOT 40, LORONG PERUSAHAAN\r\nMAJU 7, KAWASAN PERUSAHAAN 4,\r\n13600 PRAI, PENANG.', 63, 'TECK GUAN TRADING SDN BHD', 258, 'TECK GUAN REGENCY,\r\n318, JALAN ST.PATRICK,\r\nOFF JALAN BELUNU, P.O.BOX 33\r\n91007 TAWAU, SABAH.', 36, 'SAME AS CONSIGNEE', 41, '.', '2019-05-01 00:00:00', 2, NULL, 0, NULL, 3, NULL, '2019-04-25 09:31:04', '2019-05-02 04:00:44'),
(137, '159', 'PGSK101599', 6, 'LCL', 9, 1, 'PENANG', 8, 'SANDAKAN', 8, 'SANDAKAN', 19, 'TASHIN STEEL SDN. BHD.', 26, 'PLOT 40, LORONG PERUSAHAAN\r\nMAJU 7, KAWASAN PERUSAHAAN 4,\r\n13600 PRAI, PENANG.', 63, 'TECK GUAN TRADING SDN BHD', 257, 'TECK GUAN REGENCY, \r\n318, JALAN ST.PATRICK,\r\nOFF JALAN BELUNU, P.O.BOX NO.33\r\n91007 TAWAU, SABAH.', 36, 'SAME AS CONSIGNEE', 41, '.', '2019-05-01 00:00:00', 2, NULL, 0, NULL, 3, NULL, '2019-04-25 09:33:03', '2019-05-02 04:00:44'),
(138, '158', 'PGT101589', 6, 'LCL', 9, 1, 'PENANG', 7, 'TAWAU', 7, 'TAWAU', 19, 'TASHIN STEEL SDN. BHD.', 26, 'PLOT 40, LORONG PERUSAHAAN\r\nMAJU 7, KAWASAN PERUSAHAAN 4,\r\n13600 PRAI, PENANG.', 63, 'TECK GUAN TRADING SDN BHD', 257, 'TECK GUAN REGENCY,\r\n318, JALAN ST.PATRICK,\r\nOFF JALAN BELUNU, P.O.BOX NO.33\r\n91007 TAWAU, SABAH.', 36, 'SAME AS CONSIGNEE', 41, '.', '2019-05-01 00:00:00', 2, NULL, 0, NULL, 3, NULL, '2019-04-25 09:35:08', '2019-05-02 04:00:44'),
(139, '157', 'PGSK101579', 6, 'LCL', 9, 1, 'PENANG', 8, 'SANDAKAN', 8, 'SANDAKAN', 19, 'TASHIN STEEL SDN. BHD.', 26, 'PLOT 40, LORONG PERUSAHAAN\r\nMAJU 7, KAWASAN PERUSAHAAN 4,\r\n13600 PRAI, PENANG.', 59, 'PALUCKY SDN BHD', 103, 'LOT 185-187, LORONG SEDCO 7, PHASE 2,\r\nSEDCO LIGHT INDUSTRIAL ESTATE,\r\n90000 SANDAKAN, SABAH', 59, 'PALUCKY SDN BHD', 103, 'LOT 185-187, LORONG SEDCO 7, PHASE 2,\r\nSEDCO LIGHT INDUSTRIAL ESTATE,\r\n90000 SANDAKAN, SABAH', '2019-05-01 00:00:00', 2, NULL, 0, NULL, 3, NULL, '2019-04-25 09:36:24', '2019-05-02 04:00:44'),
(140, '156', 'PGLD101569', 6, 'LCL', 9, 1, 'PENANG', 9, 'LAHAD DATU', 9, 'LAHAD DATU', 13, 'UNI-VESSEL ENGINEERING BWORTH SDN BHD', 15, '1564, JALAN TASEK, 14120 SIMPANG AMPAT,\r\nSEBERANG PERAI SELATAN, PULAU PINANG,\r\nWEST MALAYSIA', 90, 'UNI-VESSEL ENGINEERING (LAHAD DATU) SDN BHD', 266, 'P.O.BOX NO.60696,\r\n91116 LAHAD DATU, SABAH.\r\nTEL:089-868139/089-868149', 138, 'PONTIAN FICO PLANTATIONS SDN BHD', 265, 'P.O.BOX 60525\r\n91114 LAHAD DATU, SABAH', '2019-05-01 00:00:00', 0, NULL, 0, NULL, 3, NULL, '2019-04-26 02:29:52', '2019-05-02 04:00:44'),
(141, '155', 'PGLD101559', 6, 'LCL', 9, 1, 'PENANG', 9, 'LAHAD DATU', 9, 'LAHAD DATU', 13, 'UNI-VESSEL ENGINEERING BWORTH SDN BHD', 15, '1564, JALAN TASEK, 14120 SIMPANG AMPAT,\r\nSEBERANG PERAI SELATAN, PULAU PINANG,\r\nWEST MALAYSIA', 90, 'UNI-VESSEL ENGINEERING (LAHAD DATU) SDN BHD', 266, 'P.O.BOX NO.60696,\r\n91116 LAHAD DATU, SABAH.\r\nTEL:089-868139/089-868149', 90, 'UNI-VESSEL ENGINEERING (LAHAD DATU) SDN BHD', 266, 'BATU 5, JALAN TENGAH NIPAH, 91100 LAHAD DATU, SABAH TEL:089-868139/\r\n089-898149/019-8928177/019-8839639\r\nATTN: MR ONG BENG HOOI/TAN BOON CHAI', '2019-05-01 00:00:00', 0, NULL, 0, NULL, 3, NULL, '2019-04-26 02:33:59', '2019-05-02 04:00:44'),
(142, '127', 'PGLD101279', 6, 'LCL', 9, 1, 'PENANG', 9, 'LAHAD DATU', 9, 'LAHAD DATU', 31, 'CHUAN WOOI HARDWARE SDN. BHD.', 195, '4944, JALAN SIRAM,\r\n12100 BUTTERWORTH PENANG,\r\nMALAYSIA', 63, 'TECK GUAN TRADING SDN BHD', 257, 'MILE 1-1/2, JALAN SEGAMA,\r\nP.O.BOX NO.60036,\r\n91110 LAHAD DATU, SABAH.', 36, 'SAME AS CONSIGNEE', 41, '.', '2019-05-01 00:00:00', 2, NULL, 0, NULL, 3, NULL, '2019-04-26 03:11:30', '2019-05-02 04:00:44'),
(143, '125', 'PGT101259', 6, 'LCL', 9, 1, 'PENANG', 7, 'TAWAU', 7, 'TAWAU', 31, 'CHUAN WOOI HARDWARE SDN. BHD.', 289, '4944, JALAN SIRAM,\r\n12100 BUTTERWORTH PENANG,\r\nMALAYSIA', 64, 'HAP SENG TRADING (BM) SDN BHD', 69, 'KM 3.8, JALAN TANJUNG BATU LAUT,\r\n91007 TAWAU, SABAH', 36, 'SAME AS CONSIGNEE', 41, '.', '2019-05-01 00:00:00', 2, NULL, 0, NULL, 3, NULL, '2019-04-26 03:32:00', '2019-05-02 04:00:44'),
(144, '126', 'PGT101269', 6, 'LCL', 9, 1, 'PENANG', 7, 'TAWAU', 7, 'TAWAU', 31, 'CHUAN WOOI HARDWARE SDN. BHD.', 289, '4944, JALAN SIRAM,\r\n12100 BUTTERWORTH PENANG,\r\nMALAYSIA', 63, 'TECK GUAN TRADING SDN BHD', 257, 'TECK GUAN REGENCY, JALAN ST.PATRICK,\r\nOFF JALAN BELUNU, 91000 TAWAU, SABAH.', 63, 'TECK GUAN TRADING SDN BHD', 257, 'TECK GUAN REGENCY, JALAN ST.PATRICK,\r\nOFF JALAN BELUNU, 91000 TAWAU, SABAH.', '2019-05-01 00:00:00', 2, NULL, 0, NULL, 3, NULL, '2019-04-26 03:38:53', '2019-05-02 04:00:44'),
(145, '162', 'PGK101629', 6, 'LCL', 9, 1, 'PENANG', 4, 'KUCHING', 4, 'KUCHING', 2, 'WISEBUILD INDUSTRIES SDN BHD', 193, 'LOT 2598, BLK 32, KEMENA INDUSTRIAL ESTATE, JLN BINTULU-TATAU, 97000 BINTULU, SARAWAK. ON BEHALF OF M/S SOUTHERN STEEL BHD', 76, 'TONG TAI SDN BHD', 94, 'GROUND FLOOR, NO 1-4, WISMA SOON LIEN HONG, JALAN SHERIF MASAHOR, BATU TIGA 93250 KUCHING, SARAWAK', 40, 'WISEBUILD INDUSTRIES SDN. BHD.', 45, 'LOT 2598, BLOCK 32, KEMENA INDUSTRIAL ESTATE, JALAN BINTULU-TATAU, 97000 BINTULU, SARAWAK\r\nTEL:086-331071/331072 FAX:086-338073', '2019-05-01 00:00:00', 0, NULL, 0, NULL, 3, NULL, '2019-04-26 07:16:26', '2019-05-02 04:00:44'),
(146, '133', 'PGSK101339', 6, 'LCL', 9, 1, 'PENANG', 8, 'SANDAKAN', 8, 'SANDAKAN', 31, 'CHUAN WOOI HARDWARE SDN. BHD.', 195, '4944, JALAN SIRAM,\r\n12100 BUTTERWORTH PENANG,\r\nMALAYSIA', 100, 'SANDAKAN METAL SDN BHD', 143, 'NO. P-7-1, BANDAR LETAT JAYA,\r\nMILE 4, JALAN LINTAS UTARA,\r\n90000 SANDAKAN, SABAH.', 100, 'SANDAKAN METAL SDN BHD', 143, 'NO. P-7-1, BANDAR LETAT JAYA,\r\nMILE 4, JALAN LINTAS UTARA,\r\n90000 SANDAKAN, SABAH.', '2019-05-01 00:00:00', 2, NULL, 0, NULL, 3, NULL, '2019-04-27 02:38:39', '2019-05-02 04:00:44'),
(147, '132', 'PGSK101329', 6, 'LCL', 9, 1, 'PENANG', 8, 'SANDAKAN', 8, 'SANDAKAN', 31, 'CHUAN WOOI HARDWARE SDN. BHD.', 195, '4944, JALAN SIRAM,\r\n12100 BUTTERWORTH PENANG,\r\nMALAYSIA', 96, 'SYARIKAT KEONG LIP MACHINERY SDN.BHD.', 128, 'LGR. LETAT JAYA 8, LOT 8-11, SEMI DETACHEDIND.BANDAR LETAT JAYA, \r\nBATU 4, JLN. LINTAS UTARA, 90737 SANDAKAN, SABAH', 36, 'SAME AS CONSIGNEE', 41, '.', '2019-05-01 00:00:00', 2, NULL, 0, NULL, 3, NULL, '2019-04-27 02:41:28', '2019-05-02 04:00:44'),
(148, '131', 'PGSK101319', 6, 'LCL', 9, 1, 'PENANG', 8, 'SANDAKAN', 8, 'SANDAKAN', 31, 'CHUAN WOOI HARDWARE SDN. BHD.', 195, '4944, JALAN SIRAM,\r\n12100 BUTTERWORTH PENANG,\r\nMALAYSIA', 63, 'TECK GUAN TRADING SDN BHD', 257, 'MILE 7-1/2, JALAN LABUK, W.D.T.NO.173\r\n90009 SANDAKAN, SABAH', 63, 'TECK GUAN TRADING SDN BHD', 257, 'MILE 7-1/2, JALAN LABUK, W.D.T.NO.173\r\n90009 SANDAKAN, SABAH', '2019-05-01 00:00:00', 2, NULL, 0, NULL, 3, NULL, '2019-04-27 02:43:37', '2019-05-02 04:00:44'),
(149, '130', 'PGSK101309', 6, 'LCL', 9, 1, 'PENANG', 8, 'SANDAKAN', 8, 'SANDAKAN', 31, 'CHUAN WOOI HARDWARE SDN. BHD.', 195, '4944, JALAN SIRAM,\r\n12100 BUTTERWORTH PENANG,\r\nMALAYSIA', 59, 'PALUCKY SDN BHD', 103, 'LOT 185-187, LORONG SEDCO 7, PHASE 2,\r\nSEDCO LIGHT INDUSTRIAL ESTATE,\r\n90000 SANDAKAN, SABAH', 59, 'PALUCKY SDN BHD', 103, 'LOT 185-187, LORONG SEDCO 7, PHASE 2,\r\nSEDCO LIGHT INDUSTRIAL ESTATE,\r\n90000 SANDAKAN, SABAH', '2019-05-01 00:00:00', 2, NULL, 0, NULL, 3, NULL, '2019-04-27 02:49:22', '2019-05-02 04:00:44'),
(150, '166', 'PGK101669', 5, 'LCL', 10, 1, 'PENANG', 4, 'KUCHING', 4, 'KUCHING', 139, 'YONG GUAN HENG & CO. SDN BHD', 270, '16, LENGKOK IKS SIMPANG EMPAT 1\r\nTAMAN IKS SIMPANG EMPAT\r\n14100 SIMPANG AMPAT S.P.S PULAU PINANG', 140, 'HAI MING PAPER MILLS SDN BHD', 269, 'LOT 292 & 294, 1/2 KM,\r\nJALAN MUARA TUANG\r\n94300 KOTA SAMARAHAN, KUCHING', 140, 'HAI MING PAPER MILLS SDN BHD', 269, 'LOT 292 & 294, 1/2 KM,\r\nJALAN MUARA TUANG\r\n94300 KOTA SAMARAHAN, KUCHING', '2019-05-09 14:36:47', 1, NULL, 0, NULL, 3, NULL, '2019-04-30 04:28:33', '2019-05-02 06:36:47'),
(151, '168', 'PGK101689', 5, 'LCL', 10, 1, 'PENANG', 4, 'KUCHING', 4, 'KUCHING', 16, 'UNITED MALAYAN FLOUR (1996) SDN BHD', 171, '4826 JALAN PERMATANG PAUH\r\n13400, BUTTERWORTH, P.W.', 44, 'UCF (KUCHING) SDN BHD', 170, 'LOT 8275, SUB LOT 47, SECTION 64\r\n2 1/2 MILES, JALAN PENDING\r\n93450 KUCHING, SARAWAK', 44, 'UCF (KUCHING) SDN BHD', 170, 'LOT 8275, SUB LOT 47, SECTION 64\r\n2 1/2 MILES, JALAN PENDING\r\n93450 KUCHING, SARAWAK', '2019-05-09 17:20:22', 2, NULL, 0, NULL, 3, NULL, '2019-04-30 09:20:22', '2019-04-30 09:20:22'),
(152, '172', 'PGK101729', 5, 'LCL', 10, 1, 'PENANG', 4, 'KUCHING', 4, 'KUCHING', 19, 'TASHIN STEEL SDN. BHD.', 288, 'PLOT 40, LORONG PERUSAHAAN\r\nMAJU 7, KAWASAN PERUSAHAAN 4,\r\n13600 PRAI, PENANG.', 47, 'KIANCHION CO SDN BHD', 52, 'LOT 58 & 59, SECTION 62, KTLD,\r\nANG CHENG HO ROAD, 93100 KUCHING SARAWAK', 47, 'KIANCHION CO SDN BHD', 52, 'LOT 58 & 59, SECTION 62, KTLD,\r\nANG CHENG HO ROAD, 93100 KUCHING SARAWAK', '2019-05-09 14:30:08', 2, NULL, 0, NULL, 3, NULL, '2019-05-02 06:30:08', '2019-05-02 06:30:08'),
(153, '171', 'PGK101719', 5, 'LCL', 10, 1, 'PENANG', 4, 'KUCHING', 4, 'KUCHING', 20, 'TASHIN HARDWARE SDN. BHD.', 287, 'PLOT 40, LORONG PERUSAHAAN MAJU 7,\r\nKAWASAN PERUSAHAAN 4,\r\n13600 PRAI, PENANG.', 42, 'WAH THAI TRADING SDN BHD', 47, 'LOT 319, JALAN CHONG FOH HIN 7TH MILE,\r\nOFF JALAN BATU KITANG 93250 KUCHING, SARAWAK. P.O.BOX 1296, 93726 KUCHING', 36, 'SAME AS CONSIGNEE', 41, '.', '2019-05-09 14:31:26', 2, NULL, 0, NULL, 3, NULL, '2019-05-02 06:31:26', '2019-05-02 06:31:26'),
(154, '169', 'PGK101699', 5, 'LCL', 10, 1, 'PENANG', 4, 'KUCHING', 4, 'KUCHING', 25, 'LEADER STEEL SERVICE CENTRE SDN. BHD.', 285, 'WISMA LEADER STEEL, PLOT 85, LORONG PERUSAHAAN UTAMA,\r\nKAWASAN PERUSAHAAN BUKIT TENGAH, 14000 BUKIT\r\nTENGAH, SEBERANG PERAI TENGAH, PULAU PINANG, MALAYSIA', 141, 'CHIEW TRADING SDN BHD', 292, 'LOT 2470, SECTION 66, KTLD, JLN UTAMA.\r\n93450 KUCHING, P.O.BOX 1932,\r\n93738 KUCHING SARAWAK MALAYSIA', 141, 'CHIEW TRADING SDN BHD', 292, 'LOT 2470, SECTION 66, KTLD, JLN UTAMA.\r\n93450 KUCHING, P.O.BOX 1932,\r\n93738 KUCHING SARAWAK MALAYSIA', '2019-05-09 14:35:34', 0, NULL, 0, NULL, 3, NULL, '2019-05-02 06:33:46', '2019-05-02 06:35:34'),
(155, '176', 'PGK101769', 5, 'LCL', 10, 1, 'BUTTERWORTH PORT, PENANG', 4, 'KUCHING PORT, SARAWAK', 4, 'KUCHING PORT, SARAWAK', 8, 'ANN JOO STEEL BERHAD', 274, 'LOT 1236, PRAI INDUSTRIAL ESTATE,\r\n13600 PRAI, PENANG', 9, 'WIRAJITU SDN BHD', 11, '137 LOT 437 BLOCK 226, BATU 4 1/2,\r\nJALAN DATO BANDAR MUSTAPA, 93250\r\nKUCHING, SARAWAK.', 9, 'WIRAJITU SDN BHD', 11, '137 LOT 437 BLOCK 226, BATU 4 1/2,\r\nJALAN DATO BANDAR MUSTAPA, 93250\r\nKUCHING, SARAWAK.', '2019-05-09 11:55:28', 0, NULL, 0, NULL, 3, NULL, '2019-05-02 08:52:45', '2019-05-03 03:55:28'),
(156, '177', 'PGK101779', 5, 'LCL', 10, 1, 'BUTTERWORTH PORT, PENANG', 4, 'KUCHING PORT, SARAWAK', 4, 'KUCHING PORT, SARAWAK', 8, 'ANN JOO STEEL BERHAD', 274, 'LOT 1236, PRAI INDUSTRIAL ESTATE,\r\n13600 PRAI, PENANG', 128, 'SOLAR UTAMA SDN BHD', 241, 'LOT 898. JALAN GUBAH BINTAWA\r\nINDUSTRIAL ESTATE\r\n93450 KUCHING, SARAWAK.', 128, 'SOLAR UTAMA SDN BHD', 241, 'LOT 898. JALAN GUBAH BINTAWA\r\nINDUSTRIAL ESTATE\r\n93450 KUCHING, SARAWAK.', '2019-05-09 16:54:47', 0, NULL, 0, NULL, 3, NULL, '2019-05-02 08:54:47', '2019-05-02 08:54:47'),
(157, '178', 'PGK101789', 5, 'LCL', 10, 1, 'BUTTERWORTH PORT, PENANG', 4, 'KUCHING PORT, SARAWAK', 4, 'KUCHING PORT, SARAWAK', 8, 'ANN JOO STEEL BERHAD', 274, 'LOT 1236, PRAI INDUSTRIAL ESTATE,\r\n13600 PRAI, PENANG', 3, 'LANDMESH INDUSTRIES SDN BHD', 4, 'LOT 749, BLOCK B, DEMAK LAUT INDUSTRIAL PARK PHASE III, \r\nJALAN BAKO, MTLD \r\n93050 KUCHING, SARAWAK.', 36, 'SAME AS CONSIGNEE', 41, '.', '2019-05-09 10:19:24', 0, NULL, 0, NULL, 3, NULL, '2019-05-02 08:57:03', '2019-05-04 02:19:24');

-- --------------------------------------------------------

--
-- Table structure for table `bill_numbers`
--

DROP TABLE IF EXISTS `bill_numbers`;
CREATE TABLE IF NOT EXISTS `bill_numbers` (
  `id` int(10) UNSIGNED NOT NULL AUTO_INCREMENT,
  `current_number` int(11) NOT NULL,
  `vessel_default` varchar(191) COLLATE utf8mb4_unicode_ci NOT NULL,
  `created_at` timestamp NULL DEFAULT NULL,
  `updated_at` timestamp NULL DEFAULT NULL,
  PRIMARY KEY (`id`)
) ENGINE=InnoDB AUTO_INCREMENT=3 DEFAULT CHARSET=utf8mb4 COLLATE=utf8mb4_unicode_ci;

--
-- Dumping data for table `bill_numbers`
--

INSERT INTO `bill_numbers` (`id`, `current_number`, `vessel_default`, `created_at`, `updated_at`) VALUES
(1, 1, 'Container Vessel', NULL, NULL),
(2, 186, 'General Cargo Vessel', NULL, '2019-05-04 02:16:42');

-- --------------------------------------------------------

--
-- Table structure for table `bl_formats`
--

DROP TABLE IF EXISTS `bl_formats`;
CREATE TABLE IF NOT EXISTS `bl_formats` (
  `id` int(10) UNSIGNED NOT NULL AUTO_INCREMENT,
  `name` varchar(191) COLLATE utf8mb4_unicode_ci NOT NULL,
  `content` varchar(191) COLLATE utf8mb4_unicode_ci NOT NULL,
  `created_at` timestamp NULL DEFAULT NULL,
  `updated_at` timestamp NULL DEFAULT NULL,
  PRIMARY KEY (`id`)
) ENGINE=InnoDB DEFAULT CHARSET=utf8mb4 COLLATE=utf8mb4_unicode_ci;

-- --------------------------------------------------------

--
-- Table structure for table `bookings`
--

DROP TABLE IF EXISTS `bookings`;
CREATE TABLE IF NOT EXISTS `bookings` (
  `id` int(10) UNSIGNED NOT NULL AUTO_INCREMENT,
  `date` datetime NOT NULL,
  `booking_no` varchar(191) COLLATE utf8mb4_unicode_ci NOT NULL,
  `bookingparty_id` int(10) UNSIGNED NOT NULL,
  `shipper_id` int(10) UNSIGNED NOT NULL,
  `voyage_id` int(10) UNSIGNED NOT NULL,
  `shipment_type` varchar(191) COLLATE utf8mb4_unicode_ci NOT NULL,
  `fpd_id` int(10) UNSIGNED DEFAULT NULL,
  `mvessel` varchar(191) COLLATE utf8mb4_unicode_ci DEFAULT NULL,
  `status` int(11) NOT NULL,
  `pol_id` int(10) UNSIGNED NOT NULL,
  `eta_pol` datetime NOT NULL,
  `pod_id` int(10) UNSIGNED NOT NULL,
  `eta_pod` datetime NOT NULL,
  `eta_fpd` datetime NOT NULL,
  `confirm` int(11) NOT NULL DEFAULT '0',
  `cargo_qty` varchar(191) COLLATE utf8mb4_unicode_ci DEFAULT NULL,
  `cargo_packing` varchar(191) COLLATE utf8mb4_unicode_ci DEFAULT NULL,
  `haulge_request_date` datetime DEFAULT NULL,
  `empty_delivery_loc` varchar(191) COLLATE utf8mb4_unicode_ci DEFAULT NULL,
  `cy_cutoff` datetime DEFAULT NULL,
  `cargo_desc` varchar(191) COLLATE utf8mb4_unicode_ci DEFAULT NULL,
  `temperature` int(11) DEFAULT NULL,
  `weight` int(11) DEFAULT NULL,
  `uncode` varchar(191) COLLATE utf8mb4_unicode_ci DEFAULT NULL,
  `cargo_nature` varchar(191) COLLATE utf8mb4_unicode_ci DEFAULT NULL,
  `remarks` varchar(191) COLLATE utf8mb4_unicode_ci DEFAULT NULL,
  `res_id` int(10) UNSIGNED DEFAULT NULL,
  `deleted_at` timestamp NULL DEFAULT NULL,
  `created_at` timestamp NULL DEFAULT NULL,
  `updated_at` timestamp NULL DEFAULT NULL,
  PRIMARY KEY (`id`),
  KEY `bookings_bookingparty_id_foreign` (`bookingparty_id`),
  KEY `bookings_shipper_id_foreign` (`shipper_id`),
  KEY `bookings_voyage_id_foreign` (`voyage_id`),
  KEY `bookings_pol_id_foreign` (`pol_id`),
  KEY `bookings_fpd_id_foreign` (`pod_id`),
  KEY `bookings_res_id_foreign` (`res_id`)
) ENGINE=InnoDB AUTO_INCREMENT=187 DEFAULT CHARSET=utf8mb4 COLLATE=utf8mb4_unicode_ci;

--
-- Dumping data for table `bookings`
--

INSERT INTO `bookings` (`id`, `date`, `booking_no`, `bookingparty_id`, `shipper_id`, `voyage_id`, `shipment_type`, `fpd_id`, `mvessel`, `status`, `pol_id`, `eta_pol`, `pod_id`, `eta_pod`, `eta_fpd`, `confirm`, `cargo_qty`, `cargo_packing`, `haulge_request_date`, `empty_delivery_loc`, `cy_cutoff`, `cargo_desc`, `temperature`, `weight`, `uncode`, `cargo_nature`, `remarks`, `res_id`, `deleted_at`, `created_at`, `updated_at`) VALUES
(1, '2019-02-02 00:00:00', 'PGK100019', 4, 4, 1, 'LCL', 2, NULL, 2, 1, '2019-02-20 00:00:00', 2, '2019-02-13 00:00:00', '2019-02-26 00:00:00', 0, '12', 'packages', NULL, NULL, '2019-02-08 00:00:00', 'IRON PIPE', NULL, 35, NULL, 'General', NULL, NULL, NULL, '2019-02-02 04:53:08', '2019-04-11 08:48:11'),
(2, '2019-02-20 00:00:00', 'PGK100029', 11, 11, 2, 'LCL', 4, NULL, 2, 1, '2019-03-09 00:00:00', 4, '2019-03-06 00:00:00', '2019-03-11 00:00:00', 0, '11', 'CRATES', NULL, NULL, '2019-02-26 00:00:00', 'STC.', NULL, 22, NULL, 'General', NULL, NULL, NULL, '2019-02-20 03:29:06', '2019-03-08 02:21:23'),
(3, '2019-02-20 00:00:00', 'PGSK100039', 11, 11, 2, 'LCL', 8, NULL, 2, 1, '2019-03-09 00:00:00', 8, '2019-03-14 00:00:00', '2019-03-14 00:00:00', 0, '6', 'CRATES', NULL, NULL, '2019-02-26 00:00:00', 'UCO SUPERFLEX', NULL, 15, NULL, 'General', NULL, NULL, NULL, '2019-02-20 03:30:04', '2019-03-08 02:21:23'),
(4, '2019-02-22 00:00:00', 'PGKK100049', 18, 18, 2, 'LCL', 3, NULL, 2, 1, '2019-03-09 00:00:00', 3, '2019-03-10 00:00:00', '2019-03-10 00:00:00', 0, '38', 'BUNDLES', NULL, NULL, '2019-02-26 00:00:00', 'GALVANIZED PIPES', NULL, 36, NULL, 'General', NULL, NULL, NULL, '2019-02-22 03:38:59', '2019-03-08 02:21:23'),
(5, '2019-02-22 00:00:00', 'PGKK100059', 18, 18, 2, 'LCL', 3, NULL, 2, 1, '2019-03-09 00:00:00', 3, '2019-03-10 00:00:00', '2019-03-10 00:00:00', 0, '45', 'BUNDLES', NULL, NULL, '2019-02-26 00:00:00', 'STC.', NULL, 51, NULL, 'General', NULL, NULL, NULL, '2019-02-22 03:39:25', '2019-03-08 02:21:23'),
(6, '2019-02-22 00:00:00', 'PGK100069', 16, 16, 2, 'LCL', 4, NULL, 2, 1, '2019-03-09 00:00:00', 4, '2019-03-06 00:00:00', '2019-03-11 00:00:00', 0, NULL, 'CRATES', NULL, NULL, '2019-02-26 00:00:00', 'WHEAT', NULL, 100, NULL, 'General', NULL, NULL, NULL, '2019-02-22 03:56:30', '2019-03-08 02:21:23'),
(7, '2019-02-22 00:00:00', 'PGK100079', 2, 2, 2, 'LCL', 4, NULL, 2, 1, '2019-03-09 00:00:00', 4, '2019-03-06 00:00:00', '2019-03-11 00:00:00', 0, '86', 'BUNDLES', NULL, NULL, '2019-02-26 00:00:00', 'HIGH TENSILE DEFORMED BARS', NULL, 100, NULL, 'General', NULL, NULL, NULL, '2019-02-22 04:16:58', '2019-03-08 02:21:23'),
(8, '2019-02-22 00:00:00', 'PGK100089', 2, 2, 2, 'LCL', 4, NULL, 0, 1, '2019-03-09 00:00:00', 4, '2019-03-06 00:00:00', '2019-03-11 00:00:00', 0, NULL, NULL, NULL, NULL, '2019-02-26 00:00:00', NULL, NULL, NULL, NULL, 'General', NULL, NULL, NULL, '2019-02-22 06:04:48', '2019-03-08 02:21:23'),
(9, '2019-02-22 00:00:00', 'PGK100099', 2, 2, 2, 'LCL', 4, NULL, 0, 1, '2019-03-09 00:00:00', 4, '2019-03-06 00:00:00', '2019-03-11 00:00:00', 0, NULL, NULL, NULL, NULL, '2019-02-26 00:00:00', NULL, NULL, NULL, NULL, 'General', NULL, NULL, NULL, '2019-02-22 06:29:16', '2019-03-08 02:21:23'),
(10, '2019-02-22 00:00:00', 'PGK100109', 2, 2, 2, 'LCL', 4, NULL, 0, 1, '2019-03-09 00:00:00', 4, '2019-03-06 00:00:00', '2019-03-11 00:00:00', 0, NULL, NULL, NULL, NULL, '2019-02-26 00:00:00', NULL, NULL, NULL, NULL, 'General', NULL, NULL, NULL, '2019-02-22 06:29:46', '2019-03-08 02:21:23'),
(11, '2019-02-22 00:00:00', 'PGK100119', 33, 33, 2, 'LCL', 4, NULL, 2, 1, '2019-03-09 00:00:00', 4, '2019-03-06 00:00:00', '2019-03-11 00:00:00', 0, '1', 'UNIT', NULL, NULL, '2019-02-26 00:00:00', 'HOHAN', NULL, 70, NULL, 'General', NULL, NULL, NULL, '2019-02-22 07:56:10', '2019-03-08 02:21:23'),
(12, '2019-02-22 00:00:00', 'PGK100129', 25, 25, 2, 'LCL', 4, NULL, 2, 1, '2019-03-09 00:00:00', 4, '2019-03-06 00:00:00', '2019-03-11 00:00:00', 0, '7', 'BUNDLES', NULL, NULL, '2019-02-26 00:00:00', 'M.S.PLATE', NULL, 14, NULL, 'General', NULL, NULL, NULL, '2019-02-22 08:39:14', '2019-03-08 02:21:23'),
(13, '2019-02-22 00:00:00', 'PGKK100139', 25, 25, 2, 'LCL', 3, NULL, 2, 1, '2019-03-09 00:00:00', 3, '2019-03-10 00:00:00', '2019-03-10 00:00:00', 0, '8', 'BUNDLES', NULL, NULL, '2019-02-26 00:00:00', 'M.S PLATE', NULL, 12, NULL, 'General', NULL, NULL, NULL, '2019-02-22 08:40:04', '2019-03-08 02:21:23'),
(14, '2019-02-23 00:00:00', 'PGSK100149', 50, 50, 2, 'LCL', 8, NULL, 2, 1, '2019-03-09 00:00:00', 8, '2019-03-14 00:00:00', '2019-03-14 00:00:00', 0, '6', 'BUNDLES', NULL, NULL, '2019-02-26 00:00:00', 'STC. HOT ROLLED STEEL PLATE', NULL, 25, NULL, 'General', NULL, NULL, NULL, '2019-02-23 02:01:14', '2019-03-08 02:21:23'),
(15, '2019-02-23 00:00:00', 'PGKK100159', 50, 50, 2, 'LCL', 3, NULL, 2, 1, '2019-03-09 00:00:00', 3, '2019-03-10 00:00:00', '2019-03-10 00:00:00', 0, '57', 'BUNDLES', NULL, NULL, '2019-02-26 00:00:00', 'HOT ROLLED STEEL PLATE', NULL, 215, NULL, 'General', NULL, NULL, NULL, '2019-02-23 02:01:52', '2019-03-08 02:21:23'),
(16, '2019-02-23 00:00:00', 'PGK100169', 24, 24, 2, 'LCL', 4, NULL, 2, 1, '2019-03-09 00:00:00', 4, '2019-03-06 00:00:00', '2019-03-11 00:00:00', 0, '2', 'PALLETS', NULL, NULL, '2019-02-26 00:00:00', 'STC. SOY EX60-NON GMO (3758)', NULL, 1, NULL, 'General', NULL, NULL, NULL, '2019-02-23 02:07:08', '2019-03-08 02:21:23'),
(17, '2019-02-25 00:00:00', 'PGK100179', 4, 4, 2, 'LCL', 4, NULL, 2, 1, '2019-03-09 00:00:00', 4, '2019-03-06 00:00:00', '2019-03-11 00:00:00', 0, '21', 'PK', NULL, NULL, '2019-02-26 00:00:00', 'STC', NULL, 53, NULL, 'General', NULL, NULL, NULL, '2019-02-25 02:50:19', '2019-03-08 02:21:23'),
(18, '2019-02-25 00:00:00', 'PGSK100189', 29, 29, 2, 'LCL', 8, NULL, 2, 1, '2019-03-09 00:00:00', 8, '2019-03-14 00:00:00', '2019-03-14 00:00:00', 0, '7', 'BD', NULL, NULL, '2019-02-26 00:00:00', 'STC', NULL, 6, NULL, 'General', NULL, NULL, NULL, '2019-02-25 03:07:29', '2019-03-08 02:21:23'),
(19, '2019-02-25 00:00:00', 'PGKK100199', 29, 29, 2, 'LCL', 3, NULL, 2, 1, '2019-03-09 00:00:00', 3, '2019-03-10 00:00:00', '2019-03-10 00:00:00', 0, '7', 'BD', NULL, NULL, '2019-02-26 00:00:00', 'STC', NULL, 7, NULL, 'General', NULL, NULL, NULL, '2019-02-25 03:09:03', '2019-03-08 02:21:23'),
(20, '2019-02-25 00:00:00', 'PGKK100209', 20, 20, 2, 'LCL', 3, NULL, 2, 1, '2019-03-09 00:00:00', 3, '2019-03-10 00:00:00', '2019-03-10 00:00:00', 0, '10', 'BUNDLES', NULL, NULL, '2019-02-26 00:00:00', 'STC', NULL, 18, NULL, 'General', NULL, NULL, NULL, '2019-02-25 04:36:13', '2019-03-08 02:21:23'),
(21, '2019-02-25 00:00:00', 'PGK100219', 31, 31, 2, 'LCL', 4, NULL, 2, 1, '2019-03-09 00:00:00', 4, '2019-03-06 00:00:00', '2019-03-11 00:00:00', 0, '10', 'BE', NULL, NULL, '2019-02-26 00:00:00', 'STC', NULL, 10, NULL, 'General', NULL, NULL, NULL, '2019-02-25 04:39:19', '2019-03-08 02:21:23'),
(22, '2019-02-25 00:00:00', 'PGSK100229', 31, 31, 2, 'LCL', 8, NULL, 2, 1, '2019-03-09 00:00:00', 8, '2019-03-14 00:00:00', '2019-03-14 00:00:00', 0, '12', 'BD', NULL, NULL, '2019-02-26 00:00:00', 'STC', NULL, 12, NULL, 'General', 'TECK GUAN', NULL, NULL, '2019-02-25 04:41:11', '2019-03-08 02:21:23'),
(23, '2019-02-25 00:00:00', 'PGSK100239', 31, 31, 2, 'LCL', 8, NULL, 2, 1, '2019-03-09 00:00:00', 8, '2019-03-14 00:00:00', '2019-03-14 00:00:00', 0, '54', 'BE', NULL, NULL, '2019-02-26 00:00:00', 'STC', NULL, 54, NULL, 'General', 'PALUCKY', NULL, NULL, '2019-02-25 04:43:47', '2019-03-08 02:21:23'),
(24, '2019-02-25 00:00:00', 'PGKK100249', 19, 19, 2, 'LCL', 3, NULL, 2, 1, '2019-03-09 00:00:00', 3, '2019-03-10 00:00:00', '2019-03-10 00:00:00', 0, '7', 'BE', NULL, NULL, '2019-02-26 00:00:00', 'STC', NULL, 8, NULL, 'General', NULL, NULL, NULL, '2019-02-25 04:45:49', '2019-03-08 02:21:23'),
(25, '2019-02-25 00:00:00', 'PGSK100259', 19, 19, 2, 'LCL', 8, NULL, 2, 1, '2019-03-09 00:00:00', 8, '2019-03-14 00:00:00', '2019-03-14 00:00:00', 0, '10', 'BE', NULL, NULL, '2019-02-26 00:00:00', 'STC', NULL, 18, NULL, 'General', NULL, NULL, NULL, '2019-02-25 04:46:50', '2019-03-08 02:21:23'),
(26, '2019-02-25 00:00:00', 'PGKK100269', 34, 34, 2, 'LCL', 3, NULL, 2, 1, '2019-03-09 00:00:00', 3, '2019-03-10 00:00:00', '2019-03-10 00:00:00', 0, '7', 'PK', NULL, NULL, '2019-02-26 00:00:00', 'STC', NULL, 11, NULL, 'General', NULL, NULL, NULL, '2019-02-25 05:55:18', '2019-03-08 02:21:23'),
(27, '2019-02-25 00:00:00', 'PGSK100279', 34, 34, 2, 'LCL', 8, NULL, 2, 1, '2019-03-09 00:00:00', 8, '2019-03-14 00:00:00', '2019-03-14 00:00:00', 0, '4', 'be', NULL, NULL, '2019-02-26 00:00:00', 'stc', NULL, 10, NULL, 'General', NULL, NULL, NULL, '2019-02-25 06:04:20', '2019-03-08 02:21:23'),
(28, '2019-02-25 00:00:00', 'PGKK100289', 17, 17, 2, 'LCL', 3, NULL, 2, 1, '2019-03-09 00:00:00', 3, '2019-03-10 00:00:00', '2019-03-10 00:00:00', 0, '1', '1', NULL, NULL, '2019-02-26 00:00:00', '1', NULL, 1, NULL, 'General', NULL, NULL, NULL, '2019-02-25 06:24:14', '2019-03-08 02:21:23'),
(29, '2019-02-28 00:00:00', 'PGK100299', 23, 23, 2, 'LCL', 4, NULL, 2, 1, '2019-03-09 00:00:00', 4, '2019-03-06 00:00:00', '2019-03-11 00:00:00', 0, '2', 'packages', NULL, NULL, '2019-03-01 00:00:00', 'STC', NULL, 1, NULL, 'General', NULL, NULL, NULL, '2019-02-28 04:36:27', '2019-03-08 02:21:23'),
(30, '2019-02-28 00:00:00', 'PGK100309', 23, 23, 2, 'LCL', 4, NULL, 2, 1, '2019-03-09 00:00:00', 4, '2019-03-06 00:00:00', '2019-03-11 00:00:00', 0, '1', 'CASE', NULL, NULL, '2019-03-01 00:00:00', 'STC', NULL, 1, NULL, 'General', NULL, NULL, NULL, '2019-02-28 04:38:17', '2019-03-08 02:21:23'),
(31, '2019-02-28 00:00:00', 'PGKK100319', 23, 23, 2, 'LCL', 3, NULL, 2, 1, '2019-03-09 00:00:00', 3, '2019-03-10 00:00:00', '2019-03-10 00:00:00', 0, '1', 'CASE', NULL, NULL, '2019-03-01 00:00:00', 'STC', NULL, 1, NULL, 'General', NULL, NULL, NULL, '2019-02-28 04:40:04', '2019-03-08 02:21:23'),
(32, '2019-02-28 00:00:00', 'PGK100329', 2, 2, 2, 'LCL', 4, NULL, 2, 1, '2019-03-09 00:00:00', 4, '2019-03-06 00:00:00', '2019-03-11 00:00:00', 0, '110', 'BUNDLES', NULL, NULL, '2019-03-01 00:00:00', 'STC.', NULL, 112, NULL, 'General', NULL, NULL, NULL, '2019-02-28 04:41:39', '2019-03-08 02:21:23'),
(33, '2019-02-28 00:00:00', 'PGK100339', 2, 2, 2, 'LCL', 4, NULL, 2, 1, '2019-03-09 00:00:00', 4, '2019-03-06 00:00:00', '2019-03-11 00:00:00', 0, '100', 'BUNDLES', NULL, NULL, '2019-03-01 00:00:00', 'STC', NULL, 102, NULL, 'General', NULL, NULL, NULL, '2019-02-28 04:44:23', '2019-03-08 02:21:23'),
(34, '2019-02-28 00:00:00', 'PGK100349', 52, 52, 2, 'LCL', 4, NULL, 2, 1, '2019-03-09 00:00:00', 4, '2019-03-06 00:00:00', '2019-03-11 00:00:00', 0, '300', 'BUNDLES', NULL, NULL, '2019-03-01 00:00:00', 'STC', NULL, 304, NULL, 'General', NULL, NULL, NULL, '2019-02-28 04:48:12', '2019-03-08 02:21:23'),
(35, '2019-02-28 00:00:00', 'PGKK100359', 52, 52, 2, 'LCL', 3, NULL, 2, 1, '2019-03-09 00:00:00', 3, '2019-03-10 00:00:00', '2019-03-10 00:00:00', 0, '136', 'BUNDLES', NULL, NULL, '2019-03-01 00:00:00', 'STC', NULL, 139, NULL, 'General', NULL, NULL, NULL, '2019-02-28 04:54:39', '2019-03-08 02:21:23'),
(36, '2019-02-28 00:00:00', 'PGKK100369', 21, 21, 2, 'LCL', 3, NULL, 2, 1, '2019-03-09 00:00:00', 3, '2019-03-10 00:00:00', '2019-03-10 00:00:00', 0, '153', 'COILS', NULL, NULL, '2019-03-01 00:00:00', 'STC', NULL, 270, NULL, 'General', NULL, NULL, NULL, '2019-02-28 04:58:39', '2019-03-08 02:21:23'),
(37, '2019-02-28 00:00:00', 'PGK100379', 21, 21, 2, 'LCL', 4, NULL, 2, 1, '2019-03-09 00:00:00', 4, '2019-03-06 00:00:00', '2019-03-11 00:00:00', 0, '114', 'COILS', NULL, NULL, '2019-03-01 00:00:00', 'STC', NULL, 200, NULL, 'General', NULL, NULL, NULL, '2019-02-28 05:00:36', '2019-03-08 02:21:23'),
(38, '2019-02-28 00:00:00', 'PGK100389', 21, 21, 2, 'LCL', 4, NULL, 2, 1, '2019-03-09 00:00:00', 4, '2019-03-06 00:00:00', '2019-03-11 00:00:00', 0, '56', 'COILS', NULL, NULL, '2019-03-01 00:00:00', 'STC', NULL, 100, NULL, 'General', NULL, NULL, NULL, '2019-02-28 05:01:50', '2019-03-08 02:21:23'),
(39, '2019-02-28 00:00:00', 'PGSK100399', 8, 8, 2, 'LCL', 8, NULL, 2, 1, '2019-03-09 00:00:00', 8, '2019-03-14 00:00:00', '2019-03-14 00:00:00', 0, '400', 'BUNDLES', NULL, NULL, '2019-03-01 00:00:00', 'STC', NULL, 408, NULL, 'General', NULL, NULL, NULL, '2019-02-28 05:03:05', '2019-03-08 02:21:23'),
(40, '2019-02-28 00:00:00', 'PGK200409', 53, 53, 2, 'FCL', 2, NULL, 2, 1, '2019-03-09 00:00:00', 2, '2019-03-07 00:00:00', '2019-03-12 00:00:00', 0, '1,40\'HC;', '1 x 40\'HC', NULL, NULL, '2019-03-01 14:29:53', 'STC.', NULL, 25, NULL, 'General', NULL, NULL, NULL, '2019-02-28 06:27:37', '2019-03-08 02:21:23'),
(41, '2019-03-05 00:00:00', 'PGK100419', 53, 53, 2, 'LCL', 2, NULL, 0, 1, '2019-03-06 00:00:00', 2, '2019-03-07 00:00:00', '2019-03-07 00:00:00', 0, NULL, NULL, NULL, NULL, '2019-03-06 00:00:00', NULL, NULL, NULL, NULL, 'General', NULL, NULL, '2019-03-05 06:02:45', '2019-03-05 06:01:48', '2019-03-05 06:02:45'),
(42, '2019-03-05 00:00:00', 'PGK100429', 53, 53, 2, 'LCL', 2, NULL, 0, 1, '2019-03-06 00:00:00', 2, '2019-03-07 00:00:00', '2019-03-07 00:00:00', 0, NULL, NULL, NULL, NULL, '2019-03-06 00:00:00', NULL, NULL, NULL, NULL, 'General', NULL, NULL, '2019-03-05 06:03:23', '2019-03-05 06:02:07', '2019-03-05 06:03:23'),
(43, '2019-03-05 00:00:00', 'PGK200439', 53, 53, 2, 'FCL', 2, NULL, 2, 1, '2019-03-09 00:00:00', 2, '2019-03-07 00:00:00', '2019-03-12 00:00:00', 0, '1,40\'HC;', '1 x 40\'HC', NULL, NULL, '2019-03-06 14:09:21', 'TISSUE', NULL, 25, NULL, 'General', NULL, NULL, NULL, '2019-03-05 06:02:45', '2019-03-08 02:21:23'),
(44, '2019-03-05 00:00:00', 'PGK200449', 53, 53, 2, 'FCL', 2, NULL, 2, 1, '2019-03-09 00:00:00', 2, '2019-03-07 00:00:00', '2019-03-12 00:00:00', 0, '1,40\'HC;', '1 x 40\'HC', NULL, NULL, '2019-03-06 15:13:58', 'TISSUE', NULL, 25, NULL, 'General', NULL, NULL, NULL, '2019-03-05 06:03:23', '2019-03-08 02:21:23'),
(45, '2019-03-05 00:00:00', 'PGK200459', 53, 53, 2, 'FCL', 2, NULL, 2, 1, '2019-03-09 00:00:00', 2, '2019-03-07 00:00:00', '2019-03-12 00:00:00', 0, '1,40\'HC;', '1 x 40\'HC', NULL, NULL, '2019-03-06 15:14:42', 'TISSUE', NULL, 25, NULL, 'General', NULL, NULL, NULL, '2019-03-05 06:04:02', '2019-03-08 02:21:23'),
(46, '2019-03-08 00:00:00', 'PGK200469', 67, 67, 2, 'FCL', 2, NULL, 2, 1, '2019-03-09 00:00:00', 2, '2019-03-12 00:00:00', '2019-03-12 00:00:00', 0, '1,20\'GP;', '1 x 20\'GP', NULL, NULL, '2019-03-09 10:28:35', 'STC', NULL, 20, NULL, 'General', NULL, NULL, NULL, '2019-03-08 02:28:23', '2019-03-08 02:44:18'),
(47, '2019-03-08 00:00:00', 'PGK200479', 69, 69, 2, 'FCL', 2, NULL, 2, 1, '2019-03-09 00:00:00', 2, '2019-03-12 00:00:00', '2019-03-12 00:00:00', 0, '1,20\'GP;', '1 x 20\'GP', NULL, NULL, '2019-03-09 10:29:42', 'STC', NULL, 20, NULL, 'General', NULL, NULL, NULL, '2019-03-08 02:29:04', '2019-03-08 02:30:12'),
(48, '2019-03-08 00:00:00', 'PGKK100489', 11, 11, 2, 'LCL', 3, NULL, 0, 1, '2019-03-09 00:00:00', 3, '2019-03-10 00:00:00', '2019-03-10 00:00:00', 0, NULL, NULL, NULL, NULL, '2019-03-09 00:00:00', NULL, NULL, NULL, NULL, 'General', NULL, NULL, NULL, '2019-03-08 08:01:45', '2019-03-08 08:01:45'),
(49, '2019-03-27 00:00:00', 'PGK100499', 8, 8, 4, 'LCL', 2, NULL, 3, 1, '2019-04-07 00:00:00', 2, '2019-04-14 00:00:00', '2019-04-14 00:00:00', 0, NULL, NULL, NULL, NULL, '2019-04-07 00:00:00', 'wire', NULL, 1000, NULL, 'General', NULL, NULL, '2019-04-13 03:24:32', '2019-03-27 09:36:18', '2019-04-13 03:24:32'),
(50, '2019-03-30 00:00:00', 'PGB100509', 8, 8, 4, 'LCL', 6, NULL, 3, 1, '2019-04-07 00:00:00', 6, '2019-04-17 00:00:00', '2019-04-17 00:00:00', 0, NULL, NULL, NULL, NULL, '2019-04-07 00:00:00', 'wire rod', NULL, 10, NULL, 'General', NULL, 1, '2019-04-13 03:24:26', '2019-03-30 03:08:26', '2019-04-13 03:24:26'),
(51, '2019-03-30 00:00:00', 'PGK100519', 8, 8, 5, 'LCL', 2, NULL, 3, 1, '2019-04-10 00:00:00', 2, '2019-04-17 00:00:00', '2019-04-17 00:00:00', 0, NULL, NULL, NULL, NULL, '2019-04-10 00:00:00', 'wire', NULL, 20, NULL, 'General', NULL, 1, '2019-04-13 03:28:08', '2019-03-30 03:09:54', '2019-04-13 03:28:08'),
(52, '2019-04-02 00:00:00', 'PGKK100529', 11, 11, 4, 'LCL', 3, NULL, 3, 1, '2019-04-07 00:00:00', 3, '2019-04-20 00:00:00', '2019-04-20 00:00:00', 0, '1', NULL, NULL, NULL, '2019-04-07 00:00:00', '1', NULL, 1, NULL, 'General', NULL, NULL, '2019-04-13 03:24:18', '2019-04-02 01:35:22', '2019-04-13 03:24:18'),
(53, '2019-04-02 00:00:00', 'PGKK100539', 11, 11, 6, 'LCL', 3, NULL, 2, 1, '2019-04-06 00:00:00', 3, '2019-04-20 00:00:00', '2019-04-20 00:00:00', 0, '1', NULL, NULL, NULL, '2019-04-09 00:00:00', '1', NULL, 1, NULL, 'General', NULL, NULL, NULL, '2019-04-02 01:40:44', '2019-04-10 01:59:48'),
(54, '2019-04-02 00:00:00', 'PGKK100549', 23, 23, 6, 'LCL', 3, NULL, 2, 1, '2019-04-06 00:00:00', 3, '2019-04-20 00:00:00', '2019-04-20 00:00:00', 0, '2', 'PACKAGES', NULL, NULL, '2019-04-09 00:00:00', 'STC.', NULL, 1, NULL, 'General', NULL, NULL, NULL, '2019-04-02 01:58:02', '2019-04-10 01:59:48'),
(55, '2019-04-02 00:00:00', 'PGK100559', 25, 25, 6, 'LCL', 4, NULL, 2, 1, '2019-04-06 00:00:00', 4, '2019-04-18 00:00:00', '2019-04-18 00:00:00', 0, '31', 'BUNDLES', NULL, NULL, '2019-04-09 00:00:00', 'STC.', NULL, 55, NULL, 'General', NULL, NULL, NULL, '2019-04-02 02:33:16', '2019-04-10 01:59:48'),
(56, '2019-04-02 00:00:00', 'PGK100569', 4, 4, 6, 'LCL', 4, NULL, 2, 1, '2019-04-06 00:00:00', 4, '2019-04-18 00:00:00', '2019-04-18 00:00:00', 0, '21', 'PKGS', NULL, NULL, '2019-04-09 00:00:00', 'STC', NULL, 54, NULL, 'General', NULL, NULL, NULL, '2019-04-02 04:00:43', '2019-04-10 01:59:48'),
(57, '2019-04-03 00:00:00', 'PGKK100579', 17, 17, 6, 'LCL', 3, NULL, 2, 1, '2019-04-06 00:00:00', 3, '2019-04-20 00:00:00', '2019-04-20 00:00:00', 0, '16', 'BUNDLES', NULL, NULL, '2019-04-09 00:00:00', 'STC', NULL, 15, NULL, 'General', NULL, NULL, NULL, '2019-04-03 04:49:01', '2019-04-10 01:59:48'),
(58, '2019-04-03 00:00:00', 'PGKK100589', 29, 29, 6, 'LCL', 3, NULL, 2, 1, '2019-04-06 00:00:00', 3, '2019-04-20 00:00:00', '2019-04-20 00:00:00', 0, '14', 'BUNDLES', NULL, NULL, '2019-04-09 00:00:00', 'STC', NULL, 12, NULL, 'General', NULL, NULL, NULL, '2019-04-03 05:05:04', '2019-04-10 01:59:48'),
(59, '2019-04-03 00:00:00', 'PGKK100599', 29, 29, 6, 'LCL', 3, NULL, 2, 1, '2019-04-06 00:00:00', 3, '2019-04-20 00:00:00', '2019-04-20 00:00:00', 0, '2', 'BUNDLES', NULL, NULL, '2019-04-09 00:00:00', 'STC', NULL, 2, NULL, 'General', NULL, NULL, NULL, '2019-04-03 05:06:25', '2019-04-10 01:59:48'),
(60, '2019-04-03 00:00:00', 'PGKK100609', 23, 23, 6, 'LCL', 3, NULL, 2, 1, '2019-04-06 00:00:00', 3, '2019-04-20 00:00:00', '2019-04-20 00:00:00', 0, '1', 'CASE', NULL, NULL, '2019-04-09 00:00:00', 'STC', NULL, 1, NULL, 'General', NULL, NULL, NULL, '2019-04-03 09:39:29', '2019-04-10 01:59:48'),
(61, '2019-04-04 00:00:00', 'PGK100619', 110, 110, 6, 'LCL', 4, NULL, 2, 1, '2019-04-06 00:00:00', 4, '2019-04-18 00:00:00', '2019-04-18 00:00:00', 0, '11', 'BUNDLES', NULL, NULL, '2019-04-09 00:00:00', 'STC', NULL, 5, NULL, 'General', NULL, NULL, NULL, '2019-04-04 06:22:47', '2019-04-10 01:59:48'),
(62, '2019-04-04 00:00:00', 'PGS100629', 22, 22, 6, 'LCL', 5, NULL, 2, 1, '2019-04-06 00:00:00', 5, '2019-04-23 00:00:00', '2019-04-27 00:00:00', 0, '7', 'BUNDLES', NULL, NULL, '2019-04-09 00:00:00', 'STC', NULL, 8, NULL, 'General', NULL, NULL, NULL, '2019-04-04 07:45:17', '2019-04-26 03:13:48'),
(63, '2019-04-04 00:00:00', 'PGS100639', 31, 31, 6, 'LCL', 5, NULL, 2, 1, '2019-04-06 00:00:00', 5, '2019-04-23 00:00:00', '2019-04-27 00:00:00', 0, '62', 'PACKAGES', NULL, NULL, '2019-04-09 00:00:00', 'STC', NULL, 1, NULL, 'General', NULL, NULL, NULL, '2019-04-04 08:32:54', '2019-04-26 03:13:48'),
(64, '2019-04-04 00:00:00', 'PGS100649', 31, 31, 6, 'LCL', 5, NULL, 2, 1, '2019-04-06 00:00:00', 5, '2019-04-23 00:00:00', '2019-04-27 00:00:00', 0, '11', 'BUNDLES', NULL, NULL, '2019-04-09 00:00:00', 'JN', NULL, 1, NULL, 'General', NULL, NULL, NULL, '2019-04-04 08:33:44', '2019-04-26 03:13:48'),
(65, '2019-04-04 00:00:00', 'PGKK100659', 50, 50, 6, 'LCL', 3, NULL, 2, 1, '2019-04-06 00:00:00', 3, '2019-04-20 00:00:00', '2019-04-20 00:00:00', 0, '134', 'BUNDLES', NULL, NULL, '2019-04-09 00:00:00', 'STC', NULL, 200, NULL, 'General', NULL, NULL, NULL, '2019-04-04 09:55:52', '2019-04-10 01:59:48'),
(66, '2019-04-05 00:00:00', 'PGS100669', 22, 22, 6, 'LCL', 5, NULL, 2, 1, '2019-04-06 00:00:00', 5, '2019-04-23 00:00:00', '2019-04-27 00:00:00', 0, '4', 'BUNDLES', NULL, NULL, '2019-04-09 00:00:00', 'STC', NULL, 6, NULL, 'General', NULL, NULL, NULL, '2019-04-05 03:39:04', '2019-04-26 03:13:48'),
(67, '2019-04-05 00:00:00', 'PGK100679', 16, 16, 6, 'LCL', 4, NULL, 2, 1, '2019-04-06 00:00:00', 4, '2019-04-18 00:00:00', '2019-04-18 00:00:00', 0, '1', 'JUMBO BAGS', NULL, NULL, '2019-04-09 00:00:00', 'STC', NULL, 1, NULL, 'General', NULL, NULL, NULL, '2019-04-05 07:35:38', '2019-04-10 01:59:48'),
(68, '2019-04-05 00:00:00', 'PGS100689', 8, 8, 6, 'LCL', 5, NULL, 2, 1, '2019-04-06 00:00:00', 5, '2019-04-23 00:00:00', '2019-04-27 00:00:00', 0, '260', 'BUNDLES', NULL, NULL, '2019-04-09 00:00:00', 'STC. WELDABLE REINFORCED STEEL BAR', NULL, 264, NULL, 'General', NULL, NULL, NULL, '2019-04-05 07:53:16', '2019-04-26 03:13:48'),
(69, '2019-04-05 00:00:00', 'PGS100699', 8, 8, 6, 'LCL', 5, NULL, 2, 1, '2019-04-06 00:00:00', 5, '2019-04-23 00:00:00', '2019-04-27 00:00:00', 0, '58', 'COILS', NULL, NULL, '2019-04-09 00:00:00', 'STC. WIRE ROD GENERAL PURPOSE', NULL, 102, NULL, 'General', NULL, NULL, NULL, '2019-04-05 07:56:29', '2019-04-26 03:13:48'),
(70, '2019-04-08 00:00:00', 'PGS100709', 52, 52, 6, 'LCL', 5, NULL, 2, 1, '2019-04-06 00:00:00', 5, '2019-04-23 00:00:00', '2019-04-27 00:00:00', 0, '400', 'BUNDLES', NULL, NULL, '2019-04-09 00:00:00', 'STC', NULL, 405, NULL, 'General', NULL, NULL, NULL, '2019-04-08 05:58:02', '2019-04-26 03:13:48'),
(71, '2019-04-08 00:00:00', 'PGK100719', 52, 52, 6, 'LCL', 4, NULL, 2, 1, '2019-04-06 00:00:00', 4, '2019-04-18 00:00:00', '2019-04-18 00:00:00', 0, '100', 'BUNDLES', NULL, NULL, '2019-04-09 00:00:00', 'STC.', NULL, 102, NULL, 'General', NULL, NULL, NULL, '2019-04-08 05:59:54', '2019-04-10 01:59:48'),
(72, '2019-04-08 00:00:00', 'PGK100729', 52, 52, 6, 'LCL', 4, NULL, 2, 1, '2019-04-06 00:00:00', 4, '2019-04-18 00:00:00', '2019-04-18 00:00:00', 0, '310', 'BUNDLES', NULL, NULL, '2019-04-09 00:00:00', 'STC.', NULL, 317, NULL, 'General', NULL, NULL, NULL, '2019-04-08 06:01:01', '2019-04-10 01:59:48'),
(73, '2019-04-08 00:00:00', 'PGK100739', 52, 52, 6, 'LCL', 4, NULL, 2, 1, '2019-04-06 00:00:00', 4, '2019-04-18 00:00:00', '2019-04-18 00:00:00', 0, '120', 'BUNDLES', NULL, NULL, '2019-04-09 00:00:00', 'STC', NULL, 122, NULL, 'General', NULL, NULL, NULL, '2019-04-08 06:02:23', '2019-04-10 01:59:48'),
(74, '2019-04-08 00:00:00', 'PGK100749', 52, 52, 6, 'LCL', 4, NULL, 2, 1, '2019-04-06 00:00:00', 4, '2019-04-18 00:00:00', '2019-04-18 00:00:00', 0, '402', 'BUNDLES', NULL, NULL, '2019-04-09 00:00:00', 'STC.', NULL, 411, NULL, 'General', NULL, NULL, NULL, '2019-04-08 06:05:29', '2019-04-10 01:59:48'),
(75, '2019-04-08 00:00:00', 'PGK100759', 21, 21, 6, 'LCL', 4, NULL, 2, 1, '2019-04-06 00:00:00', 4, '2019-04-18 00:00:00', '2019-04-18 00:00:00', 0, '114', 'coils', NULL, NULL, '2019-04-09 00:00:00', 'STC', NULL, 200, NULL, 'General', NULL, NULL, NULL, '2019-04-08 08:38:19', '2019-04-10 01:59:48'),
(76, '2019-04-08 00:00:00', 'PGKK100769', 21, 21, 6, 'LCL', 3, NULL, 2, 1, '2019-04-06 00:00:00', 3, '2019-04-20 00:00:00', '2019-04-20 00:00:00', 0, '228', 'COILS', NULL, NULL, '2019-04-09 00:00:00', 'STC.', NULL, 400, NULL, 'General', NULL, NULL, NULL, '2019-04-08 08:38:44', '2019-04-10 01:59:48'),
(77, '2019-04-09 00:00:00', 'PGK100779', 18, 18, 8, 'LCL', 4, NULL, 2, 1, '2019-04-17 00:00:00', 4, '2019-04-23 00:00:00', '2019-04-27 00:00:00', 0, '12', 'BUNDLES', NULL, NULL, '2019-04-15 00:00:00', 'STC', NULL, 25, NULL, 'General', NULL, NULL, NULL, '2019-04-09 03:43:58', '2019-04-26 03:15:04'),
(78, '2019-04-09 00:00:00', 'PGK100789', 18, 18, 8, 'LCL', 4, NULL, 2, 1, '2019-04-17 00:00:00', 4, '2019-04-23 00:00:00', '2019-04-27 00:00:00', 0, '24', 'BUNDLES', NULL, NULL, '2019-04-15 00:00:00', 'STC.', NULL, 25, NULL, 'General', NULL, NULL, NULL, '2019-04-09 03:44:44', '2019-04-26 03:15:04'),
(79, '2019-04-09 00:00:00', 'PGK100799', 18, 18, 8, 'LCL', 4, NULL, 2, 1, '2019-04-17 00:00:00', 4, '2019-04-23 00:00:00', '2019-04-27 00:00:00', 0, '24', 'BUNDLES', NULL, NULL, '2019-04-15 00:00:00', 'STC', NULL, 27, NULL, 'General', NULL, NULL, NULL, '2019-04-09 03:45:16', '2019-04-26 03:15:04'),
(80, '2019-04-09 00:00:00', 'PGKK100809', 18, 18, 8, 'LCL', 3, NULL, 2, 1, '2019-04-17 00:00:00', 3, '2019-04-26 00:00:00', '2019-05-01 00:00:00', 0, '71', 'BUNDLES', NULL, NULL, '2019-04-15 00:00:00', 'STC', NULL, 77, NULL, 'General', NULL, NULL, NULL, '2019-04-09 04:16:45', '2019-04-26 03:15:04'),
(81, '2019-04-10 00:00:00', 'PGK100819', 16, 16, 6, 'LCL', 4, NULL, 2, 1, '2019-04-06 00:00:00', 4, '2019-04-18 00:00:00', '2019-04-18 00:00:00', 0, '77', 'JUMBO BAGS', NULL, NULL, '2019-04-11 00:00:00', 'STC.', NULL, 92, NULL, 'General', NULL, NULL, NULL, '2019-04-10 01:43:58', '2019-04-10 01:59:48'),
(82, '2019-04-11 00:00:00', 'PGK100829', 25, 25, 8, 'LCL', 4, NULL, 2, 1, '2019-04-17 00:00:00', 4, '2019-04-23 00:00:00', '2019-04-27 00:00:00', 0, '25', 'BUNDLES', NULL, NULL, '2019-04-15 00:00:00', 'STC', NULL, 24, NULL, 'General', NULL, NULL, NULL, '2019-04-11 03:05:26', '2019-04-26 03:15:04'),
(83, '2019-04-11 00:00:00', 'PGKK100839', 23, 23, 8, 'LCL', 3, NULL, 2, 1, '2019-04-17 00:00:00', 3, '2019-04-26 00:00:00', '2019-05-01 00:00:00', 0, '1', NULL, NULL, NULL, '2019-04-15 00:00:00', 'STC', NULL, 1, NULL, 'General', NULL, NULL, NULL, '2019-04-11 08:30:17', '2019-04-26 03:15:04'),
(84, '2019-04-12 00:00:00', 'PGK100849', 16, 16, 8, 'LCL', 4, NULL, 2, 1, '2019-04-17 00:00:00', 4, '2019-04-23 00:00:00', '2019-04-27 00:00:00', 0, '53', 'JUMBO BAGS', NULL, NULL, '2019-04-15 00:00:00', 'STC.', NULL, 63, NULL, 'General', NULL, NULL, NULL, '2019-04-12 03:43:56', '2019-04-26 03:15:04'),
(85, '2019-04-12 00:00:00', 'PGKK100859', 26, 26, 8, 'LCL', 3, NULL, 2, 1, '2019-04-17 00:00:00', 3, '2019-04-26 00:00:00', '2019-05-01 00:00:00', 0, '3', 'JUMBO BAGS', NULL, NULL, '2019-04-15 00:00:00', 'STC', NULL, 3, NULL, 'General', NULL, NULL, NULL, '2019-04-12 06:13:28', '2019-04-26 03:15:04'),
(86, '2019-04-12 00:00:00', 'PGS100869', 11, 11, 7, 'LCL', 5, NULL, 2, 1, '2019-04-19 00:00:00', 5, '2019-04-27 00:00:00', '2019-04-29 00:00:00', 0, '10', 'CRATES', NULL, NULL, '2019-04-13 00:00:00', 'STC', NULL, 25, NULL, 'General', NULL, NULL, NULL, '2019-04-12 08:03:54', '2019-04-26 03:16:05'),
(87, '2019-04-12 00:00:00', 'PGS100879', 11, 11, 7, 'LCL', 5, NULL, 2, 1, '2019-04-19 00:00:00', 5, '2019-04-27 00:00:00', '2019-04-29 00:00:00', 0, '20', 'CRATES', NULL, NULL, '2019-04-13 00:00:00', 'STC', NULL, 47, NULL, 'General', NULL, NULL, NULL, '2019-04-12 08:05:02', '2019-04-26 03:16:05'),
(88, '2019-04-12 00:00:00', 'PGKK100889', 25, 25, 8, 'LCL', 3, NULL, 2, 1, '2019-04-17 00:00:00', 3, '2019-04-26 00:00:00', '2019-05-01 00:00:00', 0, '19', 'BUNDLES', NULL, NULL, '2019-04-18 00:00:00', 'STC', NULL, 14, NULL, 'General', NULL, NULL, NULL, '2019-04-12 09:54:44', '2019-04-26 03:15:04'),
(89, '2019-04-13 00:00:00', 'PGKK100899', 31, 31, 8, 'LCL', 3, NULL, 2, 1, '2019-04-17 00:00:00', 3, '2019-04-26 00:00:00', '2019-05-01 00:00:00', 0, '19', 'BUNDLES', NULL, NULL, '2019-04-17 00:00:00', 'STC', NULL, 14, NULL, 'General', NULL, NULL, NULL, '2019-04-13 03:49:24', '2019-04-26 03:15:04'),
(90, '2019-04-13 00:00:00', 'PGK100909', 21, 21, 7, 'LCL', 4, NULL, 3, 1, '2019-04-19 00:00:00', 4, '2019-04-27 00:00:00', '2019-04-27 00:00:00', 0, '100', 'bundles', NULL, NULL, '2019-04-19 00:00:00', 'wire rod', NULL, 200, NULL, 'General', NULL, 11, '2019-04-13 04:56:11', '2019-04-13 04:54:55', '2019-04-13 04:56:11'),
(91, '2019-04-13 00:00:00', 'PGK100919', 52, 52, 7, 'LCL', 4, NULL, 3, 1, '2019-04-19 00:00:00', 4, '2019-04-27 00:00:00', '2019-04-27 00:00:00', 0, '200', 'bundles', NULL, NULL, '2019-04-19 00:00:00', 'wire rod', NULL, 1000, NULL, 'General', NULL, 11, '2019-04-13 05:03:35', '2019-04-13 05:01:11', '2019-04-13 05:03:35'),
(92, '2019-04-15 00:00:00', 'PGK100929', 16, 16, 7, 'LCL', 4, NULL, 2, 1, '2019-04-19 00:00:00', 4, '2019-04-27 00:00:00', '2019-04-27 00:00:00', 0, '46', 'jumbo bags', NULL, NULL, '2019-04-19 00:00:00', 'STC', NULL, 55, NULL, 'General', NULL, NULL, NULL, '2019-04-15 03:07:30', '2019-04-22 06:47:14'),
(93, '2019-04-15 00:00:00', 'PGK100939', 4, 4, 8, 'LCL', 4, NULL, 2, 1, '2019-04-17 00:00:00', 4, '2019-04-23 00:00:00', '2019-04-27 00:00:00', 0, '49', 'PACKAGES', NULL, NULL, '2019-04-17 00:00:00', 'STC', NULL, 134, NULL, 'General', NULL, NULL, NULL, '2019-04-15 03:21:09', '2019-04-26 03:15:04'),
(94, '2019-04-15 00:00:00', 'PGK100949', 19, 19, 8, 'LCL', 4, NULL, 2, 1, '2019-04-17 00:00:00', 4, '2019-04-23 00:00:00', '2019-04-27 00:00:00', 0, '5', 'BUNDLES', NULL, NULL, '2019-04-17 00:00:00', 'STC.', NULL, 5, NULL, 'General', NULL, NULL, NULL, '2019-04-15 03:22:12', '2019-04-26 03:15:04'),
(95, '2019-04-15 00:00:00', 'PGK100959', 4, 4, 7, 'LCL', 4, NULL, 2, 1, '2019-04-19 00:00:00', 4, '2019-04-27 00:00:00', '2019-04-27 00:00:00', 0, '51', 'PACKAGES', NULL, NULL, '2019-04-19 00:00:00', 'STC', NULL, 137, NULL, 'General', NULL, NULL, NULL, '2019-04-15 03:45:34', '2019-04-22 06:47:14'),
(96, '2019-04-15 00:00:00', 'PGK100969', 17, 17, 8, 'LCL', 4, NULL, 2, 1, '2019-04-17 00:00:00', 4, '2019-04-23 00:00:00', '2019-04-27 00:00:00', 0, '35', 'BUNDLES', NULL, NULL, '2019-04-17 00:00:00', 'STC', NULL, 32, NULL, 'General', NULL, NULL, NULL, '2019-04-15 03:47:58', '2019-04-26 03:15:04'),
(97, '2019-04-15 00:00:00', 'PGS100979', 18, 18, 7, 'LCL', 5, NULL, 2, 1, '2019-04-19 00:00:00', 5, '2019-04-30 00:00:00', '2019-04-29 00:00:00', 0, '12', 'BUNDLES', NULL, NULL, '2019-04-19 00:00:00', 'STC', NULL, 14, NULL, 'General', NULL, NULL, NULL, '2019-04-15 07:25:29', '2019-04-26 03:16:05'),
(98, '2019-04-15 00:00:00', 'PGK100989', 29, 29, 7, 'LCL', 4, NULL, 2, 1, '2019-04-19 00:00:00', 4, '2019-04-27 00:00:00', '2019-04-27 00:00:00', 0, '5', 'BUNDLES', NULL, NULL, '2019-04-19 00:00:00', 'STC', NULL, 4, NULL, 'General', NULL, NULL, NULL, '2019-04-15 07:31:51', '2019-04-22 06:47:14'),
(99, '2019-04-15 00:00:00', 'PGS100999', 31, 31, 7, 'LCL', 5, NULL, 2, 1, '2019-04-19 00:00:00', 5, '2019-04-30 00:00:00', '2019-04-29 00:00:00', 0, '7', 'BE', NULL, NULL, '2019-04-19 00:00:00', 'STC', NULL, 1, NULL, 'General', NULL, NULL, NULL, '2019-04-15 08:36:07', '2019-04-26 03:16:05'),
(100, '2019-04-16 00:00:00', 'PGS101009', 19, 19, 7, 'LCL', 5, NULL, 2, 1, '2019-04-19 00:00:00', 5, '2019-04-30 00:00:00', '2019-04-29 00:00:00', 0, '26', 'BUNDLES', NULL, NULL, '2019-04-19 00:00:00', 'STC', NULL, 47, NULL, 'General', NULL, NULL, NULL, '2019-04-16 03:43:17', '2019-04-26 03:16:05'),
(101, '2019-04-16 00:00:00', 'PGKK101019', 19, 19, 8, 'LCL', 3, NULL, 2, 1, '2019-04-17 00:00:00', 3, '2019-04-26 00:00:00', '2019-05-01 00:00:00', 0, '5', 'BUNDLES', NULL, NULL, '2019-04-17 00:00:00', 'STC', NULL, 5, NULL, 'General', NULL, NULL, NULL, '2019-04-16 06:35:04', '2019-04-26 03:15:04'),
(102, '2019-04-16 00:00:00', 'PGK101029', 19, 19, 7, 'LCL', 4, NULL, 2, 1, '2019-04-19 00:00:00', 4, '2019-04-27 00:00:00', '2019-04-27 00:00:00', 0, '10', 'bundles', NULL, NULL, '2019-04-19 00:00:00', 'stc', NULL, 24, NULL, 'General', NULL, NULL, NULL, '2019-04-16 07:46:46', '2019-04-22 06:47:14'),
(103, '2019-04-17 00:00:00', 'PGPGM101039', 22, 22, 12, 'LCL', 11, NULL, 3, 1, '2019-04-22 00:00:00', 11, '2019-05-04 00:00:00', '2019-05-04 00:00:00', 0, NULL, NULL, NULL, NULL, '2019-04-22 00:00:00', NULL, NULL, NULL, NULL, 'General', NULL, NULL, '2019-04-17 03:14:14', '2019-04-17 03:13:07', '2019-04-17 03:14:14'),
(104, '2019-04-17 00:00:00', 'PGM101049', 22, 22, 12, 'LCL', 11, NULL, 2, 1, '2019-04-24 00:00:00', 11, '2019-05-04 00:00:00', '2019-05-05 00:00:00', 0, '10', 'BUNDLES', NULL, NULL, '2019-04-22 00:00:00', 'STC', NULL, 9, NULL, 'General', NULL, NULL, NULL, '2019-04-17 03:14:26', '2019-04-25 09:45:54'),
(105, '2019-04-17 00:00:00', 'PGKK101059', 50, 50, 8, 'LCL', 3, NULL, 2, 1, '2019-04-17 00:00:00', 3, '2019-04-26 00:00:00', '2019-05-01 00:00:00', 0, '139', 'BUNDLES', NULL, NULL, '2019-04-18 00:00:00', 'STC', NULL, 308, NULL, 'General', NULL, NULL, NULL, '2019-04-17 04:53:30', '2019-04-26 03:15:04'),
(106, '2019-04-18 00:00:00', 'PGKK101069', 52, 52, 8, 'LCL', 3, NULL, 2, 1, '2019-04-17 00:00:00', 3, '2019-04-26 00:00:00', '2019-05-01 00:00:00', 0, '252', 'COILS', NULL, NULL, '2019-04-19 00:00:00', 'STC', NULL, 450, NULL, 'General', NULL, NULL, NULL, '2019-04-18 01:32:10', '2019-04-26 03:15:04'),
(107, '2019-04-18 00:00:00', 'PGKK101079', 21, 21, 8, 'LCL', 3, NULL, 2, 1, '2019-04-17 00:00:00', 3, '2019-04-26 00:00:00', '2019-05-01 00:00:00', 0, '170', 'COILS', NULL, NULL, '2019-04-19 00:00:00', 'STC.', NULL, 300, NULL, 'General', NULL, NULL, NULL, '2019-04-18 01:32:33', '2019-04-26 03:15:04'),
(108, '2019-04-18 00:00:00', 'PGKK101089', 21, 21, 8, 'LCL', 3, NULL, 2, 1, '2019-04-17 00:00:00', 3, '2019-04-26 00:00:00', '2019-05-01 00:00:00', 0, '40', 'COILS', NULL, NULL, '2019-04-19 00:00:00', 'STC', NULL, 70, NULL, 'General', NULL, NULL, NULL, '2019-04-18 01:33:03', '2019-04-26 03:15:04'),
(109, '2019-04-18 00:00:00', 'PGK101099', 21, 21, 8, 'LCL', 4, NULL, 2, 1, '2019-04-17 00:00:00', 4, '2019-04-23 00:00:00', '2019-04-27 00:00:00', 0, '114', 'COILS', NULL, NULL, '2019-04-19 00:00:00', 'STC', NULL, 200, NULL, 'General', NULL, NULL, NULL, '2019-04-18 01:35:04', '2019-04-26 03:15:04'),
(110, '2019-04-18 00:00:00', 'PGKK101109', 21, 21, 8, 'LCL', 3, NULL, 2, 1, '2019-04-17 00:00:00', 3, '2019-04-26 00:00:00', '2019-05-01 00:00:00', 0, '35', 'COILS', NULL, NULL, '2019-04-19 00:00:00', 'STC', NULL, 60, NULL, 'General', NULL, NULL, NULL, '2019-04-18 01:35:47', '2019-04-26 03:15:04'),
(111, '2019-04-18 00:00:00', 'PGM101119', 11, 11, 12, 'LCL', 11, NULL, 2, 1, '2019-04-24 00:00:00', 11, '2019-05-04 00:00:00', '2019-05-05 00:00:00', 0, '109', 'CRATES', NULL, NULL, '2019-04-22 00:00:00', 'STC', NULL, 194, NULL, 'General', NULL, NULL, NULL, '2019-04-18 02:03:45', '2019-04-25 09:45:54'),
(112, '2019-04-18 00:00:00', 'PGK101129', 8, 8, 8, 'LCL', 4, NULL, 2, 1, '2019-04-17 00:00:00', 4, '2019-04-23 00:00:00', '2019-04-27 00:00:00', 0, '170', 'BUNDLES', NULL, NULL, '2019-04-19 00:00:00', 'STC', NULL, 174, NULL, 'General', NULL, NULL, NULL, '2019-04-18 03:19:22', '2019-04-26 03:15:04'),
(113, '2019-04-18 00:00:00', 'PGK101139', 11, 11, 7, 'LCL', 4, NULL, 2, 1, '2019-04-19 00:00:00', 4, '2019-04-27 00:00:00', '2019-04-27 00:00:00', 0, '3', 'CRATES', NULL, NULL, '2019-04-19 00:00:00', 'STC', NULL, 7, NULL, 'General', NULL, NULL, NULL, '2019-04-18 07:45:20', '2019-04-22 06:47:14'),
(114, '2019-04-18 00:00:00', 'PGS101149', 2, 2, 7, 'LCL', 5, NULL, 2, 1, '2019-04-19 00:00:00', 5, '2019-04-30 00:00:00', '2019-04-29 00:00:00', 0, '252', 'BUNDLES', NULL, NULL, '2019-04-19 00:00:00', 'STC', NULL, 250, NULL, 'General', NULL, NULL, NULL, '2019-04-18 08:31:27', '2019-04-26 03:16:05'),
(115, '2019-04-18 00:00:00', 'PGS101159', 52, 52, 7, 'LCL', 5, NULL, 2, 1, '2019-04-19 00:00:00', 5, '2019-04-30 00:00:00', '2019-04-29 00:00:00', 0, '115', 'BUNDLES', NULL, NULL, '2019-04-19 00:00:00', 'STC', NULL, 121, NULL, 'General', NULL, NULL, NULL, '2019-04-18 09:04:47', '2019-04-26 03:16:05'),
(116, '2019-04-18 00:00:00', 'PGK101169', 52, 52, 7, 'LCL', 4, NULL, 2, 1, '2019-04-19 00:00:00', 4, '2019-04-27 00:00:00', '2019-04-27 00:00:00', 0, '950', 'BUNDLES', NULL, NULL, '2019-04-19 00:00:00', 'STC', NULL, 965, NULL, 'General', NULL, NULL, NULL, '2019-04-18 09:05:11', '2019-04-22 06:47:14'),
(117, '2019-04-19 00:00:00', 'PGM101179', 4, 4, 12, 'LCL', 11, NULL, 2, 1, '2019-04-24 00:00:00', 11, '2019-05-04 00:00:00', '2019-05-05 00:00:00', 0, '58', 'PACKAGES', NULL, NULL, '2019-04-22 00:00:00', 'STC', NULL, 145, NULL, 'General', NULL, NULL, NULL, '2019-04-19 06:08:27', '2019-04-25 09:45:54'),
(118, '2019-04-19 00:00:00', 'PGK101189', 8, 8, 7, 'LCL', 4, NULL, 2, 1, '2019-04-19 00:00:00', 4, '2019-04-27 00:00:00', '2019-04-27 00:00:00', 0, '200', 'BUNDLES', NULL, NULL, '2019-04-20 00:00:00', 'STC', NULL, 1, NULL, 'General', NULL, NULL, NULL, '2019-04-19 08:05:43', '2019-04-22 06:47:14'),
(119, '2019-04-19 00:00:00', 'PGK101199', 26, 26, 13, 'LCL', 2, NULL, 3, 1, '2019-05-10 00:00:00', 2, '2019-05-13 00:00:00', '2019-05-18 00:00:00', 0, NULL, NULL, NULL, NULL, '2019-05-05 00:00:00', NULL, NULL, NULL, NULL, 'General', NULL, NULL, '2019-04-26 09:27:51', '2019-04-19 09:51:43', '2019-04-26 09:27:51'),
(120, '2019-04-20 00:00:00', 'PGSK101209', 11, 11, 9, 'LCL', 8, NULL, 3, 1, '2019-04-28 00:00:00', 8, '2019-05-09 00:00:00', '2019-05-13 00:00:00', 0, NULL, NULL, NULL, NULL, '2019-04-28 00:00:00', NULL, NULL, NULL, NULL, 'General', NULL, NULL, '2019-04-22 03:06:15', '2019-04-20 04:33:23', '2019-04-22 03:06:15'),
(121, '2019-04-20 00:00:00', 'PGSK101219', 11, 11, 9, 'LCL', 8, NULL, 2, 1, '2019-04-29 00:00:00', 8, '2019-05-09 00:00:00', '2019-05-15 00:00:00', 0, '8', 'CRATES', NULL, NULL, '2019-04-28 00:00:00', 'STC', NULL, 13, NULL, 'General', NULL, NULL, NULL, '2019-04-20 04:33:53', '2019-05-02 04:38:16'),
(122, '2019-04-20 00:00:00', 'PGSK101229', 11, 11, 9, 'LCL', 8, NULL, 3, 1, '2019-04-28 00:00:00', 8, '2019-05-09 00:00:00', '2019-05-13 00:00:00', 0, NULL, NULL, NULL, NULL, '2019-04-28 00:00:00', NULL, NULL, NULL, NULL, 'General', NULL, NULL, '2019-04-22 03:06:24', '2019-04-20 04:34:15', '2019-04-22 03:06:24'),
(123, '2019-04-20 00:00:00', 'PGT101239', 11, 11, 9, 'LCL', 7, NULL, 2, 1, '2019-04-29 00:00:00', 7, '2019-05-06 00:00:00', '2019-05-12 00:00:00', 0, '3', 'CRATES', NULL, NULL, '2019-04-28 00:00:00', 'STC', NULL, 7, NULL, 'General', NULL, NULL, NULL, '2019-04-20 04:34:33', '2019-05-02 04:38:16'),
(124, '2019-04-22 00:00:00', 'PGB101249', 17, 17, 12, 'LCL', 6, NULL, 2, 1, '2019-04-24 00:00:00', 6, '2019-05-03 00:00:00', '2019-05-03 00:00:00', 0, '14', 'bundles', NULL, NULL, '2019-04-24 00:00:00', 'stc', NULL, 12, NULL, 'General', NULL, NULL, NULL, '2019-04-22 02:02:17', '2019-04-25 09:45:54'),
(125, '2019-04-22 00:00:00', 'PGT101259', 31, 31, 9, 'LCL', 7, NULL, 2, 1, '2019-04-29 00:00:00', 7, '2019-05-10 00:00:00', '2019-05-12 00:00:00', 0, '1', 'BUN', NULL, NULL, '2019-04-28 00:00:00', 'HS', NULL, 275, NULL, 'General', NULL, 13, NULL, '2019-04-22 06:15:15', '2019-05-02 04:38:16'),
(126, '2019-04-22 00:00:00', 'PGT101269', 31, 31, 9, 'LCL', 7, NULL, 2, 1, '2019-04-29 00:00:00', 7, '2019-05-10 00:00:00', '2019-05-12 00:00:00', 0, '1', NULL, NULL, NULL, '2019-04-28 00:00:00', 'TG', NULL, 66, NULL, 'General', NULL, NULL, NULL, '2019-04-22 06:17:02', '2019-05-02 04:38:16'),
(127, '2019-04-22 00:00:00', 'PGLD101279', 31, 31, 9, 'LCL', 9, NULL, 2, 1, '2019-04-29 00:00:00', 9, '2019-05-08 00:00:00', '2019-05-09 00:00:00', 0, '1', NULL, NULL, NULL, '2019-04-28 00:00:00', 'TG', NULL, 99, NULL, 'General', NULL, 12, NULL, '2019-04-22 06:32:32', '2019-05-02 04:38:16'),
(128, '2019-04-22 00:00:00', 'PGLD101289', 31, 31, 9, 'LCL', 9, NULL, 2, 1, '2019-04-29 00:00:00', 9, '2019-05-08 00:00:00', '2019-05-09 00:00:00', 0, '1', NULL, NULL, NULL, '2019-04-28 00:00:00', 'LDM', NULL, 642, NULL, 'General', NULL, 12, NULL, '2019-04-22 06:33:04', '2019-05-02 04:38:16'),
(129, '2019-04-22 00:00:00', 'PGLD101299', 31, 31, 9, 'LCL', 9, NULL, 2, 1, '2019-04-29 00:00:00', 9, '2019-05-08 00:00:00', '2019-05-09 00:00:00', 0, '1', NULL, NULL, NULL, '2019-04-28 00:00:00', 'UNIVESS', NULL, 12, NULL, 'General', NULL, 12, NULL, '2019-04-22 07:10:39', '2019-05-02 04:38:16'),
(130, '2019-04-22 00:00:00', 'PGSK101309', 31, 31, 9, 'LCL', 8, NULL, 2, 1, '2019-04-29 00:00:00', 8, '2019-05-13 00:00:00', '2019-05-15 00:00:00', 0, '1', NULL, NULL, NULL, '2019-04-28 00:00:00', 'PALUC', NULL, 42, NULL, 'General', NULL, 14, NULL, '2019-04-22 07:11:26', '2019-05-02 04:38:16'),
(131, '2019-04-22 00:00:00', 'PGSK101319', 31, 31, 9, 'LCL', 8, NULL, 2, 1, '2019-04-29 00:00:00', 8, '2019-05-13 00:00:00', '2019-05-15 00:00:00', 0, '1', NULL, NULL, NULL, '2019-04-28 00:00:00', 'TG', NULL, 64, NULL, 'General', NULL, 14, NULL, '2019-04-22 07:11:58', '2019-05-02 04:38:16'),
(132, '2019-04-22 00:00:00', 'PGSK101329', 31, 31, 9, 'LCL', 8, NULL, 2, 1, '2019-04-29 00:00:00', 8, '2019-05-13 00:00:00', '2019-05-15 00:00:00', 0, '1', NULL, NULL, NULL, '2019-04-28 00:00:00', 'KEONG LIP', NULL, 33, NULL, 'General', NULL, 14, NULL, '2019-04-22 07:12:22', '2019-05-02 04:38:17'),
(133, '2019-04-22 00:00:00', 'PGSK101339', 31, 31, 9, 'LCL', 8, NULL, 2, 1, '2019-04-29 00:00:00', 8, '2019-05-13 00:00:00', '2019-05-15 00:00:00', 0, '1', NULL, NULL, NULL, '2019-04-28 00:00:00', 'SANDAKAN METAL', NULL, 54, NULL, 'General', NULL, NULL, NULL, '2019-04-22 07:12:47', '2019-05-02 04:38:17'),
(134, '2019-04-23 00:00:00', 'PGK101349', 16, 16, 9, 'LCL', 4, NULL, 2, 1, '2019-04-29 00:00:00', 4, '2019-05-03 00:00:00', '2019-05-06 00:00:00', 0, '57', 'JUMBO BAGS', NULL, NULL, '2019-04-28 00:00:00', 'STC', NULL, 68, NULL, 'General', NULL, NULL, NULL, '2019-04-23 08:26:37', '2019-05-02 04:38:17'),
(135, '2019-04-23 00:00:00', 'PGT101359', 18, 18, 9, 'LCL', 7, NULL, 2, 1, '2019-04-29 00:00:00', 7, '2019-05-10 00:00:00', '2019-05-12 00:00:00', 0, '23', 'BE', NULL, NULL, '2019-04-28 00:00:00', 'STC', NULL, 29, NULL, 'General', NULL, NULL, NULL, '2019-04-23 09:16:02', '2019-05-02 04:38:17'),
(136, '2019-04-23 00:00:00', 'PGT101369', 18, 18, 9, 'LCL', 7, NULL, 2, 1, '2019-04-29 00:00:00', 7, '2019-05-10 00:00:00', '2019-05-12 00:00:00', 0, '22', 'BE', NULL, NULL, '2019-04-28 00:00:00', 'STC', NULL, 18, NULL, 'General', NULL, NULL, NULL, '2019-04-23 09:16:44', '2019-05-02 04:38:17'),
(137, '2019-04-23 00:00:00', 'PGLD101379', 18, 18, 9, 'LCL', 9, NULL, 2, 1, '2019-04-29 00:00:00', 9, '2019-05-08 00:00:00', '2019-05-09 00:00:00', 0, '14', 'BE', NULL, NULL, '2019-04-28 00:00:00', 'STC', NULL, 14, NULL, 'General', NULL, NULL, NULL, '2019-04-23 09:17:15', '2019-05-02 04:38:17'),
(138, '2019-04-24 00:00:00', 'PGM101389', 8, 8, 12, 'LCL', 11, NULL, 2, 1, '2019-04-24 00:00:00', 11, '2019-05-05 00:00:00', '2019-05-05 00:00:00', 0, '114', 'COIL', NULL, NULL, '2019-04-25 00:00:00', 'STC', NULL, 199, NULL, 'General', NULL, NULL, NULL, '2019-04-24 02:45:33', '2019-04-25 09:45:54'),
(139, '2019-04-24 00:00:00', 'PGM101399', 8, 8, 12, 'LCL', 11, NULL, 2, 1, '2019-04-24 00:00:00', 11, '2019-05-05 00:00:00', '2019-05-05 00:00:00', 0, '240', 'BUNDLES', NULL, NULL, '2019-04-25 00:00:00', 'STC', NULL, 245, NULL, 'General', NULL, NULL, NULL, '2019-04-24 02:46:42', '2019-04-25 09:45:54'),
(140, '2019-04-24 00:00:00', 'PGM101409', 8, 8, 12, 'LCL', 11, NULL, 3, 1, '2019-04-25 00:00:00', 11, '2019-05-05 00:00:00', '2019-05-05 00:00:00', 0, '145', 'BUNDLES', NULL, NULL, '2019-04-25 00:00:00', 'STC', NULL, 148, NULL, 'General', NULL, NULL, '2019-04-24 06:01:49', '2019-04-24 02:47:32', '2019-04-24 06:01:49'),
(141, '2019-04-24 00:00:00', 'PGB101419', 8, 8, 12, 'LCL', 6, NULL, 2, 1, '2019-04-24 00:00:00', 6, '2019-05-03 00:00:00', '2019-05-03 00:00:00', 0, '145', 'BUNDLES', NULL, NULL, '2019-04-25 00:00:00', 'STC', NULL, 148, NULL, 'General', NULL, NULL, NULL, '2019-04-24 02:50:34', '2019-04-25 09:45:54'),
(142, '2019-04-24 00:00:00', 'PGB101429', 8, 8, 12, 'LCL', 6, NULL, 2, 1, '2019-04-24 00:00:00', 6, '2019-05-03 00:00:00', '2019-05-03 00:00:00', 0, '57', 'COILS', NULL, NULL, '2019-04-25 00:00:00', 'STC', NULL, 99, NULL, 'General', NULL, NULL, NULL, '2019-04-24 02:51:24', '2019-04-25 09:45:54'),
(143, '2019-04-24 00:00:00', 'PGSK101439', 29, 29, 9, 'LCL', 8, NULL, 2, 1, '2019-04-29 00:00:00', 8, '2019-05-13 00:00:00', '2019-05-15 00:00:00', 0, '5', 'BUNDLES', NULL, NULL, '2019-04-28 00:00:00', 'STC', NULL, 7, NULL, 'General', NULL, NULL, NULL, '2019-04-24 02:54:19', '2019-05-02 04:38:17'),
(144, '2019-04-24 00:00:00', 'PGSK101449', 17, 17, 9, 'LCL', 8, NULL, 2, 1, '2019-04-29 00:00:00', 8, '2019-05-13 00:00:00', '2019-05-15 00:00:00', 0, '17', 'BD', NULL, NULL, '2019-04-28 00:00:00', 'STC', NULL, 14, NULL, 'General', 'RH', NULL, NULL, '2019-04-24 04:08:01', '2019-05-02 04:38:17'),
(145, '2019-04-24 00:00:00', 'PGT101459', 17, 17, 9, 'LCL', 7, NULL, 2, 1, '2019-04-29 00:00:00', 7, '2019-05-10 00:00:00', '2019-05-12 00:00:00', 0, '12', 'BUNDLES', NULL, NULL, '2019-04-28 00:00:00', 'STC', NULL, 11, NULL, 'General', NULL, NULL, NULL, '2019-04-24 04:08:30', '2019-05-02 04:38:17'),
(146, '2019-04-24 00:00:00', 'PGSK101469', 17, 17, 9, 'LCL', 8, NULL, 2, 1, '2019-04-29 00:00:00', 8, '2019-05-13 00:00:00', '2019-05-15 00:00:00', 0, '22', 'BE', NULL, NULL, '2019-04-28 00:00:00', '1', NULL, 1, NULL, 'General', 'JH', NULL, NULL, '2019-04-24 04:09:23', '2019-05-02 04:38:17'),
(147, '2019-04-24 00:00:00', 'PGLD101479', 17, 17, 9, 'LCL', 9, NULL, 2, 1, '2019-04-29 00:00:00', 9, '2019-05-08 00:00:00', '2019-05-09 00:00:00', 0, '16', 'BE', NULL, NULL, '2019-04-28 00:00:00', 'STC', NULL, 1, NULL, 'General', 'LDM', NULL, NULL, '2019-04-24 04:09:49', '2019-05-02 04:38:17'),
(148, '2019-04-24 00:00:00', 'PGLD101489', 17, 17, 9, 'LCL', 9, NULL, 2, 1, '2019-04-29 00:00:00', 9, '2019-05-08 00:00:00', '2019-05-09 00:00:00', 0, '13', 'BUNDLES', NULL, NULL, '2019-04-28 00:00:00', 'STC', NULL, 1, NULL, 'General', 'KILANG BATA', NULL, NULL, '2019-04-24 04:10:16', '2019-05-02 04:38:17'),
(149, '2019-04-24 00:00:00', 'PGSK101499', 50, 50, 9, 'LCL', 8, NULL, 2, 1, '2019-04-29 00:00:00', 8, '2019-05-13 00:00:00', '2019-05-15 00:00:00', 0, '17', 'BUNDLES', NULL, NULL, '2019-04-28 00:00:00', 'STC', NULL, 35, NULL, 'General', NULL, NULL, NULL, '2019-04-24 04:44:03', '2019-05-02 04:38:17'),
(150, '2019-04-24 00:00:00', 'PGB101509', 21, 21, 12, 'LCL', 6, NULL, 2, 1, '2019-04-24 00:00:00', 6, '2019-05-03 00:00:00', '2019-05-03 00:00:00', 0, '82', 'COILS', NULL, NULL, '2019-04-25 00:00:00', 'STC', NULL, 150, NULL, 'General', NULL, NULL, NULL, '2019-04-24 06:02:19', '2019-04-25 09:45:54'),
(151, '2019-04-24 00:00:00', 'PGB101519', 52, 52, 10, 'LCL', 6, NULL, 2, 1, '2019-05-05 00:00:00', 6, '2019-05-18 00:00:00', '2019-05-18 00:00:00', 0, '230', 'BUNDLES', NULL, NULL, '2019-05-05 00:00:00', 'STC', NULL, 234, NULL, 'General', NULL, NULL, NULL, '2019-04-24 06:04:38', '2019-04-29 02:59:37'),
(152, '2019-04-24 00:00:00', 'PGB101529', 52, 52, 12, 'LCL', 6, NULL, 2, 1, '2019-04-24 00:00:00', 6, '2019-05-03 00:00:00', '2019-05-03 00:00:00', 0, '150', 'BUNDLES', NULL, NULL, '2019-04-25 00:00:00', 'STC', NULL, 153, NULL, 'General', NULL, NULL, NULL, '2019-04-24 06:06:45', '2019-04-25 09:45:54'),
(153, '2019-04-25 00:00:00', 'PGSK101539', 34, 34, 9, 'LCL', 8, NULL, 2, 1, '2019-04-29 00:00:00', 8, '2019-05-13 00:00:00', '2019-05-15 00:00:00', 0, '7', 'BUNDLES', NULL, NULL, '2019-04-28 00:00:00', 'STC', NULL, 1, NULL, 'General', NULL, NULL, NULL, '2019-04-25 01:47:40', '2019-05-02 04:38:17'),
(154, '2019-04-25 00:00:00', 'PGT101549', 34, 34, 9, 'LCL', 7, NULL, 2, 1, '2019-04-29 00:00:00', 7, '2019-05-10 00:00:00', '2019-05-12 00:00:00', 0, '14', 'BUNDLES', NULL, NULL, '2019-04-28 00:00:00', 'STC', NULL, 26, NULL, 'General', NULL, NULL, NULL, '2019-04-25 01:52:58', '2019-05-02 04:38:17'),
(155, '2019-04-25 00:00:00', 'PGLD101559', 13, 13, 9, 'LCL', 9, NULL, 2, 1, '2019-04-29 00:00:00', 9, '2019-05-08 00:00:00', '2019-05-09 00:00:00', 0, '3', 'BUNDLES', NULL, NULL, '2019-04-28 00:00:00', 'STC', NULL, 1, NULL, 'General', NULL, NULL, NULL, '2019-04-25 02:38:38', '2019-05-02 04:38:17'),
(156, '2019-04-25 00:00:00', 'PGLD101569', 13, 13, 9, 'LCL', 9, NULL, 2, 1, '2019-04-29 00:00:00', 9, '2019-05-08 00:00:00', '2019-05-09 00:00:00', 0, '1', 'UNIT', NULL, NULL, '2019-04-28 00:00:00', 'STC.', NULL, 4, NULL, 'General', NULL, NULL, NULL, '2019-04-25 02:39:16', '2019-05-02 04:38:17'),
(157, '2019-04-25 00:00:00', 'PGSK101579', 19, 19, 9, 'LCL', 8, NULL, 2, 1, '2019-04-29 00:00:00', 8, '2019-05-13 00:00:00', '2019-05-15 00:00:00', 0, '12', 'BE', NULL, NULL, '2019-04-28 00:00:00', 'STC', NULL, 1, NULL, 'General', NULL, NULL, NULL, '2019-04-25 09:27:06', '2019-05-02 04:38:17'),
(158, '2019-04-25 00:00:00', 'PGT101589', 19, 19, 9, 'LCL', 7, NULL, 2, 1, '2019-04-29 00:00:00', 7, '2019-05-10 00:00:00', '2019-05-12 00:00:00', 0, '8', 'BE', NULL, NULL, '2019-04-28 00:00:00', 'STC', NULL, 1, NULL, 'General', NULL, NULL, NULL, '2019-04-25 09:27:37', '2019-05-02 04:38:17'),
(159, '2019-04-25 00:00:00', 'PGSK101599', 19, 19, 9, 'LCL', 8, NULL, 2, 1, '2019-04-29 00:00:00', 8, '2019-05-13 00:00:00', '2019-05-15 00:00:00', 0, '1', '1', NULL, NULL, '2019-04-28 00:00:00', '1', NULL, 1, NULL, 'General', NULL, NULL, NULL, '2019-04-25 09:28:14', '2019-05-02 04:38:17'),
(160, '2019-04-25 00:00:00', 'PGSK101609', 19, 19, 9, 'LCL', 8, NULL, 3, 1, '2019-04-28 00:00:00', 8, '2019-05-13 00:00:00', '2019-05-13 00:00:00', 0, NULL, NULL, NULL, NULL, '2019-04-28 00:00:00', NULL, NULL, NULL, NULL, 'General', NULL, NULL, '2019-04-25 09:28:57', '2019-04-25 09:28:39', '2019-04-25 09:28:57'),
(161, '2019-04-25 00:00:00', 'PGLD101619', 19, 19, 9, 'LCL', 9, NULL, 2, 1, '2019-04-29 00:00:00', 9, '2019-05-08 00:00:00', '2019-05-09 00:00:00', 0, '1', '1', NULL, NULL, '2019-04-28 00:00:00', '1', NULL, 1, NULL, 'General', NULL, NULL, NULL, '2019-04-25 09:29:17', '2019-05-02 04:38:17'),
(162, '2019-04-26 00:00:00', 'PGK101629', 52, 52, 16, 'LCL', 4, NULL, 2, 1, '2019-05-18 00:00:00', 4, '2019-05-25 00:00:00', '2019-05-25 00:00:00', 0, '300', 'BUNDLES', NULL, NULL, '2019-05-18 00:00:00', 'STC', NULL, 300, NULL, 'General', NULL, NULL, NULL, '2019-04-26 04:17:07', '2019-04-26 07:16:26'),
(163, '2019-04-29 00:00:00', 'PGK101639', 11, 11, 14, 'LCL', 4, NULL, 0, 1, '2019-05-07 00:00:00', 4, '2019-05-15 00:00:00', '2019-05-15 00:00:00', 0, NULL, NULL, NULL, NULL, '2019-05-07 00:00:00', NULL, NULL, NULL, NULL, 'General', NULL, NULL, NULL, '2019-04-29 08:05:08', '2019-04-29 08:05:08'),
(164, '2019-04-29 00:00:00', 'PGKK101649', 11, 11, 14, 'LCL', 3, NULL, 0, 1, '2019-05-07 00:00:00', 3, '2019-05-22 00:00:00', '2019-05-22 00:00:00', 0, NULL, NULL, NULL, NULL, '2019-05-07 00:00:00', NULL, NULL, NULL, NULL, 'General', NULL, NULL, NULL, '2019-04-29 08:05:57', '2019-04-29 08:05:57'),
(165, '2019-04-29 00:00:00', 'PGKK101659', 11, 11, 14, 'LCL', 3, NULL, 0, 1, '2019-05-07 00:00:00', 3, '2019-05-22 00:00:00', '2019-05-22 00:00:00', 0, NULL, NULL, NULL, NULL, '2019-05-07 00:00:00', NULL, NULL, NULL, NULL, 'General', NULL, NULL, NULL, '2019-04-29 08:06:37', '2019-04-29 08:06:37');
INSERT INTO `bookings` (`id`, `date`, `booking_no`, `bookingparty_id`, `shipper_id`, `voyage_id`, `shipment_type`, `fpd_id`, `mvessel`, `status`, `pol_id`, `eta_pol`, `pod_id`, `eta_pod`, `eta_fpd`, `confirm`, `cargo_qty`, `cargo_packing`, `haulge_request_date`, `empty_delivery_loc`, `cy_cutoff`, `cargo_desc`, `temperature`, `weight`, `uncode`, `cargo_nature`, `remarks`, `res_id`, `deleted_at`, `created_at`, `updated_at`) VALUES
(166, '2019-04-30 00:00:00', 'PGK101669', 139, 139, 10, 'LCL', 4, NULL, 2, 1, '2019-05-05 00:00:00', 4, '2019-05-15 00:00:00', '2019-05-15 00:00:00', 0, '4', 'pallets', NULL, NULL, '2019-05-05 00:00:00', 'STC', NULL, 2, NULL, 'General', NULL, NULL, NULL, '2019-04-30 01:54:37', '2019-04-30 04:28:33'),
(167, '2019-04-30 00:00:00', 'PGSR101679', 28, 28, 13, 'LCL', 10, NULL, 0, 1, '2019-05-10 00:00:00', 10, '2019-05-20 00:00:00', '2019-05-20 00:00:00', 0, NULL, NULL, NULL, NULL, '2019-05-10 00:00:00', NULL, NULL, NULL, NULL, 'General', NULL, NULL, NULL, '2019-04-30 07:43:35', '2019-04-30 07:43:35'),
(168, '2019-04-30 00:00:00', 'PGK101689', 16, 16, 10, 'LCL', 4, NULL, 2, 1, '2019-05-05 00:00:00', 4, '2019-05-15 00:00:00', '2019-05-15 00:00:00', 0, '54', 'JUMBO BAGS', NULL, NULL, '2019-05-05 00:00:00', 'STC.', NULL, 64, NULL, 'General', NULL, NULL, NULL, '2019-04-30 08:08:11', '2019-04-30 09:20:22'),
(169, '2019-05-02 00:00:00', 'PGK101699', 25, 25, 10, 'LCL', 4, NULL, 2, 1, '2019-05-05 00:00:00', 4, '2019-05-15 00:00:00', '2019-05-15 00:00:00', 0, '22', 'BUNDLES', NULL, NULL, '2019-05-05 00:00:00', 'STC. HR ANGLE BAR', NULL, 19, NULL, 'General', NULL, NULL, NULL, '2019-05-02 01:29:27', '2019-05-02 06:33:46'),
(170, '2019-05-02 00:00:00', 'PGKK101709', 4, 4, 14, 'LCL', 3, NULL, 0, 1, '2019-05-07 00:00:00', 3, '2019-05-22 00:00:00', '2019-05-22 00:00:00', 0, NULL, NULL, NULL, NULL, '2019-05-07 00:00:00', NULL, NULL, NULL, NULL, 'General', NULL, NULL, NULL, '2019-05-02 01:55:38', '2019-05-02 01:55:38'),
(171, '2019-05-02 00:00:00', 'PGK101719', 20, 20, 10, 'LCL', 4, NULL, 2, 1, '2019-05-05 00:00:00', 4, '2019-05-15 00:00:00', '2019-05-15 00:00:00', 0, '16', 'BUNDLES', NULL, NULL, '2019-05-05 00:00:00', 'STC', NULL, 21, NULL, 'General', NULL, NULL, NULL, '2019-05-02 04:34:28', '2019-05-02 06:31:26'),
(172, '2019-05-02 00:00:00', 'PGK101729', 19, 19, 10, 'LCL', 4, NULL, 2, 1, '2019-05-05 00:00:00', 4, '2019-05-15 00:00:00', '2019-05-15 00:00:00', 0, '8', 'BUNDLES', NULL, NULL, '2019-05-05 00:00:00', 'STC', NULL, 1, NULL, 'General', NULL, NULL, NULL, '2019-05-02 04:35:58', '2019-05-02 06:30:08'),
(173, '2019-05-02 00:00:00', 'PGKK101739', 18, 18, 14, 'LCL', 3, NULL, 0, 1, '2019-05-07 00:00:00', 3, '2019-05-22 00:00:00', '2019-05-22 00:00:00', 0, NULL, NULL, NULL, NULL, '2019-05-07 00:00:00', NULL, NULL, NULL, NULL, 'General', NULL, NULL, NULL, '2019-05-02 08:50:33', '2019-05-02 08:50:33'),
(174, '2019-05-02 00:00:00', 'PGKK101749', 18, 18, 14, 'LCL', 3, NULL, 0, 1, '2019-05-07 00:00:00', 3, '2019-05-22 00:00:00', '2019-05-22 00:00:00', 0, NULL, NULL, NULL, NULL, '2019-05-07 00:00:00', NULL, NULL, NULL, NULL, 'General', NULL, NULL, NULL, '2019-05-02 08:50:56', '2019-05-02 08:50:56'),
(175, '2019-05-02 00:00:00', 'PGK101759', 18, 18, 14, 'LCL', 4, NULL, 0, 1, '2019-05-07 00:00:00', 4, '2019-05-15 00:00:00', '2019-05-15 00:00:00', 0, NULL, NULL, NULL, NULL, '2019-05-07 00:00:00', NULL, NULL, NULL, NULL, 'General', NULL, NULL, NULL, '2019-05-02 08:51:23', '2019-05-02 08:51:23'),
(176, '2019-05-02 00:00:00', 'PGK101769', 8, 8, 10, 'LCL', 4, NULL, 2, 1, '2019-05-05 00:00:00', 4, '2019-05-15 00:00:00', '2019-05-15 00:00:00', 0, '364', 'PACKAGES', NULL, NULL, '2019-05-05 00:00:00', 'STC', NULL, 607, NULL, 'General', NULL, NULL, NULL, '2019-05-02 08:51:53', '2019-05-02 08:52:45'),
(177, '2019-05-02 00:00:00', 'PGK101779', 8, 8, 10, 'LCL', 4, NULL, 2, 1, '2019-05-05 00:00:00', 4, '2019-05-15 00:00:00', '2019-05-15 00:00:00', 0, '220', 'BUNDLES', NULL, NULL, '2019-05-05 00:00:00', 'STC', NULL, 224, NULL, 'General', NULL, NULL, NULL, '2019-05-02 08:54:03', '2019-05-02 08:54:47'),
(178, '2019-05-02 00:00:00', 'PGK101789', 8, 8, 10, 'LCL', 4, NULL, 2, 1, '2019-05-05 00:00:00', 4, '2019-05-15 00:00:00', '2019-05-15 00:00:00', 0, '250', 'BUNDLES', NULL, NULL, '2019-05-05 00:00:00', 'STC', NULL, 255, NULL, 'General', NULL, NULL, NULL, '2019-05-02 08:56:01', '2019-05-02 08:57:03'),
(179, '2019-05-03 00:00:00', 'PGK101799', 52, 52, 10, 'LCL', 4, NULL, 0, 1, '2019-05-05 00:00:00', 4, '2019-05-15 00:00:00', '2019-05-15 00:00:00', 0, NULL, NULL, NULL, NULL, '2019-05-05 00:00:00', NULL, NULL, NULL, NULL, 'General', NULL, NULL, NULL, '2019-05-03 03:47:16', '2019-05-03 03:47:16'),
(180, '2019-05-03 00:00:00', 'PGK101809', 52, 52, 10, 'LCL', 4, NULL, 0, 1, '2019-05-05 00:00:00', 4, '2019-05-15 00:00:00', '2019-05-15 00:00:00', 0, NULL, NULL, NULL, NULL, '2019-05-05 00:00:00', NULL, NULL, NULL, NULL, 'General', NULL, NULL, NULL, '2019-05-03 03:47:36', '2019-05-03 03:47:36'),
(181, '2019-05-03 00:00:00', 'PGK101819', 21, 21, 10, 'LCL', 4, NULL, 0, 1, '2019-05-05 00:00:00', 4, '2019-05-15 00:00:00', '2019-05-15 00:00:00', 0, NULL, NULL, NULL, NULL, '2019-05-05 00:00:00', NULL, NULL, NULL, NULL, 'General', NULL, NULL, NULL, '2019-05-03 03:47:51', '2019-05-03 03:47:51'),
(182, '2019-05-03 00:00:00', 'PGK101829', 21, 21, 10, 'LCL', 4, NULL, 0, 1, '2019-05-05 00:00:00', 4, '2019-05-15 00:00:00', '2019-05-15 00:00:00', 0, NULL, NULL, NULL, NULL, '2019-05-05 00:00:00', NULL, NULL, NULL, NULL, 'General', NULL, NULL, NULL, '2019-05-03 03:48:05', '2019-05-03 03:48:05'),
(183, '2019-05-03 00:00:00', 'PGK101839', 21, 21, 10, 'LCL', 4, NULL, 0, 1, '2019-05-05 00:00:00', 4, '2019-05-15 00:00:00', '2019-05-15 00:00:00', 0, NULL, NULL, NULL, NULL, '2019-05-05 00:00:00', NULL, NULL, NULL, NULL, 'General', NULL, NULL, NULL, '2019-05-03 03:48:20', '2019-05-03 03:48:20'),
(184, '2019-05-03 00:00:00', 'PGK101849', 21, 21, 10, 'LCL', 4, NULL, 0, 1, '2019-05-05 00:00:00', 4, '2019-05-15 00:00:00', '2019-05-15 00:00:00', 0, NULL, NULL, NULL, NULL, '2019-05-05 00:00:00', NULL, NULL, NULL, NULL, 'General', NULL, NULL, NULL, '2019-05-03 03:48:36', '2019-05-03 03:48:36'),
(185, '2019-05-04 00:00:00', 'PGK101859', 4, 4, 14, 'LCL', 4, NULL, 0, 1, '2019-05-07 00:00:00', 4, '2019-05-15 00:00:00', '2019-05-15 00:00:00', 0, NULL, NULL, NULL, NULL, '2019-05-07 00:00:00', NULL, NULL, NULL, NULL, 'General', NULL, NULL, NULL, '2019-05-04 02:09:06', '2019-05-04 02:09:06'),
(186, '2019-05-04 00:00:00', 'PGK101869', 26, 8, 10, 'LCL', 4, NULL, 3, 1, '2019-05-05 00:00:00', 4, '2019-05-15 00:00:00', '2019-05-15 00:00:00', 0, NULL, NULL, NULL, NULL, '2019-05-05 00:00:00', NULL, NULL, NULL, NULL, 'General', NULL, NULL, '2019-05-04 02:17:36', '2019-05-04 02:16:42', '2019-05-04 02:17:36');

-- --------------------------------------------------------

--
-- Table structure for table `booking_amendments`
--

DROP TABLE IF EXISTS `booking_amendments`;
CREATE TABLE IF NOT EXISTS `booking_amendments` (
  `id` int(10) UNSIGNED NOT NULL AUTO_INCREMENT,
  `booking_id` int(10) UNSIGNED NOT NULL,
  `revision` varchar(191) COLLATE utf8mb4_unicode_ci NOT NULL,
  `type` varchar(191) COLLATE utf8mb4_unicode_ci NOT NULL,
  `old_value` varchar(191) COLLATE utf8mb4_unicode_ci NOT NULL,
  `value` varchar(191) COLLATE utf8mb4_unicode_ci NOT NULL,
  `created_at` timestamp NULL DEFAULT NULL,
  `updated_at` timestamp NULL DEFAULT NULL,
  PRIMARY KEY (`id`),
  KEY `booking_amendments_booking_id_foreign` (`booking_id`)
) ENGINE=InnoDB DEFAULT CHARSET=utf8mb4 COLLATE=utf8mb4_unicode_ci;

-- --------------------------------------------------------

--
-- Table structure for table `cargo_details`
--

DROP TABLE IF EXISTS `cargo_details`;
CREATE TABLE IF NOT EXISTS `cargo_details` (
  `id` int(10) UNSIGNED NOT NULL AUTO_INCREMENT,
  `cargo_id` int(11) NOT NULL,
  `cgo` int(11) NOT NULL,
  `container_no` varchar(191) COLLATE utf8mb4_unicode_ci NOT NULL,
  `seal_no` varchar(191) COLLATE utf8mb4_unicode_ci NOT NULL,
  `type` varchar(191) COLLATE utf8mb4_unicode_ci NOT NULL,
  `size` int(11) NOT NULL,
  `created_at` timestamp NULL DEFAULT NULL,
  `updated_at` timestamp NULL DEFAULT NULL,
  PRIMARY KEY (`id`)
) ENGINE=InnoDB AUTO_INCREMENT=8 DEFAULT CHARSET=utf8mb4 COLLATE=utf8mb4_unicode_ci;

--
-- Dumping data for table `cargo_details`
--

INSERT INTO `cargo_details` (`id`, `cargo_id`, `cgo`, `container_no`, `seal_no`, `type`, `size`, `created_at`, `updated_at`) VALUES
(1, 44, 1, 'ATSU8008464', 'TB-11 1014933', 'HC', 40, '2019-02-28 06:30:48', '2019-02-28 06:30:48'),
(2, 45, 1, 'ATSU8008206', 'TB-11 1014932', 'HC', 40, '2019-03-05 07:16:27', '2019-03-05 07:16:27'),
(3, 47, 1, 'ATSU8008398', 'TB-11 1014950', 'HC', 40, '2019-03-05 07:18:38', '2019-03-05 07:18:38'),
(4, 48, 1, 'ATSU8008335', '1014935', 'HC', 40, '2019-03-05 07:20:26', '2019-03-05 07:20:26'),
(6, 51, 1, 'ATSU2641691', '1014936', 'GP', 20, '2019-03-08 02:41:41', '2019-03-08 02:41:41'),
(7, 52, 1, 'ATSU2640910', '1014934', 'GP', 20, '2019-03-08 02:44:58', '2019-03-08 02:44:58');

-- --------------------------------------------------------

--
-- Table structure for table `charges`
--

DROP TABLE IF EXISTS `charges`;
CREATE TABLE IF NOT EXISTS `charges` (
  `id` int(10) UNSIGNED NOT NULL AUTO_INCREMENT,
  `code` varchar(191) COLLATE utf8mb4_unicode_ci NOT NULL,
  `name` varchar(191) COLLATE utf8mb4_unicode_ci NOT NULL,
  `deleted_at` timestamp NULL DEFAULT NULL,
  `created_at` timestamp NULL DEFAULT NULL,
  `updated_at` timestamp NULL DEFAULT NULL,
  PRIMARY KEY (`id`)
) ENGINE=InnoDB AUTO_INCREMENT=10 DEFAULT CHARSET=utf8mb4 COLLATE=utf8mb4_unicode_ci;

--
-- Dumping data for table `charges`
--

INSERT INTO `charges` (`id`, `code`, `name`, `deleted_at`, `created_at`, `updated_at`) VALUES
(1, 'BL', 'BL FEE', NULL, '2019-02-02 04:50:35', '2019-02-02 04:50:35'),
(2, 'OFT', 'OCEAN FREIGHT', NULL, '2019-02-02 04:50:50', '2019-02-02 04:50:50'),
(3, 'EDI', 'EDI', NULL, '2019-02-02 04:50:59', '2019-02-02 04:50:59'),
(4, 'BAF', 'BUNKER ADJUSTMENT FACTOR', NULL, '2019-02-02 04:51:17', '2019-02-02 04:51:17'),
(5, 'SRS', 'SABAH RECOVERY SURCHARGE', NULL, '2019-02-22 07:53:47', '2019-02-22 07:53:47'),
(6, 'LTHC', 'LOCAL THC', NULL, '2019-03-05 06:58:08', '2019-03-05 06:58:08'),
(7, 'DTHC', 'DESTINATION THC', NULL, '2019-03-05 07:01:09', '2019-03-05 07:01:09'),
(8, 'CMR', 'CHANNEL MAINTAINANCE RECOVERY', NULL, '2019-03-05 07:01:44', '2019-03-05 07:01:44'),
(9, 'FRT', 'FRT MIN', '2019-04-02 04:29:10', '2019-04-02 04:28:50', '2019-04-02 04:29:10');

-- --------------------------------------------------------

--
-- Table structure for table `charge_details`
--

DROP TABLE IF EXISTS `charge_details`;
CREATE TABLE IF NOT EXISTS `charge_details` (
  `id` int(10) UNSIGNED NOT NULL AUTO_INCREMENT,
  `charge_id` int(10) UNSIGNED NOT NULL,
  `unit` varchar(191) COLLATE utf8mb4_unicode_ci NOT NULL,
  `unit_size` int(11) NOT NULL,
  `unit_price` double DEFAULT NULL,
  `created_at` timestamp NULL DEFAULT NULL,
  `updated_at` timestamp NULL DEFAULT NULL,
  PRIMARY KEY (`id`),
  KEY `charge_details_charge_id_foreign` (`charge_id`)
) ENGINE=InnoDB AUTO_INCREMENT=23 DEFAULT CHARSET=utf8mb4 COLLATE=utf8mb4_unicode_ci;

--
-- Dumping data for table `charge_details`
--

INSERT INTO `charge_details` (`id`, `charge_id`, `unit`, `unit_size`, `unit_price`, `created_at`, `updated_at`) VALUES
(1, 1, 'SET', 1, NULL, '2019-02-02 04:50:35', '2019-02-02 04:50:35'),
(2, 2, 'MT', 1, NULL, '2019-02-02 04:50:50', '2019-02-02 04:50:50'),
(3, 2, 'M3', 1, NULL, '2019-02-02 04:50:50', '2019-02-02 04:50:50'),
(4, 2, 'UNIT', 1, NULL, '2019-02-02 04:50:50', '2019-02-02 04:50:50'),
(5, 3, 'SET', 1, NULL, '2019-02-02 04:50:59', '2019-02-02 04:50:59'),
(6, 4, 'MT', 1, NULL, '2019-02-02 04:51:17', '2019-02-02 04:51:17'),
(7, 4, 'M3', 1, NULL, '2019-02-02 04:51:17', '2019-02-02 04:51:17'),
(8, 4, 'UNIT', 1, NULL, '2019-02-02 04:51:17', '2019-02-02 04:51:17'),
(9, 5, 'MT', 1, NULL, '2019-02-22 07:53:47', '2019-02-22 07:53:47'),
(10, 5, 'M3', 1, NULL, '2019-02-22 07:53:47', '2019-02-22 07:53:47'),
(11, 6, 'GP', 20, NULL, '2019-03-05 06:58:08', '2019-03-05 06:58:08'),
(12, 4, 'GP', 20, NULL, '2019-03-05 06:58:37', '2019-03-05 06:58:37'),
(13, 4, 'HC', 40, NULL, '2019-03-05 06:58:37', '2019-03-05 06:58:37'),
(14, 6, 'HC', 40, NULL, '2019-03-05 06:58:47', '2019-03-05 06:58:47'),
(15, 7, 'GP', 20, NULL, '2019-03-05 07:01:09', '2019-03-05 07:01:09'),
(16, 7, 'HC', 40, NULL, '2019-03-05 07:01:09', '2019-03-05 07:01:09'),
(17, 8, 'HC', 40, NULL, '2019-03-05 07:01:44', '2019-03-05 07:01:44'),
(18, 8, 'GP', 20, NULL, '2019-03-05 07:01:44', '2019-03-05 07:01:44'),
(19, 2, 'GP', 20, NULL, '2019-03-05 07:05:08', '2019-03-05 07:05:08'),
(20, 2, 'HC', 40, NULL, '2019-03-05 07:05:08', '2019-03-05 07:05:08'),
(21, 2, 'SET', 1, NULL, '2019-03-08 02:57:34', '2019-03-08 02:57:34'),
(22, 9, 'SET', 1, NULL, '2019-04-02 04:28:50', '2019-04-02 04:28:50');

-- --------------------------------------------------------

--
-- Table structure for table `companies`
--

DROP TABLE IF EXISTS `companies`;
CREATE TABLE IF NOT EXISTS `companies` (
  `id` int(10) UNSIGNED NOT NULL AUTO_INCREMENT,
  `name` varchar(191) COLLATE utf8mb4_unicode_ci NOT NULL,
  `roc_no` varchar(191) COLLATE utf8mb4_unicode_ci DEFAULT NULL,
  `type` int(11) NOT NULL,
  `port_code` varchar(191) COLLATE utf8mb4_unicode_ci DEFAULT NULL,
  `ba_code` varchar(191) COLLATE utf8mb4_unicode_ci DEFAULT NULL,
  `telephone` varchar(191) COLLATE utf8mb4_unicode_ci DEFAULT NULL,
  `fax` varchar(191) COLLATE utf8mb4_unicode_ci DEFAULT NULL,
  `deleted_at` timestamp NULL DEFAULT NULL,
  `created_at` timestamp NULL DEFAULT NULL,
  `updated_at` timestamp NULL DEFAULT NULL,
  PRIMARY KEY (`id`)
) ENGINE=InnoDB AUTO_INCREMENT=142 DEFAULT CHARSET=utf8mb4 COLLATE=utf8mb4_unicode_ci;

--
-- Dumping data for table `companies`
--

INSERT INTO `companies` (`id`, `name`, `roc_no`, `type`, `port_code`, `ba_code`, `telephone`, `fax`, `deleted_at`, `created_at`, `updated_at`) VALUES
(1, 'SYARIKAT PERKAPALAN SOO HUP SENG SDN BHD', '29218-D', 4, 'SHS', 'PS', '042626871', '042620564', NULL, '2019-02-02 04:19:31', '2019-02-02 04:21:07'),
(2, 'WISEBUILD INDUSTRIES SDN BHD', NULL, 0, NULL, NULL, NULL, NULL, NULL, '2019-02-02 04:22:46', '2019-02-02 04:22:46'),
(3, 'LANDMESH INDUSTRIES SDN BHD', NULL, 1, NULL, NULL, NULL, NULL, NULL, '2019-02-02 04:28:42', '2019-02-02 04:28:42'),
(4, 'YEW LEAN FOUNDRY & CO SDN BHD', NULL, 0, NULL, NULL, NULL, NULL, NULL, '2019-02-02 04:31:11', '2019-04-05 01:28:44'),
(5, 'SOUTHERNHEM INDUSTRIES SDN BHD', NULL, 1, NULL, NULL, NULL, NULL, NULL, '2019-02-02 04:32:18', '2019-02-02 04:32:18'),
(6, 'SOON HUAT SEED CO SDN BHD', NULL, 0, NULL, NULL, NULL, NULL, NULL, '2019-02-02 04:33:42', '2019-02-02 04:33:42'),
(7, 'MAXIMA MARKETING CO', NULL, 1, NULL, NULL, NULL, NULL, NULL, '2019-02-02 04:34:24', '2019-02-02 04:34:24'),
(8, 'ANN JOO STEEL BERHAD', NULL, 0, NULL, NULL, NULL, NULL, NULL, '2019-02-02 04:35:07', '2019-03-01 08:27:33'),
(9, 'WIRAJITU SDN BHD', NULL, 1, NULL, NULL, NULL, NULL, NULL, '2019-02-02 04:35:57', '2019-02-02 04:36:09'),
(10, 'YUNG KONG METAL WORKS CO BHD', NULL, 1, NULL, NULL, NULL, NULL, NULL, '2019-02-02 04:39:28', '2019-02-02 04:39:28'),
(11, 'UAC BERHAD', NULL, 0, NULL, NULL, NULL, NULL, NULL, '2019-02-02 04:40:40', '2019-02-02 04:40:40'),
(12, 'BOUSTEAD BUILDING MATERIALS SDN BHD', NULL, 1, NULL, NULL, NULL, NULL, NULL, '2019-02-02 04:41:45', '2019-04-08 03:13:35'),
(13, 'UNI-VESSEL ENGINEERING BWORTH SDN BHD', NULL, 0, NULL, NULL, NULL, NULL, NULL, '2019-02-02 04:43:19', '2019-02-02 04:43:19'),
(14, 'TOUPUS PALM OIL MILL SDN BHD', NULL, 1, NULL, NULL, NULL, NULL, NULL, '2019-02-02 04:44:42', '2019-02-02 04:44:42'),
(15, 'KOH HAN MING SHIPPING FORWARDING AGENT', NULL, 1, NULL, NULL, NULL, NULL, NULL, '2019-02-02 04:45:49', '2019-02-02 04:45:49'),
(16, 'UNITED MALAYAN FLOUR (1996) SDN BHD', NULL, 0, NULL, NULL, NULL, NULL, NULL, '2019-02-20 03:53:31', '2019-04-05 09:11:14'),
(17, 'CHEAH HONG INN SDN BHD', NULL, 0, NULL, NULL, NULL, NULL, NULL, '2019-02-20 03:55:27', '2019-04-19 05:02:10'),
(18, 'HONG BEE HARDWARE CO. SDN BHD', NULL, 0, NULL, NULL, NULL, NULL, NULL, '2019-02-20 03:57:01', '2019-02-20 03:57:01'),
(19, 'TASHIN STEEL SDN. BHD.', NULL, 0, NULL, NULL, NULL, NULL, NULL, '2019-02-20 04:00:20', '2019-02-20 04:00:20'),
(20, 'TASHIN HARDWARE SDN. BHD.', NULL, 0, NULL, NULL, NULL, NULL, NULL, '2019-02-20 04:04:28', '2019-02-20 04:04:28'),
(21, 'SOUTHERN STEEL ROD SDN BHD', NULL, 0, NULL, NULL, NULL, NULL, NULL, '2019-02-20 04:05:52', '2019-02-20 04:05:52'),
(22, 'YONGTA STEEL INDUSTRIES SDN BHD', NULL, 0, NULL, NULL, NULL, NULL, NULL, '2019-02-20 04:07:54', '2019-02-20 04:07:54'),
(23, 'M S ELEVATORS SDN BHD', '104187-U', 0, NULL, NULL, NULL, NULL, NULL, '2019-02-20 04:14:23', '2019-02-20 04:14:23'),
(24, 'SOON SOON OILMILLS SDN BHD', NULL, 0, NULL, NULL, NULL, NULL, NULL, '2019-02-20 04:20:59', '2019-02-20 04:20:59'),
(25, 'LEADER STEEL SERVICE CENTRE SDN. BHD.', NULL, 0, NULL, NULL, NULL, NULL, NULL, '2019-02-20 04:23:49', '2019-02-20 04:23:49'),
(26, 'ASIA AGRICULTURE CHEMICALS SDN. BHD.', NULL, 0, NULL, NULL, NULL, NULL, NULL, '2019-02-20 04:25:26', '2019-02-20 04:25:26'),
(27, 'SARA-BESI HARDWARE & ENGINEERING SDN BHD', NULL, 2, NULL, NULL, NULL, NULL, NULL, '2019-02-20 04:27:31', '2019-04-02 02:40:59'),
(28, 'MSM PERLIS SDN BHD', NULL, 0, NULL, NULL, NULL, NULL, NULL, '2019-02-20 04:28:40', '2019-02-20 04:28:40'),
(29, 'HEAP SING HUAT METALS MACHINERY SDN. BHD.', NULL, 0, NULL, NULL, NULL, NULL, NULL, '2019-02-20 04:29:54', '2019-02-20 04:29:54'),
(30, 'MW METALWARE SDN. BHD.', NULL, 0, NULL, NULL, NULL, NULL, NULL, '2019-02-20 04:31:01', '2019-02-20 04:31:01'),
(31, 'CHUAN WOOI HARDWARE SDN. BHD.', NULL, 0, NULL, NULL, NULL, NULL, NULL, '2019-02-20 04:32:08', '2019-02-20 04:32:08'),
(32, 'LUM TSENG ENGINEERING SDN BHD', NULL, 0, NULL, NULL, NULL, NULL, NULL, '2019-02-20 04:34:10', '2019-02-20 04:34:10'),
(33, 'HS HOHAN COMMERCIAL VEHICLES SDN BHD', NULL, 0, NULL, NULL, NULL, NULL, NULL, '2019-02-20 04:35:08', '2019-02-20 04:35:08'),
(34, 'TRINITY METALS SDN BHD', NULL, 0, NULL, NULL, NULL, NULL, NULL, '2019-02-20 04:36:36', '2019-02-20 04:36:36'),
(35, 'ASTEEL (SABAH) SDN BHD', NULL, 1, NULL, NULL, NULL, NULL, NULL, '2019-02-22 04:10:02', '2019-02-22 04:10:02'),
(36, 'SAME AS CONSIGNEE', NULL, 1, NULL, NULL, NULL, NULL, NULL, '2019-02-22 04:11:06', '2019-02-22 04:11:06'),
(37, 'KOZAI (SABAH) SDN BHD', '737480-W', 1, NULL, NULL, NULL, NULL, NULL, '2019-02-22 04:21:00', '2019-02-22 04:21:00'),
(38, 'PANSAR COMPANY SDN BHD', NULL, 1, NULL, NULL, NULL, NULL, NULL, '2019-02-22 04:22:06', '2019-02-22 04:22:06'),
(39, 'ZEN BUILDING MATERIAL SDN BHD', NULL, 1, NULL, NULL, NULL, NULL, NULL, '2019-02-22 04:22:48', '2019-02-22 04:22:48'),
(40, 'WISEBUILD INDUSTRIES SDN. BHD.', NULL, 1, NULL, NULL, NULL, NULL, NULL, '2019-02-22 07:09:35', '2019-02-22 07:09:35'),
(41, 'OCHEM EAST SDN BHD', NULL, 1, NULL, NULL, NULL, NULL, NULL, '2019-02-22 07:40:27', '2019-02-22 07:40:27'),
(42, 'WAH THAI TRADING SDN BHD', '690285-T', 1, NULL, NULL, NULL, NULL, NULL, '2019-02-22 07:42:03', '2019-02-22 07:42:03'),
(43, 'TELEKOM MALAYSIA BERHAD', NULL, 1, NULL, NULL, NULL, NULL, NULL, '2019-02-22 07:42:55', '2019-02-22 07:42:55'),
(44, 'UCF (KUCHING) SDN BHD', NULL, 1, NULL, NULL, NULL, NULL, NULL, '2019-02-22 07:44:42', '2019-02-22 07:44:42'),
(45, 'TM ML KUCHING', NULL, 1, NULL, NULL, NULL, NULL, NULL, '2019-02-22 07:45:48', '2019-02-22 07:45:48'),
(46, 'TELEKOM MALAYSIA BERHAD.', NULL, 1, NULL, NULL, NULL, NULL, NULL, '2019-02-22 07:47:11', '2019-02-22 07:47:11'),
(47, 'KIANCHION CO SDN BHD', NULL, 1, NULL, NULL, NULL, NULL, NULL, '2019-02-22 07:48:28', '2019-02-22 07:48:28'),
(48, 'CHUN YU HARDWARE SDN BHD', NULL, 1, NULL, NULL, NULL, NULL, NULL, '2019-02-22 07:50:41', '2019-02-22 07:50:41'),
(49, 'OVERSEA UNION INDUSTRIAL (E.M) SDN BHD', '13237-X', 1, NULL, NULL, NULL, NULL, NULL, '2019-02-22 07:52:00', '2019-02-22 07:52:00'),
(50, 'SHIUH DONG INDUSTRIES SDN.BHD.', NULL, 0, NULL, NULL, NULL, NULL, NULL, '2019-02-23 02:00:40', '2019-02-23 02:00:40'),
(51, 'MENG HENG STEEL ENTERPRISE SDN BHD', '641397-U', 1, NULL, NULL, NULL, NULL, NULL, '2019-02-23 02:45:34', '2019-02-23 02:45:34'),
(52, 'SOUTHERN STEEL BERHAD', NULL, 0, NULL, NULL, NULL, NULL, NULL, '2019-02-28 04:47:27', '2019-02-28 04:47:27'),
(53, 'NIBONG TEBAL PAPER MILL SDN BHD', NULL, 0, NULL, NULL, NULL, NULL, NULL, '2019-02-28 06:27:03', '2019-02-28 06:27:03'),
(54, 'SEBERANG DISTRIBUTORS SDN BHD', NULL, 1, NULL, NULL, NULL, NULL, NULL, '2019-02-28 07:50:58', '2019-02-28 07:50:58'),
(55, 'KION SENG HARDWARE CO. SDN. BHD.', NULL, 1, NULL, NULL, NULL, NULL, NULL, '2019-02-28 08:04:49', '2019-02-28 08:04:49'),
(56, 'M S ELEVATORS ENGINEERING SDN BHD (COMPANY NO:84871-M)', NULL, 1, NULL, NULL, NULL, NULL, NULL, '2019-02-28 08:06:45', '2019-04-02 02:27:29'),
(57, 'SEYI HARDWARE SDN BHD', NULL, 1, NULL, NULL, NULL, NULL, NULL, '2019-02-28 08:28:31', '2019-02-28 08:28:31'),
(58, 'LEADEAST TRADING SDN BHD', NULL, 1, NULL, NULL, NULL, NULL, NULL, '2019-02-28 08:31:42', '2019-02-28 08:31:42'),
(59, 'PALUCKY SDN BHD', NULL, 1, NULL, NULL, NULL, NULL, NULL, '2019-02-28 08:42:29', '2019-02-28 08:42:29'),
(60, 'KEH LEN HARDWARE (SABAH) SDN BHD', NULL, 1, NULL, NULL, NULL, NULL, NULL, '2019-02-28 08:46:45', '2019-02-28 08:46:45'),
(61, 'HONG BEE HARDWARE CO SDN BHD', NULL, 1, NULL, NULL, NULL, NULL, NULL, '2019-02-28 08:50:44', '2019-02-28 08:50:44'),
(62, 'SING YUNG STEEL SDN BHD', NULL, 1, NULL, NULL, NULL, NULL, NULL, '2019-02-28 08:52:08', '2019-02-28 08:52:08'),
(63, 'TECK GUAN TRADING SDN BHD', NULL, 1, NULL, NULL, NULL, NULL, NULL, '2019-02-28 08:57:28', '2019-02-28 08:57:28'),
(64, 'HAP SENG TRADING (BM) SDN BHD', NULL, 1, NULL, NULL, NULL, NULL, NULL, '2019-02-28 09:06:28', '2019-02-28 09:06:28'),
(65, 'NIBONG TEBAL ENTERPRISE SDN BHD', NULL, 1, NULL, NULL, NULL, NULL, NULL, '2019-03-05 06:51:22', '2019-03-05 06:51:22'),
(66, 'METRO SEGAK FORWARDING AGENCY SDN BHD', NULL, 1, NULL, NULL, NULL, NULL, NULL, '2019-03-05 06:53:14', '2019-03-05 06:53:14'),
(67, 'TLT TRANSPORT TRADING', NULL, 0, NULL, NULL, NULL, NULL, NULL, '2019-03-08 02:22:52', '2019-03-08 02:22:52'),
(68, 'WINSEN (SARAWAK) TRADING SDN BHD', NULL, 1, NULL, NULL, NULL, NULL, NULL, '2019-03-08 02:24:35', '2019-03-08 02:24:35'),
(69, 'TAN BENG LEE', NULL, 0, NULL, NULL, NULL, NULL, NULL, '2019-03-08 02:25:16', '2019-03-08 02:25:16'),
(70, 'HON WAN LEE COMPANY', NULL, 1, NULL, NULL, NULL, NULL, NULL, '2019-03-08 02:26:15', '2019-03-08 02:26:15'),
(71, 'AIRSEAL FREIGHT FORWARDERS SDN BHD', NULL, 1, NULL, NULL, NULL, NULL, NULL, '2019-03-08 02:27:47', '2019-03-08 02:27:47'),
(72, 'HS NGEE HONG ASSEMBLY SDN BHD', NULL, 1, NULL, NULL, NULL, NULL, NULL, '2019-03-08 02:47:58', '2019-03-08 02:47:58'),
(73, 'LEADER STEEL SDN BHD', NULL, 1, NULL, NULL, NULL, NULL, NULL, '2019-04-02 02:36:29', '2019-04-02 02:36:29'),
(74, 'FFM FEEDMILLS (SARAWAK) SDN  BHD', NULL, 1, NULL, NULL, NULL, NULL, NULL, '2019-04-02 02:38:51', '2019-04-02 02:38:51'),
(75, 'GASING ASLI SDN BHD', NULL, 1, NULL, NULL, NULL, NULL, NULL, '2019-04-02 02:39:55', '2019-04-02 02:39:55'),
(76, 'TONG TAI SDN BHD', NULL, 1, NULL, NULL, NULL, NULL, NULL, '2019-04-02 02:42:10', '2019-04-02 02:42:10'),
(77, 'YUNG KONG CO  BHD', NULL, 1, NULL, NULL, NULL, NULL, NULL, '2019-04-02 02:43:39', '2019-04-02 02:43:39'),
(78, 'UGI STEEL WIRE PRODUCTS SDN BHD', NULL, 1, NULL, NULL, NULL, NULL, NULL, '2019-04-02 02:44:44', '2019-04-02 02:44:44'),
(79, 'YANG AKTIF ENG. WORKS SDN BHD', NULL, 1, NULL, NULL, NULL, NULL, NULL, '2019-04-02 02:49:47', '2019-04-02 02:49:47'),
(80, 'YATHIN METALBIZ SDN BHD', NULL, 1, NULL, NULL, NULL, NULL, NULL, '2019-04-02 02:51:02', '2019-04-02 02:51:02'),
(81, 'SYARIKAT MOH HUAT SDN. BHD.', NULL, 1, NULL, NULL, NULL, NULL, NULL, '2019-04-02 02:52:26', '2019-04-02 02:52:26'),
(82, 'M.N HARDWARE & MACHINERY CO.', NULL, 1, NULL, NULL, NULL, NULL, NULL, '2019-04-02 02:54:28', '2019-04-02 02:54:40'),
(83, 'CORPEX SDN BHD', NULL, 1, NULL, NULL, NULL, NULL, NULL, '2019-04-02 02:55:41', '2019-04-02 02:55:41'),
(84, 'UPPER CENTURY (M) SDN BHD', NULL, 1, NULL, NULL, NULL, NULL, NULL, '2019-04-02 02:57:21', '2019-04-02 02:57:21'),
(85, 'C. KEN CORPORATION SDN BHD', NULL, 1, NULL, NULL, NULL, NULL, NULL, '2019-04-02 02:58:48', '2019-04-02 02:58:48'),
(86, 'CMS INFRA TRADING SDN BHD', NULL, 1, NULL, NULL, NULL, NULL, NULL, '2019-04-02 03:00:19', '2019-04-02 03:00:19'),
(87, 'SPECASTS INDUSTRIES SDN BHD', NULL, 1, NULL, NULL, NULL, NULL, NULL, '2019-04-02 03:01:17', '2019-04-02 03:01:17'),
(88, 'JFE SHOJI TRADE (MALAYSIA) SDN BHD', NULL, 1, NULL, NULL, NULL, NULL, NULL, '2019-04-02 03:02:32', '2019-04-02 03:02:32'),
(89, 'T-ONE STEEL SDN BHD', NULL, 1, NULL, NULL, NULL, NULL, NULL, '2019-04-02 03:03:31', '2019-04-02 03:03:31'),
(90, 'UNI-VESSEL ENGINEERING (LAHAD DATU) SDN BHD', NULL, 1, NULL, NULL, NULL, NULL, NULL, '2019-04-02 03:04:40', '2019-04-02 03:04:40'),
(91, 'TAI HUA HARDWARE SDN BHD', NULL, 1, NULL, NULL, NULL, NULL, NULL, '2019-04-02 03:06:10', '2019-04-02 03:06:10'),
(92, 'TECK YIEN CONSTRUCTION SDN BHD', NULL, 1, NULL, NULL, NULL, NULL, NULL, '2019-04-02 03:07:14', '2019-04-02 03:07:14'),
(93, 'SEIGC CONSTRUCTION (M) SDN BHD', NULL, 1, NULL, NULL, NULL, NULL, NULL, '2019-04-02 03:08:25', '2019-04-02 03:08:25'),
(94, 'CHEC CONSTRUCTION (M) SDN. BHD.', NULL, 1, NULL, NULL, NULL, NULL, NULL, '2019-04-02 03:09:32', '2019-04-02 03:09:32'),
(95, 'HUA KIONG ENTERPRISE SDN BHD', NULL, 1, NULL, NULL, NULL, NULL, NULL, '2019-04-02 03:11:15', '2019-04-02 03:11:15'),
(96, 'SYARIKAT KEONG LIP MACHINERY SDN.BHD.', NULL, 1, NULL, NULL, NULL, NULL, NULL, '2019-04-02 03:12:57', '2019-04-02 03:12:57'),
(97, 'READY HUB SDN. BHD.', NULL, 1, NULL, NULL, NULL, NULL, NULL, '2019-04-02 03:14:01', '2019-04-02 03:14:01'),
(98, 'PERKHIDMATAN INDUSTRI PEMBANGUNAN', NULL, 1, NULL, NULL, NULL, NULL, NULL, '2019-04-02 03:17:58', '2019-04-02 03:17:58'),
(99, 'LAHAD DATU METAL SDN.BHD.', NULL, 1, NULL, NULL, NULL, NULL, NULL, '2019-04-02 03:18:54', '2019-04-02 03:18:54'),
(100, 'SANDAKAN METAL SDN BHD', NULL, 1, NULL, NULL, NULL, NULL, NULL, '2019-04-02 03:19:45', '2019-04-02 03:19:45'),
(101, 'MAINLINE ENTERPRISE SDN BHD', NULL, 1, NULL, NULL, NULL, NULL, NULL, '2019-04-02 03:34:54', '2019-04-02 03:34:54'),
(102, 'THIAM SHIN ENGINEERING & CONSTRUCTION SDN BHD', NULL, 1, NULL, NULL, NULL, NULL, NULL, '2019-04-02 03:36:13', '2019-04-02 03:36:31'),
(103, 'CHEE LIAN TRADING SDN BHD', NULL, 1, NULL, NULL, NULL, NULL, NULL, '2019-04-02 03:38:30', '2019-04-02 03:38:30'),
(104, 'CHOP SOON CHIONG', NULL, 1, NULL, NULL, NULL, NULL, NULL, '2019-04-02 03:39:27', '2019-04-02 03:39:27'),
(105, 'SOONG WUNG INDUSTRIAL SDN BHD', NULL, 1, NULL, NULL, NULL, NULL, NULL, '2019-04-02 03:40:24', '2019-04-02 03:40:24'),
(106, 'DD PALM OIL MILL SDN BHD', NULL, 1, NULL, NULL, NULL, NULL, NULL, '2019-04-02 03:41:19', '2019-04-02 03:41:19'),
(107, 'MAXLINE SHIPPING AGENCIES SDN BHD', NULL, 1, NULL, NULL, NULL, NULL, NULL, '2019-04-02 03:44:05', '2019-04-02 03:44:05'),
(108, 'HTM HARDWARE TRADING SDN BHD', NULL, 1, NULL, NULL, NULL, NULL, NULL, '2019-04-02 03:44:50', '2019-04-02 03:44:50'),
(109, 'TOMETA-MIRI CONCRETE SDN BHD', NULL, 1, NULL, NULL, NULL, NULL, NULL, '2019-04-02 03:45:41', '2019-04-02 03:45:41'),
(110, 'NORTH MALAYA ENGINEERS TRADING CO SDN BHD', NULL, 0, NULL, NULL, NULL, NULL, NULL, '2019-04-04 06:21:05', '2019-04-04 06:21:05'),
(111, 'DREAMMASTER CORPORATION SDN BHD', NULL, 1, NULL, NULL, NULL, NULL, NULL, '2019-04-04 06:21:56', '2019-04-04 06:21:56'),
(112, 'JIM NGUAN HARDWARE SDN BHD', NULL, 1, NULL, NULL, NULL, NULL, NULL, '2019-04-04 07:47:37', '2019-04-04 07:47:37'),
(113, 'SYS STEEL TRADING SDN BHD', NULL, 1, NULL, NULL, NULL, NULL, NULL, '2019-04-05 03:41:54', '2019-04-05 03:41:54'),
(114, 'HOLEE FORWARDING AGENT', NULL, 1, NULL, NULL, NULL, NULL, NULL, '2019-04-05 03:46:14', '2019-04-05 03:46:14'),
(115, 'HIAP HONG PROPERTIES SDN BHD', NULL, 1, NULL, NULL, NULL, NULL, NULL, '2019-04-05 07:57:36', '2019-04-05 07:57:36'),
(116, 'TO ORDER', NULL, 1, NULL, NULL, NULL, NULL, NULL, '2019-04-08 09:46:32', '2019-04-08 09:46:32'),
(117, 'MILLION TRANSPORT & HANDLING SERVICES', NULL, 1, NULL, NULL, NULL, NULL, NULL, '2019-04-11 03:30:30', '2019-04-11 03:30:40'),
(118, 'HAP FUNG BUILDING MATERIALS SDN BHD', NULL, 1, NULL, NULL, NULL, NULL, NULL, '2019-04-11 09:19:08', '2019-04-11 09:19:08'),
(119, 'FFM FEEDMILLS (SABAH) SDN BHD', NULL, 1, NULL, NULL, NULL, NULL, NULL, '2019-04-12 07:33:11', '2019-04-12 07:33:11'),
(120, 'PRECIOUS CREDENCE SDN BHD', NULL, 1, NULL, NULL, NULL, NULL, NULL, '2019-04-15 04:18:38', '2019-04-15 04:18:38'),
(121, 'SENDILAND METAL SDN BHD', NULL, 1, NULL, NULL, NULL, NULL, NULL, '2019-04-15 07:36:52', '2019-04-15 07:36:52'),
(122, 'SIN YEW SENG HARDWARE & MACHINERIES SDN BHD', NULL, 1, NULL, NULL, NULL, NULL, NULL, '2019-04-16 03:44:50', '2019-04-16 03:44:50'),
(123, 'MARSAR INDUSTRIAL SDN BHD', NULL, 1, NULL, NULL, NULL, NULL, NULL, '2019-04-17 03:02:41', '2019-04-17 03:02:41'),
(124, 'TECK GUAN STEEL SDN BHD', NULL, 1, NULL, NULL, NULL, NULL, NULL, '2019-04-18 02:07:28', '2019-04-18 02:07:28'),
(125, 'ALFA STEEL SDN BHD', NULL, 1, NULL, NULL, NULL, NULL, NULL, '2019-04-18 02:10:35', '2019-04-18 02:10:35'),
(126, 'KWANG HING HONG INDUSTRIES SDN BHD', NULL, 1, NULL, NULL, NULL, NULL, NULL, '2019-04-18 02:13:13', '2019-04-18 02:13:13'),
(127, 'HONG SING INDUSTRIES (SABAH) SDN. BHD.', NULL, 1, NULL, NULL, NULL, NULL, NULL, '2019-04-18 02:17:09', '2019-04-18 02:17:09'),
(128, 'SOLAR UTAMA SDN BHD', NULL, 1, NULL, NULL, NULL, NULL, NULL, '2019-04-18 03:53:58', '2019-04-18 03:53:58'),
(129, 'PEKERJAAAN PIASAU KONKERIT SDN BHD', NULL, 1, NULL, NULL, NULL, NULL, NULL, '2019-04-18 09:33:02', '2019-04-18 09:33:02'),
(130, 'FOJOHN HARDWARE SDN BHD', NULL, 1, NULL, NULL, NULL, NULL, NULL, '2019-04-24 02:23:33', '2019-04-24 02:23:33'),
(131, 'CHUAN HUAT METAL SDN BHD', NULL, 1, NULL, NULL, NULL, NULL, NULL, '2019-04-24 02:56:09', '2019-04-24 02:56:09'),
(132, 'ANN JOO STEEL BHD C/O FOJOHN HARDWARE (MIRI) SDN BHD', NULL, 1, NULL, NULL, NULL, NULL, NULL, '2019-04-24 02:57:16', '2019-04-24 02:57:16'),
(133, 'GOLDEN SUCCESS INDUSTRIES SDN BHD', NULL, 1, NULL, NULL, NULL, NULL, NULL, '2019-04-24 02:58:17', '2019-04-24 02:58:17'),
(134, 'WAI KONG HONG SDN BHD', NULL, 1, NULL, NULL, NULL, NULL, NULL, '2019-04-24 03:19:25', '2019-04-24 03:19:25'),
(135, 'MAN HING HARDWARE SDN BHD', NULL, 1, NULL, NULL, NULL, NULL, NULL, '2019-04-24 04:21:47', '2019-04-24 04:21:47'),
(136, 'JOHAN BERLIAN SDN BHD', NULL, 1, NULL, NULL, NULL, NULL, NULL, '2019-04-24 06:45:52', '2019-04-24 06:45:52'),
(137, 'KILANG BATA LAHAD DATU SDN BHD', NULL, 1, NULL, NULL, NULL, NULL, NULL, '2019-04-24 06:46:49', '2019-04-24 06:46:49'),
(138, 'PONTIAN FICO PLANTATIONS SDN BHD', NULL, 1, NULL, NULL, NULL, NULL, NULL, '2019-04-26 02:30:36', '2019-04-26 02:30:36'),
(139, 'YONG GUAN HENG & CO. SDN BHD', NULL, 0, NULL, NULL, NULL, NULL, NULL, '2019-04-30 01:50:45', '2019-04-30 01:53:56'),
(140, 'HAI MING PAPER MILLS SDN BHD', NULL, 1, NULL, NULL, NULL, NULL, NULL, '2019-04-30 01:52:03', '2019-04-30 01:52:03'),
(141, 'CHIEW TRADING SDN BHD', NULL, 1, NULL, NULL, NULL, NULL, NULL, '2019-05-02 06:35:20', '2019-05-02 06:35:20');

-- --------------------------------------------------------

--
-- Table structure for table `company_addresses`
--

DROP TABLE IF EXISTS `company_addresses`;
CREATE TABLE IF NOT EXISTS `company_addresses` (
  `id` int(10) UNSIGNED NOT NULL AUTO_INCREMENT,
  `company_id` int(10) UNSIGNED NOT NULL,
  `description` varchar(191) COLLATE utf8mb4_unicode_ci DEFAULT NULL,
  `address` varchar(191) COLLATE utf8mb4_unicode_ci NOT NULL,
  `created_at` timestamp NULL DEFAULT NULL,
  `updated_at` timestamp NULL DEFAULT NULL,
  PRIMARY KEY (`id`),
  KEY `company_addresses_company_id_foreign` (`company_id`)
) ENGINE=InnoDB AUTO_INCREMENT=293 DEFAULT CHARSET=utf8mb4 COLLATE=utf8mb4_unicode_ci;

--
-- Dumping data for table `company_addresses`
--

INSERT INTO `company_addresses` (`id`, `company_id`, `description`, `address`, `created_at`, `updated_at`) VALUES
(4, 3, 'MAIN', 'LOT C749, BLOCK B, DEMAK LAUT INDUSTRIAL PARK<br>PHASE 111, JALAN BAKO, MTLD 93050 KUCHING,<br>SARAWAK.', '2019-02-02 04:28:42', '2019-02-02 04:28:42'),
(6, 5, 'MAIN', 'LOT 1200 BLOCK 7, MTLD JALAN DEMAK LAUT 5,<br>DEMAK LAUT INDUSTRIAL ESTATE 93050 KUCHING<br>SARAWAK', '2019-02-02 04:32:18', '2019-02-02 04:32:18'),
(7, 6, 'MAIN', '245 BEACH STREET,<br>PENANG<br>', '2019-02-02 04:33:42', '2019-02-02 04:33:42'),
(8, 7, 'MAIN', '9, JAWA STREET, 93300 KUCHING,<br>SARAWAK<br>', '2019-02-02 04:34:24', '2019-02-02 04:34:24'),
(11, 9, 'MAIN', '137 LOT 437 BLOCK 226, BATU 4 1/2,<br>JALAN DATO BANDAR MUSTAPA, 93250<br>KUCHING, SARAWAK.', '2019-02-02 04:36:09', '2019-02-02 04:36:09'),
(15, 13, 'MAIN', '1564, JALAN TASEK, 14120 SIMPANG AMPAT,<br>SEBERANG PERAI SELATAN, PULAU PINANG,<br>WEST MALAYSIA', '2019-02-02 04:43:19', '2019-02-02 04:43:19'),
(16, 14, 'MAIN', 'LOT NO. 34, (DBKK SHOP 6-0) GROUND FLR, BLOCK<br>E, TRAMANIS CENTRE, JALAN LINTAS, 88450 KOTA<br>KINABALU', '2019-02-02 04:44:42', '2019-02-02 04:44:42'),
(17, 15, 'MAIN', 'NO. 2, 1ST FLOOR, BLOCK E, RUANG SINGGAH NATA<br>3, ASIA CITY, 88000 KOTA KINABALU, SABAH<br>', '2019-02-02 04:45:49', '2019-02-02 04:45:49'),
(29, 24, 'MAIN', '2530, LORONG PERUSAHAAN 10,<br>PRAI INDUSTRIAL ESTATE,<br>13600 PRAI, PENANG, MALAYSIA.', '2019-02-20 04:20:59', '2019-02-20 04:20:59'),
(33, 28, 'MAIN', 'P.O.BOX 42, 01700 KANGAR<br>PERLIS<br>MALAYSIA', '2019-02-20 04:28:40', '2019-02-20 04:28:40'),
(35, 30, 'MAIN', '30, HAMILTON ROAD,<br>11600<br>PENANG.', '2019-02-20 04:31:01', '2019-02-20 04:31:01'),
(37, 32, 'MAIN', '48, PAHANG ROAD,<br>10400 PENANG<br>WEST MALAYSIA', '2019-02-20 04:34:10', '2019-02-20 04:34:10'),
(38, 33, 'MAIN', 'PMT1280, LRG PERUSAHAAN SG.LOKAN 3<br>KAWASAN PERUSAHAAN SG.LOKAN<br>13800 BUTTERWORTH, PENANG', '2019-02-20 04:35:08', '2019-02-20 04:35:08'),
(39, 34, 'MAIN', '8 &amp; 10, LORONG IKS JURU 7,<br>TAMAN PERINDUSTRIAN RINGAN JURU,<br>14100 SIMPANG AMPAT, S.P.S. PENANG, MALAYSIA.<br>', '2019-02-20 04:36:36', '2019-02-20 04:36:36'),
(41, 36, 'MAIN', '.<br>', '2019-02-22 04:11:06', '2019-02-22 04:11:06'),
(44, 39, 'MAIN', 'NO.113, JALAN ARANG,<br>93250 KUCHING, SARAWAK.<br>', '2019-02-22 04:22:48', '2019-02-22 04:22:48'),
(45, 40, 'MAIN', 'LOT 2598, BLOCK 32, KEMENA INDUSTRIAL ESTATE,<br>JALAN BINTULU-TATAU, 97000 BINTULU, SARAWAK<br>TEL:086-331071/331072 FAX:086-338073<br>', '2019-02-22 07:09:35', '2019-02-22 07:09:35'),
(46, 41, 'MAIN', '336, LORONG ANGSANA 5A, JALAN ANGSANA,<br>93150 KUCHING SARAWAK<br>', '2019-02-22 07:40:27', '2019-02-22 07:40:27'),
(47, 42, 'MAIN', 'LOT 319, JALAN CHONG FOH HIN 7TH MILE,<br>OFF JALAN BATU KITANG 93250 KUCHING, SARAWAK<br>', '2019-02-22 07:42:03', '2019-02-22 07:42:03'),
(48, 43, 'MAIN', 'MALAYSIAN LOGISTICS MLDC KUCHING,<br>JALAN TENAGA BINTAWA, 93450 KUCHING SARAWAK<br>', '2019-02-22 07:42:55', '2019-02-22 07:42:55'),
(50, 45, 'MAIN', 'MALAYSIAN LOGISTICS JALAN TENAGA BINTAWA<br>93450 KUCHING, SARAWAK PTC:EN.ABDUL RAZAK<br>TEL NO: 082-242 206', '2019-02-22 07:45:48', '2019-02-22 07:45:48'),
(51, 46, 'MAIN', 'FINANCE SSO KLANG VALLEY, TKT 12,<br>TM ANNEXE 2 NO 1 JLN PANTAI JAYA<br>OFF JALAN PANTAI BARU 59200 KUALA LUMPUR<br>', '2019-02-22 07:47:11', '2019-02-22 07:47:11'),
(52, 47, 'MAIN', 'LOT 58 &amp; 59, SECTION 62, KTLD,<br>ANG CHENG HO ROAD, 93100 KUCHING SARAWAK<br>', '2019-02-22 07:48:28', '2019-02-22 07:48:28'),
(54, 49, 'MAIN', 'LOT 495, SEDC INDUSTRIAL ESTATE<br>UPPER LANANG ROAD, 96000 SIBU, SARAWAK<br>', '2019-02-22 07:52:00', '2019-02-22 07:52:00'),
(59, 54, 'MAIN', '1ST FLOOR, LOT 2302, A10-2<br>YOSHI SQUARE, JLN PELABUHAN<br>93450 KUCHING, SARAWAK', '2019-02-28 07:50:58', '2019-02-28 07:50:58'),
(60, 55, 'MAIN', 'LOT 167, JALAN RUMBIA, (P.O.BOX 1079,<br>93722 KUCHING), 93100 KUCHING,<br>SARAWAK', '2019-02-28 08:04:49', '2019-02-28 08:04:49'),
(62, 57, 'MAIN', 'NO.155A, JALAN SEKAMA,<br>93300 KUCHING, SARAWAK.<br>', '2019-02-28 08:28:31', '2019-02-28 08:28:31'),
(63, 58, 'MAIN', 'LOT 721, BLOCK 7, MUARA TEBAS LAND DISTRICT,<br>SEJINGKAT INDUSTRIAL PARK, P.O.BOX 3175,<br>93762 KUCHING, SARAWAK', '2019-02-28 08:31:42', '2019-02-28 08:31:42'),
(65, 60, 'MAIN', 'LOT 39 &amp; 40 LORONG PUSAT INDUSTRIAL CENTRE,<br>KOLOMBONG LIGHT INDUSTRIAL CENTRE,<br>88450 KOTA KINABALU, SABAH', '2019-02-28 08:46:45', '2019-02-28 08:46:45'),
(66, 61, 'MAIN', 'LOT 30, GROUND FLOOR, BLOCK E,<br>IRAMANIS CENTRE, JALAN LINTAS OFF SPRING<br>ROAD, 88450 KOTA KINABALU, SABAH', '2019-02-28 08:50:44', '2019-02-28 08:50:44'),
(67, 62, 'MAIN', 'LIKAS INDUSTRIAL ESTATE JALAN BURUNG KELETO<br>OFF JALAN TUARAN BY-PASS<br>88450 KOTA KINABALU, SABAH', '2019-02-28 08:52:08', '2019-02-28 08:52:08'),
(69, 64, 'MAIN', 'JALAN SEGUNTUR, OFF MILE 10,<br>JALAN LABUK, P.O.BOX 850,<br>90709 SANDAKAN, SABAH', '2019-02-28 09:06:28', '2019-02-28 09:06:28'),
(75, 66, 'MAIN', 'A5-2, 1ST FLOOR, BLOCK A,<br>YOSHI SQUARE, JALAN PELABUHAN<br>93450 KUCHING, SARAWAK', '2019-03-05 06:53:14', '2019-03-05 06:53:14'),
(76, 67, 'MAIN', '2822, TKT 3, JALAN KAMPUNG BARU,<br>14000 BUKIT MERTAJAM, PULAU PINANG<br>', '2019-03-08 02:22:52', '2019-03-08 02:22:52'),
(77, 68, 'MAIN', '25, ENSING LIGHT INDUSTRIAL, LOT 3556, BLK 217 KNLD<br>(S/L 3), JALAN ENSING, OFF JALAN BATU KAWA, 93250<br>KUCHING, SARAWAK TEL:082-464816 H/P:012-8866669', '2019-03-08 02:24:35', '2019-03-08 02:24:35'),
(78, 69, 'MAIN', 'LOT 14300 JALAN KAMPUNG DEW<br>KAMPUNG TERSUSUN,<br>34700 SIMPANG PERAK', '2019-03-08 02:25:16', '2019-03-08 02:25:16'),
(79, 70, 'MAIN', 'LOT 969, CHUNG NION VILLAGES,<br>JALAN BATU KAWA, 93250 KUCHING, SARAWAK<br>TEL:082-688549 H/P:019-8880583', '2019-03-08 02:26:15', '2019-03-08 02:26:15'),
(80, 71, 'MAIN', 'LOT 7586, 3RD FLOOR, SIM HUNG ENG BUILDING<br>KWONG LEE BANK ROAD, 93450 KUCHING, SARAWAK<br>TEL:082-484778/082-484779 ATTN:MR.MICHAEL', '2019-03-08 02:27:47', '2019-03-08 02:27:47'),
(81, 72, 'MAIN', 'LOT 1221, SECTION 66, JALAN UTAMA, PENDING<br>INDUSTRIAL ESTATE 93450 KUCHING, SARAWAK<br>TEL NO:082-333421 (MR BERNARD LIM)', '2019-03-08 02:47:58', '2019-03-08 02:47:58'),
(82, 65, 'MAIN', 'LOT 938, LORONG DEMAK LAUT 7A<br>DEMAK LAUT INDUSTRIAL PARK JALAN BAKO,<br>93050 KUCHING, SARAWAK', '2019-03-19 07:34:28', '2019-03-19 07:34:28'),
(89, 73, 'MAIN', 'LOT 841, BLOCK 7, MTLD, DEMAK LAUT<br>INDUSTRIAL PARK, PHASE 3<br>93050 KUCHING, SARAWAK MALAYSIA<br>', '2019-04-02 02:36:29', '2019-04-02 02:36:29'),
(90, 74, 'MAIN', 'LOT 2231 JALAN KILANG<br>PENDING INDUSTRIAL ESTATE<br>93450 KUCHING SARAWAK', '2019-04-02 02:38:51', '2019-04-02 02:38:51'),
(91, 75, 'MAIN', 'LOT 2070, SECTION 66,  JALAN UTAMA,<br>PENDING INDUSTRIAL ESTATE,<br>93450 KUCHING, SARAWAK', '2019-04-02 02:39:55', '2019-04-02 02:39:55'),
(92, 27, 'MAIN', '248, TECK GUAN BUILDING, JALAN PADUNGAN,<br>93100 KUCHING, SARAWAK<br>ON BEHALF OF M/S SOUTHERN STEEL BHD<br>', '2019-04-02 02:40:59', '2019-04-02 02:40:59'),
(93, 27, 'BRANCH 1', '248 &amp; 250, TECK GUAN BUILDING,<br>JALAN PADUNGAN, 93100 KUCHING,<br>SARAWAK', '2019-04-02 02:40:59', '2019-04-02 02:40:59'),
(94, 76, 'MAIN', 'GROUND FLOOR, NO 1-4, WISMA SOON LIEN HONG,<br>JALAN SHERIF MASAHOR, BATU TIGA<br>93250 KUCHING, SARAWAK', '2019-04-02 02:42:10', '2019-04-02 02:42:10'),
(96, 77, 'MAIN', 'WISMA HII YII NGIIK, 3RD FLOOR,<br>LOT 7573, JALAN KWONG LEE BANK,<br>93450 KUCHING SARAWAK MALAYSIA', '2019-04-02 02:43:40', '2019-04-02 02:43:40'),
(97, 78, 'MAIN', 'LOT 835, BLOCK 7, JLN DEMAK LAUT 3,<br>DEMAK LAUT INDUSTRIAL PARK,<br>93050 KUCHING, SARAWAK MALAYSIA', '2019-04-02 02:44:44', '2019-04-02 02:44:44'),
(100, 37, 'MAIN', 'OFF MILE 7, JALAN TUARAN,<br>P.O.BOX 14443<br>88850 KOTA KINABALU, SABAH', '2019-04-02 02:47:23', '2019-04-02 02:47:23'),
(101, 37, 'BRANCH 1', 'BATU 6 1/2, JALAN TUARAN, PO BOX 14443<br>88850 KOTA KINABALU, SABAH.<br>TEL:088-422696 FAX:088-421895/426648', '2019-04-02 02:47:23', '2019-04-02 02:47:23'),
(102, 37, 'BRANCH 2', 'PO BOX 14443<br>88850 KOTA KINABALU, SABAH<br>', '2019-04-02 02:47:23', '2019-04-02 02:47:23'),
(103, 59, 'MAIN', 'LOT 185-187, LORONG SEDCO 7, PHASE 2,<br>SEDCO LIGHT INDUSTRIAL ESTATE,<br>90000 SANDAKAN, SABAH', '2019-04-02 02:47:56', '2019-04-02 02:47:56'),
(104, 59, 'BRANCH 1', 'OLD JPJ PLACE (REAR YARD)<br>MK 9, JALAN TUARAN, INANAM,<br>88450 KOTA KINABALU, SABAH', '2019-04-02 02:47:56', '2019-04-02 02:47:56'),
(105, 51, 'MAIN', 'GRD FLR, BLK F, LOT 32 INANAM NEW TOWNSHIP,<br>P.O.BOX A-53, INANAM, 89357 KOTA KINABALU<br>SABAH MALAYSIA', '2019-04-02 02:48:58', '2019-04-02 02:48:58'),
(106, 51, 'BRANCH 1', 'CL. 015479973 NO 234, MILES 8-1/2 JALAN TUARAN,<br>KOTA KINABALU P.O BOX A-53, 89357<br>INANAM KOTA KINABALU, SABAH', '2019-04-02 02:48:58', '2019-04-02 02:48:58'),
(107, 79, 'MAIN', 'MILE 6-1/2, TUARAN ROAD,<br>INANAM PO BOX 21764,<br>88775 LUYANG, SABAH', '2019-04-02 02:49:47', '2019-04-02 02:49:47'),
(108, 80, 'MAIN', 'LOT 2, LORONG INANAM BARU 9, JALAN TUARAN,<br>PO BOX A-499, 89357 INANAM, KOTA KINABALU, SABAH<br>ATTN: MR.SOON TEL:088-428782 FAX:088-428780', '2019-04-02 02:51:03', '2019-04-02 02:51:03'),
(109, 81, 'MAIN', 'LOT 1764 &amp; 1765, SEDC PIASAU IND.ESTATE,<br>PHASE III (OFF PUJUT 7 R/ABOUT), MIRI-LUTONH<br>HIGHWAY) MIRI, SARAWAK P.O.BOX 843, 98008 SARAWAK', '2019-04-02 02:52:26', '2019-04-02 02:52:26'),
(111, 82, 'MAIN', 'LOT 1509, LORONG 7,<br>KROKOP 98000 MIRI, SARAWAK<br>', '2019-04-02 02:54:40', '2019-04-02 02:54:40'),
(112, 83, 'MAIN', 'LOT 1842, DESA SENADIN INDUSTRIAL ESTATE<br>JALAN LUTONG-KUALA BARAM<br>98000 MIRI, SARAWAK', '2019-04-02 02:55:41', '2019-04-02 02:55:41'),
(113, 84, 'MAIN', 'LOT 3096, S/LOT 99, 1ST FLOOR, DESA BAHAGIA<br>SHOPHOUSE PHASE 3, JALAN PERMYJAYA<br>BANDAR BARU, 98000 MIRI, SARAWAK', '2019-04-02 02:57:21', '2019-04-02 02:57:21'),
(114, 85, 'MAIN', 'LOT 50 &amp; 51, PIASAU INDUSTRIAL ESTATE,<br>98000 MIRI, SARAWAK, MALAYSIA.<br>', '2019-04-02 02:58:48', '2019-04-02 02:58:48'),
(115, 86, 'MAIN', 'NO.2128, SUBLOT 2, JALAN UTAMA,<br>PENDING, 93450 KUCHING, SARAWAK MALAYSIA<br>', '2019-04-02 03:00:19', '2019-04-02 03:00:19'),
(116, 87, 'MAIN', 'LOT 1134, JALAN TENAGA,<br>PENDING INDUSTRIAL ESTATE,<br>93450 KUCHING, SARAWAK, MALAYSIA', '2019-04-02 03:01:17', '2019-04-02 03:01:17'),
(118, 89, 'MAIN', 'LOT 10103, SIBIYU INDUSTRIAL ESTATE,<br>JALAN BINTULU, TATAU, 97000 BINTULU, SARAWAK<br>ATTN:MR TING TEL:086-338080 FAX:086-337871', '2019-04-02 03:03:31', '2019-04-02 03:03:31'),
(120, 91, 'MAIN', 'LOT 690-691, BDA LIGHT INDUSTRIAL ESTATE,<br>2 1/2 MILES, JALAN SULTAN ISKANDAR,<br>P.O BOX 87, 97007 BINTULU, SARAWAK', '2019-04-02 03:06:10', '2019-04-02 03:06:10'),
(121, 92, 'MAIN', 'WISMA DESTINY, LOT 3787 &amp; 3788,<br>PARKCITY COMMERCE SQUARE, JALAN TUN<br>AHMAD ZAIDI, 97008 BINTULU, SARAWAK', '2019-04-02 03:07:14', '2019-04-02 03:07:14'),
(122, 93, 'MAIN', '305 (SUITE 1) BLOCK E, PHILEO DAMANSARA 1, 9,<br>JALAN 16/11, OFF JALAN DAMANSARA,<br>46350 PETALING JAYA, SELANGOR.', '2019-04-02 03:08:25', '2019-04-02 03:08:25'),
(123, 94, 'MAIN', 'SUBLOT 3, SIBIYU JAYA, LOTS 7688 &amp; 5284<br>BLOCK 32, KEMENA LAND DISTRICT JALAN<br>BINTULU-TATAU, 97000 BINTULU, SARAWAK.', '2019-04-02 03:09:32', '2019-04-02 03:09:32'),
(127, 95, 'MAIN', 'NO.38 LORONG 2A, JALAN AMAN,<br>96000 SIBU, SARAWAK.<br>', '2019-04-02 03:11:15', '2019-04-02 03:11:15'),
(128, 96, 'MAIN', 'LGR. LETAT JAYA 8, LOT 8-11, SEMI DETACHED<br>IND.BANDAR LETAT JAYA, BATU 4,<br>JLN. LINTAS UTARA, 90737 SANDAKAN, SABAH', '2019-04-02 03:12:57', '2019-04-02 03:12:57'),
(129, 97, 'MAIN', 'BATU 8, JALAN LINTAS LABUK,<br>P.O.BOX NO.1813,<br>90720 SANDAKAN, SABAH', '2019-04-02 03:14:01', '2019-04-02 03:14:01'),
(135, 35, 'MAIN', 'LOT 10, PACKAGE 1, GENERAL INDUSTRIAL ZONE,<br>K.M.26, JALAN TUARAN, KOTA KINABALU INDUSTRIALPARK<br>(KKIP) 88460 KOTA KINABALU, SABAH<br>', '2019-04-02 03:16:00', '2019-04-02 03:16:00'),
(136, 35, 'BRANCH 1', 'TB758, JALAN APAS, 91018 TAWAU,<br>SABAH, MALAYSIA<br>', '2019-04-02 03:16:00', '2019-04-02 03:16:00'),
(141, 98, 'MAIN', 'TB NO.358, SABINDO WAREHOUSE,<br>P.O.BOX NO.62011 91030<br>TAWAU, SABAH', '2019-04-02 03:17:58', '2019-04-02 03:17:58'),
(142, 99, 'MAIN', 'MDLD 3311, 1ST FLOOR, LOT 46,<br>FAJAR CENTRE, JALAN SEGAMA,<br>91100 LAHAD DATU, SABAH.', '2019-04-02 03:18:54', '2019-04-02 03:18:54'),
(143, 100, 'MAIN', 'NO. P-7-1, BANDAR LETAT JAYA,<br>MILE 4, JALAN LINTAS UTARA,<br>90000 SANDAKAN, SABAH.', '2019-04-02 03:19:45', '2019-04-02 03:19:45'),
(144, 101, 'MAIN', 'LOT 8249, NO.21, LEE CHONG LIN<br>INDUSTRIAL ESTATE, JALAN PENDING,<br>93450 KUCHING, SARAWAK', '2019-04-02 03:34:54', '2019-04-02 03:34:54'),
(146, 102, 'MAIN', 'LOT 752, BLK 8, MTLD, JLN BAKO DEMAK LAUT<br>INDUSTRIAL PARK, PHASE 3,<br>93050 KUCHING SARAWAK', '2019-04-02 03:36:31', '2019-04-02 03:36:31'),
(150, 104, 'MAIN', 'NO.7, REPOK ROAD, PO BOX 18,<br>91000 SARIKEI, SARAWAK.<br>TEL:084-651170/654489 FAX:084-655833', '2019-04-02 03:39:27', '2019-04-02 03:39:27'),
(151, 105, 'MAIN', 'LOT 628, KIDURONG LIGHT INDUSTRIAL ESTATE,<br>JALAN TANJUNG KIDURONG,<br>97000 BINTULU, SARAWAK.', '2019-04-02 03:40:24', '2019-04-02 03:40:24'),
(152, 106, 'MAIN', 'LOT 123, 133 &amp; 32 SELEZU LAND,<br>DISTRICT BINTULU, SARAWAK.<br>TEL:013-8055118 CONTACT PERSON: YONG KOK LEONG', '2019-04-02 03:41:19', '2019-04-02 03:41:19'),
(153, 107, 'MAIN', 'NO.392, 2ND FLOOR, PHASE 5,<br>PARKCITY COMMERCE SQUARE,<br>97008 BINTULU, SARAWAK.', '2019-04-02 03:44:06', '2019-04-02 03:44:06'),
(154, 108, 'MAIN', 'SURVEY LOT 3347, JALAN PIASAU UTARA,<br>98000 MIRI SARAWAK.<br>', '2019-04-02 03:44:50', '2019-04-02 03:44:50'),
(155, 109, 'MAIN', 'LOT 629 KIDURONG INDUSTRIAL ESTATE,<br>JALAN TANJUNG KIDURONG,<br>97013 BINTULU SARAWAK', '2019-04-02 03:45:41', '2019-04-02 03:45:41'),
(162, 110, 'MAIN', '5268 JALAN PERMATANG PAUH<br>13400 BUTTERWORTH PENANG<br>', '2019-04-04 06:21:05', '2019-04-04 06:21:05'),
(163, 111, 'MAIN', 'LOT 732, BLOCK8 MTLD<br>DEMAK LAUT IND. ESTATE PHASE III<br>JALAN BAKO 93050 KUCHING , SARAWAK', '2019-04-04 06:21:56', '2019-04-04 06:21:56'),
(164, 112, 'MAIN', 'LOT 1413-1414, BLOCK 3, MCLD, PIASAU JAYA<br>INDUSTRIAL ESTATE, 98007 MIRI, SARAWAK<br>ATTN:MS.TRACY TEL:085-661676(MS LEE) FAX:085-656405(MS LEE)', '2019-04-04 07:47:37', '2019-04-04 07:47:37'),
(166, 113, 'MAIN', 'NO.7C, LANANG ROAD,<br>96000 SIBU, SARAWAK<br>ATTN:MR.WONG TEL:084-326857 FAX:084-326236', '2019-04-05 03:41:54', '2019-04-05 03:41:54'),
(167, 114, 'MAIN', 'LOT 1979,SL 4,NO.4 3RD FLOOR,<br>LORONG KAMPUNG DATU 11, PO BOX 165,<br>96007 SIBU,SARAWAK.  TEL:084-325202', '2019-04-05 03:46:14', '2019-04-05 03:46:14'),
(168, 115, 'MAIN', '17C-D, LANANG ROAD,<br>P.O.BOX 559,<br>96000 SIBU, SARAWAK', '2019-04-05 07:57:36', '2019-04-05 07:57:36'),
(170, 44, 'MAIN', 'LOT 8275, SUB LOT 47, SECTION 64<br>2 1/2 MILES, JALAN PENDING<br>93450 KUCHING, SARAWAK', '2019-04-05 09:13:56', '2019-04-05 09:13:56'),
(174, 12, 'MAIN', 'LOT 268, SEDCO INDSUTRAIL SITE, MILE 5 1/2,<br>OFF JALAN TAURAN, JALAN KOLOMBONG, 89450<br>IMAMAM, KOTA KINABALU', '2019-04-08 03:14:41', '2019-04-08 03:14:41'),
(175, 12, 'BRANCH 1', 'LOT 1213, JALAN DAYA, SECTION 66L KLTD<br>TMN RIVERVIEW, BENTAWA PENDING INDUSTRIAL<br>ESTATE, 93450 KUCHING, SARAWAK', '2019-04-08 03:14:41', '2019-04-08 03:14:41'),
(176, 12, 'BRANCH 2', 'LOT 1, TAMAN BAYUMAS,<br>JALAN MAAKAT / NOUNTUN,<br>INANAM 88450 KOTA KINABALU, SABAH.', '2019-04-08 03:14:41', '2019-04-08 03:14:41'),
(177, 88, 'MAIN', 'PARCEL NOS.281-1-53, 54 &amp; 55 LEVEL 1,<br>BLOCK A, TAMAN SRI SARAWAK MALL<br>93100 KUCHING, SARAWAK', '2019-04-08 06:03:57', '2019-04-08 06:03:57'),
(178, 88, 'BRANCH 1', 'LEVEL 1, LOT 1546, BLOCK 17, KCLD,<br>JALAN LAPANGAN TERBANG<br>93250 KUCHING, SARAWAK', '2019-04-08 06:03:57', '2019-04-08 06:03:57'),
(179, 88, 'BRANCH 2', 'SUITE 24.07-09, 24TH FLOOR, MENARA RAJA LAUT<br>288, JALAN RAJA LAUT, 50350 KUALA LUMPUR.<br>', '2019-04-08 06:03:57', '2019-04-08 06:03:57'),
(180, 116, 'MAIN', '.<br>', '2019-04-08 09:46:32', '2019-04-08 09:46:32'),
(182, 117, 'MAIN', '2A, LORONG BUKIT LIMA TIMUR 7<br>96000, SIBU SARAWAK<br>', '2019-04-11 03:30:40', '2019-04-11 03:30:40'),
(193, 2, 'MAIN', 'LOT 2598, BLK 32, KEMENA INDUSTRIAL ESTATE,<br>JLN BINTULU-TATAU, 97000 BINTULU, SARAWAK<br>ON BEHALF OF M/S SOUTHERN STEEL BHD<br>', '2019-04-11 07:31:19', '2019-04-11 07:31:19'),
(198, 118, 'MAIN', 'LOT 577, BLOCK 35, 7-1/2 MILE,<br>PENRISSEN ROAD, KOTA SENTOSA,<br>93250 KUCHING, SARAWAK.', '2019-04-11 09:19:08', '2019-04-11 09:19:08'),
(210, 56, 'MAIN', 'C/O RB DEVELOPMENT SDN BHD<br>LOT 372(290 &amp; 378), LOT 373, 374 AND 375, SECTION 54,<br>KTLD, JALAN PETANAK, KUCHING, SARAWAK', '2019-04-12 02:16:17', '2019-04-12 02:16:17'),
(211, 56, 'BRANCH 1', 'NO.A2-1, A3-1, BLOCK A, CYBER PERDANA<br>COMMERCIAL CENTRE, 88200 PENAMPANG,<br>KOTA KINABALU, SABAH', '2019-04-12 02:16:17', '2019-04-12 02:16:17'),
(212, 56, 'BRANCH 2', 'C/O GBU HOTEL ON NEW LOT 4059-4061<br>(SUBLOT 1-3) BLOCK 3, SIBU TOWN DISTRICT<br>AT JALAN PEDADA, SIBU, SARAWAK', '2019-04-12 02:16:17', '2019-04-12 02:16:17'),
(213, 56, 'BRANCH 3', 'C/O MEGAPEX SDN BHD MOTEL BUILDING<br>49 NUMBERS OF GUEST ROOMS, LOT 4<br>CL.125340516, JALAN BUBUL, SEMPORNA, SABAH', '2019-04-12 02:16:17', '2019-04-12 02:16:17'),
(214, 56, 'BRANCH 4', 'CYBER PERDANA COMMERCIAL CENTRE,<br>88200 PENAMPANG, KOTA KINABALU, SABAH<br>', '2019-04-12 02:16:17', '2019-04-12 02:16:17'),
(219, 29, 'MAIN', 'NO.60, LORONG PRANGIN,<br>10100 PENANG,<br>MALAYSIA', '2019-04-12 07:12:17', '2019-04-12 07:12:17'),
(223, 53, 'MAIN', '886, JALAN BANDAR BARU, SUNGAI KECIL,<br>14300 NIBONG TEBAL, P.W. PENANG,<br>MALAYSIA', '2019-04-12 07:13:42', '2019-04-12 07:13:42'),
(224, 119, 'MAIN', '5 1/2 MILE, OFF JALAN TUARAN<br>KOLOMBONG INDUSTRIAL ESTATE<br>88450 KOTA KINABALU SABAH', '2019-04-12 07:33:11', '2019-04-12 07:33:11'),
(225, 1, NULL, '165, 1ST FLOOR, VICTORIA ST.<br>10300 PENANG. MALAYSIA<br>', '2019-04-13 03:34:56', '2019-04-13 03:34:56'),
(226, 120, 'MAIN', 'SUBLOT 111, LOT 1434,<br>SMI INDUSTRIAL PARK, JALAN BAKO,<br>93050 KUCHING, SARAWAK', '2019-04-15 04:18:38', '2019-04-15 04:18:38'),
(227, 121, 'MAIN', '241, LORONG DATUK ABANG ABDUL RAHIM 7C,<br>93450 KUCHING, SARAWAK<br>', '2019-04-15 07:36:52', '2019-04-15 07:36:52'),
(228, 122, 'MAIN', '19 JALAN KHOO PENG LOONG,<br>P.O.BOX 1695, 96008 SIBU SARAWAK<br>', '2019-04-16 03:44:50', '2019-04-16 03:44:50'),
(229, 48, 'MAIN', 'NO.200, LOT 504, BLOCK 24, MTLD,<br>BATU 2 1/2, JLN DATUK MOHAMMAD MUSA,<br>94300 KOTA SAMARAHAN', '2019-04-16 08:30:37', '2019-04-16 08:30:37'),
(233, 103, 'MAIN', 'NO.13, LORONG MASJID LAMA 1,<br>96100 SARIKEI, SARAWAK.<br>', '2019-04-17 02:54:01', '2019-04-17 02:54:01'),
(234, 103, 'BRANCH 1', 'NO.6B, LORONG SUKUN 28,<br>UPPER LANANG, 96000 SIBU, SARAWAK<br>', '2019-04-17 02:54:01', '2019-04-17 02:54:01'),
(235, 123, 'MAIN', '17C-D, LANANG ROAD,<br>96007 SIBU, SARAWAK<br>', '2019-04-17 03:02:41', '2019-04-17 03:02:41'),
(236, 124, 'MAIN', 'JALAN CENDERAKASIH,<br>OFF JALAN LINTAS, KOLOMBONG,<br>88450 KOTA KINABALU, SABAH', '2019-04-18 02:07:28', '2019-04-18 02:07:28'),
(237, 125, 'MAIN', 'WISMA KIONG SING, MILE 7,<br>JALAN TUARAN, INANAM<br>P.O.BOX 11218, 88813 KOTA KINABALU', '2019-04-18 02:10:35', '2019-04-18 02:10:35'),
(238, 126, 'MAIN', 'LOT 23, SMI WOOD VENDOR SCHEME<br>JALAN 1D, JALAN SEPANGGAR,<br>MENGGATAL 88450 KOTA KINABALU', '2019-04-18 02:13:13', '2019-04-18 02:13:13'),
(239, 10, 'MAIN', 'WISMA HII YII NGIIK, 1ST FLOOR, LOT 7573<br>JALAN KWONG LEE BANK, 93450 KUCHING,<br>SARAWAK', '2019-04-18 02:15:55', '2019-04-18 02:15:55'),
(240, 127, 'MAIN', 'MILE 5 1/2, JALAN TUARAN,<br>88000 KOTA KINABALU, SABAH<br>', '2019-04-18 02:17:09', '2019-04-18 02:17:09'),
(241, 128, 'MAIN', 'LOT 898. JALAN GUBAH BINTAWA<br>INDUSTRIAL ESTATE<br>93450 KUCHING, SARAWAK.', '2019-04-18 03:53:58', '2019-04-18 03:53:58'),
(242, 129, 'MAIN', 'LOT 515, JALAN DATUK EDWARD JELI,<br>PIASAU INDUSTRIAL ESTATE<br>P.O.BOX 1599, 98008, MIRI SARAWAK', '2019-04-18 09:33:02', '2019-04-18 09:33:02'),
(247, 38, 'MAIN', 'LOT 7 &amp; 8, BLOCK 7, BANDAR INDAH,<br>MILE 4, NORTH ROAD, P.O.BOX 1398,<br>90715 SANDAKAN, SABAH', '2019-04-23 04:43:09', '2019-04-23 04:43:09'),
(248, 38, 'BRANCH 1', '2140, JALAN HABIB HUSIN,<br>P.O.BOX 711, 91008 TAWAU, SABAH.<br>', '2019-04-23 04:43:09', '2019-04-23 04:43:09'),
(249, 38, 'BRANCH 2', 'WISMA PANSAR 23-27, JALAN BENGKEL,<br>96000 SIBU, SARAWAK.<br>', '2019-04-23 04:43:09', '2019-04-23 04:43:09'),
(250, 38, 'BRANCH 3', 'LOT 295, KG DAGANG, JLN RIVER<br>BEAUTIFUL JADE CENTRE,<br>98007 MIRI, SARARAK.', '2019-04-23 04:43:09', '2019-04-23 04:43:09'),
(251, 130, 'MAIN', 'LOT 3632, BLOCK 26, KEMENA LAND DISTRICT,<br>KIDURONG INDUSTRIAL ESTATE TANJUNG<br>KIDURONG, 97011 BINTULU SARAWAK', '2019-04-24 02:23:33', '2019-04-24 02:23:33'),
(252, 131, 'MAIN', 'WISMA HII YII NGIIK, 2ND FLOOR,<br>LOTS 7572-7574, JALAN KWONG LEE BANK,<br>93450 KUCHING, SARAWAK', '2019-04-24 02:56:09', '2019-04-24 02:56:09'),
(253, 132, 'MAIN', 'LOT 1967, BLOCK 5, KUALA BARAM<br>98000 MIRI, SARAWAK.<br>', '2019-04-24 02:57:16', '2019-04-24 02:57:16'),
(254, 133, 'MAIN', 'LOT 1233, BLOCK 5, KUALA BARAM<br>LAND DISTRICT, SENADIN INDUSTRIAL<br>ESTATE, 98107 MIRI, SARAWAK.', '2019-04-24 02:58:17', '2019-04-24 02:58:17'),
(255, 134, 'MAIN', 'LABUK ROAD, BANDAR KIM FUNG,<br>P.O.BOX 1282 90714 SANDAKAN,<br>SABAH', '2019-04-24 03:19:25', '2019-04-24 03:19:25'),
(256, 135, 'MAIN', '2893 MILE 1, JALAN KUHARA,<br>P.O.BOX 756,<br>91008 TAWAU, SABAH', '2019-04-24 04:21:47', '2019-04-24 04:21:47'),
(257, 63, 'MAIN', 'MILE 7-1/2, JALAN LABUK, W.D.T.NO.173<br>90009 SANDAKAN, SABAH<br>', '2019-04-24 04:33:47', '2019-04-24 04:33:47'),
(258, 63, 'BRANCH 1', 'TECK GUAN REGENCY, JALAN ST.PATRICK,<br>OFF JALAN BELUNU, 91000 TAWAU, SABAH.<br>', '2019-04-24 04:33:47', '2019-04-24 04:33:47'),
(259, 63, 'BRANCH 2', '318, JALAN ST.PATRICK, OFF JALAN BELUNU,<br>P.O.BOX NO.33, 91007 TAWAU, SABAH,<br>MALAYSIA.', '2019-04-24 04:33:47', '2019-04-24 04:33:47'),
(260, 63, 'BRANCH 3', 'JALAN CENDERAKASIH OFF JALAN LINTAS<br>88450 KOTA KINABALU, SABAH<br>', '2019-04-24 04:33:47', '2019-04-24 04:33:47'),
(261, 63, 'BRANCH 4', 'MILE 1-1/2, JALAN SEGAMA,<br>91110 LAHAD DATU, SABAH.<br>', '2019-04-24 04:33:47', '2019-04-24 04:33:47'),
(263, 136, 'MAIN', 'LOT 2-3 BLOK A, BANDAR SIBUGA JAYA,<br>MILE 8, JALAN LABUK, 90708<br>SANDAKAN, SABAH', '2019-04-24 06:45:52', '2019-04-24 06:45:52'),
(264, 137, 'MAIN', 'KIMBELL LIGHT INDUSTRIAL,<br>MILE 2, JALAN DAM, P.O.BOX 60296,<br>91112 LAHAD DATU SABAH', '2019-04-24 06:46:49', '2019-04-24 06:46:49'),
(265, 138, 'MAIN', 'P.O.BOX 60525<br>91114 LAHAD DATU, SABAH<br>', '2019-04-26 02:30:36', '2019-04-26 02:30:36'),
(266, 90, 'MAIN', 'BATU 5, JALAN TENGAH NIPAH,<br>91100 LAHAD DATU, SABAH<br>', '2019-04-26 02:31:11', '2019-04-26 02:31:11'),
(267, 90, 'BRANCH 1', 'P.O.BOX NO.60696,<br>91116 LAHAD DATU, SABAH.<br>TEL:089-868139/089-868149', '2019-04-26 02:31:11', '2019-04-26 02:31:11'),
(269, 140, 'MAIN', 'LOT 292 &amp; 294, 1/2 KM,<br>JALAN MUARA TUANG<br>94300 KOTA SAMARAHAN, KUCHING', '2019-04-30 01:52:03', '2019-04-30 01:52:03'),
(270, 139, 'MAIN', '16, LENGKOK IKS SIMPANG EMPAT 1<br>TAMAN IKS SIMPANG EMPAT<br>14100 SIMPANG AMPAT S.P.S PULAU PINANG', '2019-04-30 01:53:56', '2019-04-30 01:53:56'),
(271, 22, 'MAIN', 'LOT 333, JALAN PKNK 3/5,<br>KAWASAN PERINDUSTRIAN SUNGAI PETANI<br>(LPK), 08000 SUNGAI PETANI, KEDAH', '2019-04-30 09:22:37', '2019-04-30 09:22:37'),
(272, 11, 'MAIN', 'LEVEL 10, MENARA UAC, NO. 12, JALAN PJU 7/5<br>MUTIARA DAMANSARA, 47800 PETALING JAYA<br>SELANGOR DARUL EHSAN', '2019-04-30 09:24:04', '2019-04-30 09:24:04'),
(273, 4, 'MAIN', '2579 LORONG PERUSAHAAN 10, PRAI INDUSTRIAL<br>ESTATE, 13600 PRAI, PULAU PINANG, MALAYSIA.<br>', '2019-04-30 09:25:44', '2019-04-30 09:25:44'),
(274, 8, 'MAIN', 'LOT 1236, PRAI INDUSTRIAL ESTATE,<br>13600 PRAI, PENANG<br>', '2019-04-30 09:26:50', '2019-04-30 09:26:50'),
(276, 52, 'MAIN', '2723, LORONG PERUSAHAAN 12<br>PRAI INDUSTRIAL ESTATE<br>13600 PRAI, PULAU PINANG', '2019-04-30 09:29:36', '2019-04-30 09:29:36'),
(277, 21, 'MAIN', '2723 LORONG PERUSAHAAN 12<br>PRAI INDUSTRIAL ESTATE<br>13600 PRAI, PULAU PINANG, MALAYSIA', '2019-04-30 09:31:17', '2019-04-30 09:31:17'),
(278, 18, 'MAIN', '50-J, PENGKALAN WELD,<br>10300 PENANG<br>', '2019-04-30 09:32:25', '2019-04-30 09:32:25'),
(279, 23, 'MAIN', '2530, LORONG PERUSAHAAN 10,<br>PRAI INDUSTRIAL ESTATE,<br>13600 PRAI, PENANG, MALAYSIA', '2019-04-30 09:33:28', '2019-04-30 09:33:28'),
(280, 26, 'MAIN', 'PLOT 44, LORONG PERINDUSTRIAN, BUKIT MINYAK 9,<br>BUKIT MINYAK INDUSTRIAL PARK,<br>14100 BUKIT MERTAJAM, PENANG, MALAYSIA.', '2019-04-30 09:33:47', '2019-04-30 09:33:47'),
(285, 25, 'MAIN', 'WISMA LEADER STEEL, PLOT 85, LORONG PERUSAHAAN UTAMA,<br>KAWASAN PERUSAHAAN BUKIT TENGAH, 14000 BUKIT<br>TENGAH, SEBERANG PERAI TENGAH, PULAU PINANG, MALAYSIA', '2019-04-30 09:36:15', '2019-04-30 09:36:15'),
(286, 50, 'MAIN', '60, PRANGIN LANE,<br>10100 PENANG, MALAYSIA<br>', '2019-04-30 09:36:48', '2019-04-30 09:36:48'),
(287, 20, 'MAIN', 'PLOT 40, LORONG PERUSAHAAN MAJU 7,<br>KAWASAN PERUSAHAAN 4,<br>13600 PRAI, PENANG.', '2019-04-30 09:37:40', '2019-04-30 09:37:40'),
(288, 19, 'MAIN', 'PLOT 40, LORONG PERUSAHAAN<br>MAJU 7, KAWASAN PERUSAHAAN 4,<br>13600 PRAI, PENANG.', '2019-04-30 09:38:02', '2019-04-30 09:38:02'),
(289, 31, 'MAIN', '4944, JALAN SIRAM,<br>12100 BUTTERWORTH PENANG,<br>MALAYSIA', '2019-04-30 09:39:04', '2019-04-30 09:39:04'),
(290, 16, 'MAIN', '4826 JALAN PERMATANG PAUH<br>13400, BUTTERWORTH, P.W.<br>', '2019-04-30 09:39:49', '2019-04-30 09:39:49'),
(291, 17, 'MAIN', '2526, TINGKAT PERUSAHAAN ENAM,<br>PRAI INDUSTRIAL ESTATE,<br>13600 PRAI', '2019-04-30 09:40:14', '2019-04-30 09:40:14'),
(292, 141, 'MAIN', 'LOT 2470, SECTION 66, KTLD, JLN UTAMA.<br>93450 KUCHING, P.O.BOX 1932,<br>93738 KUCHING SARAWAK MALAYSIA', '2019-05-02 06:35:20', '2019-05-02 06:35:20');

-- --------------------------------------------------------

--
-- Table structure for table `company_emails`
--

DROP TABLE IF EXISTS `company_emails`;
CREATE TABLE IF NOT EXISTS `company_emails` (
  `id` int(10) UNSIGNED NOT NULL AUTO_INCREMENT,
  `company_id` int(10) UNSIGNED NOT NULL,
  `email` varchar(191) COLLATE utf8mb4_unicode_ci NOT NULL,
  `created_at` timestamp NULL DEFAULT NULL,
  `updated_at` timestamp NULL DEFAULT NULL,
  PRIMARY KEY (`id`),
  KEY `company_emails_company_id_foreign` (`company_id`)
) ENGINE=InnoDB AUTO_INCREMENT=250 DEFAULT CHARSET=utf8mb4 COLLATE=utf8mb4_unicode_ci;

--
-- Dumping data for table `company_emails`
--

INSERT INTO `company_emails` (`id`, `company_id`, `email`, `created_at`, `updated_at`) VALUES
(4, 3, 'genenral@landmesh.com', '2019-02-02 04:28:42', '2019-02-02 04:28:42'),
(6, 5, 'general@southernhem.com', '2019-02-02 04:32:18', '2019-02-02 04:32:18'),
(7, 6, 'general@soonhuatseed.com', '2019-02-02 04:33:42', '2019-02-02 04:33:42'),
(8, 7, 'general@maxima.com', '2019-02-02 04:34:24', '2019-02-02 04:34:24'),
(11, 9, 'general@wirajitu.com', '2019-02-02 04:36:09', '2019-02-02 04:36:09'),
(15, 13, 'general@univessel.com.my', '2019-02-02 04:43:19', '2019-02-02 04:43:19'),
(16, 14, 'general@toupus.com.my', '2019-02-02 04:44:42', '2019-02-02 04:44:42'),
(17, 15, 'general@khm.com.my', '2019-02-02 04:45:49', '2019-02-02 04:45:49'),
(29, 24, 'limyh@soonsoongroup.com', '2019-02-20 04:20:59', '2019-02-20 04:20:59'),
(33, 28, 'MSM@MSM', '2019-02-20 04:28:40', '2019-02-20 04:28:40'),
(35, 30, 'alphalogimp@yahoo.com', '2019-02-20 04:31:01', '2019-02-20 04:31:01'),
(37, 32, 'richardtiew@lumtseng.com.my', '2019-02-20 04:34:10', '2019-02-20 04:34:10'),
(38, 33, 'HS@HS', '2019-02-20 04:35:08', '2019-02-20 04:35:08'),
(39, 34, 'TRINITY@TRINITY', '2019-02-20 04:36:36', '2019-02-20 04:36:36'),
(41, 36, 'SAC@SAC', '2019-02-22 04:11:06', '2019-02-22 04:11:06'),
(44, 39, 'ANC@ABC', '2019-02-22 04:22:48', '2019-02-22 04:22:48'),
(45, 40, 'wisebuild@gmail.com', '2019-02-22 07:09:35', '2019-02-22 07:09:35'),
(46, 41, 'OCHEM@OCHEM', '2019-02-22 07:40:27', '2019-02-22 07:40:27'),
(47, 42, 'WAHTHAI@WAHTHAI', '2019-02-22 07:42:03', '2019-02-22 07:42:03'),
(48, 43, 'TMB@TMB', '2019-02-22 07:42:55', '2019-02-22 07:42:55'),
(50, 45, 'TMML@TMML', '2019-02-22 07:45:48', '2019-02-22 07:45:48'),
(51, 46, 'TMB@TMB', '2019-02-22 07:47:11', '2019-02-22 07:47:11'),
(52, 47, 'KC@KC', '2019-02-22 07:48:28', '2019-02-22 07:48:28'),
(54, 49, 'OVER@OVER', '2019-02-22 07:52:00', '2019-02-22 07:52:00'),
(59, 54, 'SD@SD', '2019-02-28 07:50:58', '2019-02-28 07:50:58'),
(60, 55, 'KS@KS', '2019-02-28 08:04:49', '2019-02-28 08:04:49'),
(62, 57, 'SEYI@SEYI', '2019-02-28 08:28:31', '2019-02-28 08:28:31'),
(63, 58, 'LD@LD', '2019-02-28 08:31:42', '2019-02-28 08:31:42'),
(65, 60, 'KL@KL', '2019-02-28 08:46:45', '2019-02-28 08:46:45'),
(66, 61, 'HB@HB', '2019-02-28 08:50:44', '2019-02-28 08:50:44'),
(67, 62, 'SY@SY', '2019-02-28 08:52:08', '2019-02-28 08:52:08'),
(69, 64, 'HS@HS', '2019-02-28 09:06:28', '2019-02-28 09:06:28'),
(75, 66, 'METRO@METRO', '2019-03-05 06:53:14', '2019-03-05 06:53:14'),
(76, 67, 'TLT@TLT', '2019-03-08 02:22:52', '2019-03-08 02:22:52'),
(77, 68, 'WIN@WIN', '2019-03-08 02:24:35', '2019-03-08 02:24:35'),
(78, 69, 'TBL@TBL', '2019-03-08 02:25:16', '2019-03-08 02:25:16'),
(79, 70, 'HWL@HWL', '2019-03-08 02:26:15', '2019-03-08 02:26:15'),
(80, 71, 'AIR@AIR', '2019-03-08 02:27:47', '2019-03-08 02:27:47'),
(81, 72, 'HS@HS', '2019-03-08 02:47:58', '2019-03-08 02:47:58'),
(82, 65, 'NT@NT', '2019-03-19 07:34:28', '2019-03-19 07:34:28'),
(88, 73, 'LEADER@LEADER', '2019-04-02 02:36:29', '2019-04-02 02:36:29'),
(89, 74, 'FFM@FFM', '2019-04-02 02:38:51', '2019-04-02 02:38:51'),
(90, 75, 'GA@GA', '2019-04-02 02:39:55', '2019-04-02 02:39:55'),
(91, 27, 'SARA@SARA', '2019-04-02 02:40:59', '2019-04-02 02:40:59'),
(92, 76, 'TT@TT', '2019-04-02 02:42:10', '2019-04-02 02:42:10'),
(94, 77, 'YK@YK', '2019-04-02 02:43:40', '2019-04-02 02:43:40'),
(95, 78, 'UGI@UGI', '2019-04-02 02:44:44', '2019-04-02 02:44:44'),
(97, 37, 'ABC@ABC', '2019-04-02 02:47:23', '2019-04-02 02:47:23'),
(98, 59, 'PA@PA', '2019-04-02 02:47:56', '2019-04-02 02:47:56'),
(99, 51, 'MH@MH', '2019-04-02 02:48:58', '2019-04-02 02:48:58'),
(100, 79, 'YANG@YANG', '2019-04-02 02:49:47', '2019-04-02 02:49:47'),
(101, 80, 'YT@YT', '2019-04-02 02:51:03', '2019-04-02 02:51:03'),
(102, 81, 'MH@MH', '2019-04-02 02:52:26', '2019-04-02 02:52:26'),
(104, 82, 'MN@MN', '2019-04-02 02:54:40', '2019-04-02 02:54:40'),
(105, 83, 'COR@COR', '2019-04-02 02:55:41', '2019-04-02 02:55:41'),
(106, 84, 'UPPER@UPPER', '2019-04-02 02:57:21', '2019-04-02 02:57:21'),
(107, 85, 'CKEN@CKEN', '2019-04-02 02:58:48', '2019-04-02 02:58:48'),
(108, 86, 'CMS@CMS', '2019-04-02 03:00:19', '2019-04-02 03:00:19'),
(109, 87, 'SPE@SPE', '2019-04-02 03:01:17', '2019-04-02 03:01:17'),
(111, 89, 'TONE@TONE', '2019-04-02 03:03:31', '2019-04-02 03:03:31'),
(113, 91, 'TAIHUA@TAIHUA', '2019-04-02 03:06:10', '2019-04-02 03:06:10'),
(114, 92, 'TY@TY', '2019-04-02 03:07:14', '2019-04-02 03:07:14'),
(115, 93, 'SEIGC@SEIGC', '2019-04-02 03:08:25', '2019-04-02 03:08:25'),
(116, 94, 'CHEC@CHEC', '2019-04-02 03:09:32', '2019-04-02 03:09:32'),
(118, 95, 'HK@HK', '2019-04-02 03:11:15', '2019-04-02 03:11:15'),
(119, 96, 'KL@KL', '2019-04-02 03:12:57', '2019-04-02 03:12:57'),
(120, 97, 'RH@RH', '2019-04-02 03:14:01', '2019-04-02 03:14:01'),
(123, 35, 'ASTEEL@ASTEEL', '2019-04-02 03:16:00', '2019-04-02 03:16:00'),
(125, 98, 'PIP@PIP', '2019-04-02 03:17:58', '2019-04-02 03:17:58'),
(126, 99, 'LD@LD', '2019-04-02 03:18:54', '2019-04-02 03:18:54'),
(127, 100, 'SM@SM', '2019-04-02 03:19:45', '2019-04-02 03:19:45'),
(128, 101, 'ML@ML', '2019-04-02 03:34:54', '2019-04-02 03:34:54'),
(130, 102, 'TS@TS', '2019-04-02 03:36:31', '2019-04-02 03:36:31'),
(133, 104, 'CS@CS', '2019-04-02 03:39:27', '2019-04-02 03:39:27'),
(134, 105, 'SW@SW', '2019-04-02 03:40:24', '2019-04-02 03:40:24'),
(135, 106, 'DD@DD', '2019-04-02 03:41:19', '2019-04-02 03:41:19'),
(136, 107, 'MAX@MAX', '2019-04-02 03:44:06', '2019-04-02 03:44:06'),
(137, 108, 'HTM@HTM', '2019-04-02 03:44:50', '2019-04-02 03:44:50'),
(138, 109, 'TOMETA@TOMETA', '2019-04-02 03:45:41', '2019-04-02 03:45:41'),
(142, 110, 'NM@NM', '2019-04-04 06:21:05', '2019-04-04 06:21:05'),
(143, 111, 'DC@DC', '2019-04-04 06:21:56', '2019-04-04 06:21:56'),
(144, 112, 'JN@JN', '2019-04-04 07:47:37', '2019-04-04 07:47:37'),
(146, 113, 'SYS@SYS', '2019-04-05 03:41:54', '2019-04-05 03:41:54'),
(147, 114, 'HL@HL', '2019-04-05 03:46:14', '2019-04-05 03:46:14'),
(148, 115, 'HH@HH', '2019-04-05 07:57:36', '2019-04-05 07:57:36'),
(150, 44, 'UCF@UCF', '2019-04-05 09:13:56', '2019-04-05 09:13:56'),
(153, 12, 'general@boustead.com.my', '2019-04-08 03:14:41', '2019-04-08 03:14:41'),
(154, 88, 'JFE@JFE', '2019-04-08 06:03:57', '2019-04-08 06:03:57'),
(155, 116, 'TO@TO', '2019-04-08 09:46:32', '2019-04-08 09:46:32'),
(157, 117, 'MT@MT', '2019-04-11 03:30:40', '2019-04-11 03:30:40'),
(165, 2, 'wisebuild@hotmail.com', '2019-04-11 07:31:19', '2019-04-11 07:31:19'),
(170, 118, 'HF@HF', '2019-04-11 09:19:08', '2019-04-11 09:19:08'),
(182, 56, 'MSE@mSE', '2019-04-12 02:16:17', '2019-04-12 02:16:17'),
(187, 29, 'HSH@HSH', '2019-04-12 07:12:17', '2019-04-12 07:12:17'),
(191, 53, 'NT@NT', '2019-04-12 07:13:42', '2019-04-12 07:13:42'),
(192, 119, 'FFM@FFM', '2019-04-12 07:33:11', '2019-04-12 07:33:11'),
(193, 1, 'shsship@soship.com.my', '2019-04-13 03:34:56', '2019-04-13 03:34:56'),
(194, 120, 'PR@PR', '2019-04-15 04:18:38', '2019-04-15 04:18:38'),
(195, 121, 'SM@SM', '2019-04-15 07:36:52', '2019-04-15 07:36:52'),
(196, 122, 'SYS@SYS', '2019-04-16 03:44:50', '2019-04-16 03:44:50'),
(197, 48, 'CY@CY', '2019-04-16 08:30:37', '2019-04-16 08:30:37'),
(199, 103, 'CL@CL', '2019-04-17 02:54:01', '2019-04-17 02:54:01'),
(200, 123, 'MS@MS', '2019-04-17 03:02:41', '2019-04-17 03:02:41'),
(201, 124, 'TG@TG', '2019-04-18 02:07:28', '2019-04-18 02:07:28'),
(202, 125, 'ALFA@ALFA', '2019-04-18 02:10:35', '2019-04-18 02:10:35'),
(203, 126, 'KH@KH', '2019-04-18 02:13:13', '2019-04-18 02:13:13'),
(204, 10, 'general@yungkong.com', '2019-04-18 02:15:55', '2019-04-18 02:15:55'),
(205, 127, 'HS@HS', '2019-04-18 02:17:09', '2019-04-18 02:17:09'),
(206, 128, 'SOLAR@SOLAR', '2019-04-18 03:53:58', '2019-04-18 03:53:58'),
(207, 129, 'PIASAU@PIASAU', '2019-04-18 09:33:02', '2019-04-18 09:33:02'),
(212, 38, 'ABC@ABC', '2019-04-23 04:43:09', '2019-04-23 04:43:09'),
(213, 130, 'FJ@FJ', '2019-04-24 02:23:33', '2019-04-24 02:23:33'),
(214, 131, 'CH@CH', '2019-04-24 02:56:09', '2019-04-24 02:56:09'),
(215, 132, 'AJ@AJ', '2019-04-24 02:57:16', '2019-04-24 02:57:16'),
(216, 133, 'GD@GD', '2019-04-24 02:58:17', '2019-04-24 02:58:17'),
(217, 134, 'WKH@WKH', '2019-04-24 03:19:25', '2019-04-24 03:19:25'),
(218, 135, 'MH@MH', '2019-04-24 04:21:47', '2019-04-24 04:21:47'),
(219, 63, 'TG@TG', '2019-04-24 04:33:47', '2019-04-24 04:33:47'),
(221, 136, 'JH@JJH', '2019-04-24 06:45:52', '2019-04-24 06:45:52'),
(222, 137, 'KB@KB', '2019-04-24 06:46:49', '2019-04-24 06:46:49'),
(223, 138, 'PT@PT', '2019-04-26 02:30:36', '2019-04-26 02:30:36'),
(224, 90, 'UNI@UNI', '2019-04-26 02:31:11', '2019-04-26 02:31:11'),
(226, 140, 'HM@HM', '2019-04-30 01:52:03', '2019-04-30 01:52:03'),
(227, 139, 'YGH@YGH', '2019-04-30 01:53:56', '2019-04-30 01:53:56'),
(228, 22, 'tan@powerfreight.com.my', '2019-04-30 09:22:37', '2019-04-30 09:22:37'),
(229, 11, 'general@uac.com.my', '2019-04-30 09:24:04', '2019-04-30 09:24:04'),
(230, 4, 'general@yewlean.com', '2019-04-30 09:25:44', '2019-04-30 09:25:44'),
(231, 8, 'general@annjoo.com', '2019-04-30 09:26:50', '2019-04-30 09:26:50'),
(233, 52, 'SSB@SSB', '2019-04-30 09:29:36', '2019-04-30 09:29:36'),
(234, 21, 'shahril.sait@southsteel.com', '2019-04-30 09:31:17', '2019-04-30 09:31:17'),
(235, 18, 'info.hbh@hongbee.com.my', '2019-04-30 09:32:25', '2019-04-30 09:32:25'),
(236, 23, 'ruzana@msel.com.my', '2019-04-30 09:33:28', '2019-04-30 09:33:28'),
(237, 26, 'asiaacsb@hotmail.com', '2019-04-30 09:33:47', '2019-04-30 09:33:47'),
(242, 25, 'fntan@leadersteel.my', '2019-04-30 09:36:15', '2019-04-30 09:36:15'),
(243, 50, 'SH@SH', '2019-04-30 09:36:48', '2019-04-30 09:36:48'),
(244, 20, 'llgoh@tashin.com.my', '2019-04-30 09:37:40', '2019-04-30 09:37:40'),
(245, 19, 'llgoh@tashin.com.my', '2019-04-30 09:38:02', '2019-04-30 09:38:02'),
(246, 31, 'chuan.wooi@hotmail.com', '2019-04-30 09:39:04', '2019-04-30 09:39:04'),
(247, 16, 'UMF@UMF', '2019-04-30 09:39:49', '2019-04-30 09:39:49'),
(248, 17, 'litham@chisb.com.my', '2019-04-30 09:40:14', '2019-04-30 09:40:14'),
(249, 141, 'CH@CH', '2019-05-02 06:35:20', '2019-05-02 06:35:20');

-- --------------------------------------------------------

--
-- Table structure for table `consignees`
--

DROP TABLE IF EXISTS `consignees`;
CREATE TABLE IF NOT EXISTS `consignees` (
  `id` int(10) UNSIGNED NOT NULL AUTO_INCREMENT,
  `company_id` int(10) UNSIGNED NOT NULL,
  `code` varchar(191) COLLATE utf8mb4_unicode_ci NOT NULL,
  `telephone` varchar(191) COLLATE utf8mb4_unicode_ci NOT NULL,
  `fax` varchar(191) COLLATE utf8mb4_unicode_ci DEFAULT NULL,
  `pic` varchar(191) COLLATE utf8mb4_unicode_ci NOT NULL,
  `deleted_at` timestamp NULL DEFAULT NULL,
  `created_at` timestamp NULL DEFAULT NULL,
  `updated_at` timestamp NULL DEFAULT NULL,
  PRIMARY KEY (`id`),
  KEY `consignees_company_id_foreign` (`company_id`)
) ENGINE=InnoDB AUTO_INCREMENT=111 DEFAULT CHARSET=utf8mb4 COLLATE=utf8mb4_unicode_ci;

--
-- Dumping data for table `consignees`
--

INSERT INTO `consignees` (`id`, `company_id`, `code`, `telephone`, `fax`, `pic`, `deleted_at`, `created_at`, `updated_at`) VALUES
(1, 3, 'LANDMESH', '042626871', NULL, 'ABC', NULL, '2019-02-02 04:28:42', '2019-02-02 04:28:42'),
(2, 5, 'SOUTHERNHEM', '042626871', NULL, 'ABC', NULL, '2019-02-02 04:32:18', '2019-02-02 04:32:18'),
(3, 7, 'MAXIMA', '042626871', NULL, 'ABC', NULL, '2019-02-02 04:34:24', '2019-02-02 04:34:24'),
(4, 9, 'WIRAJITU', '042626871', NULL, 'ABC', NULL, '2019-02-02 04:36:09', '2019-02-02 04:36:09'),
(5, 10, 'YUNGKONG', '042626871', NULL, 'ABC', NULL, '2019-02-02 04:39:28', '2019-02-02 04:39:28'),
(6, 14, 'TOUPUS', '042626871', NULL, 'ABC', NULL, '2019-02-02 04:44:42', '2019-02-02 04:44:42'),
(7, 15, 'KHM', '042626871', NULL, 'ABC', NULL, '2019-02-02 04:45:49', '2019-02-02 04:45:49'),
(8, 35, 'ASTEEL', '012345678', NULL, 'ABC', NULL, '2019-02-22 04:10:02', '2019-02-22 04:10:02'),
(9, 36, 'SAC', '0123456789', NULL, 'ABC', NULL, '2019-02-22 04:11:06', '2019-02-22 04:11:06'),
(10, 37, 'KOZAI', '0123456789', NULL, 'ABC', NULL, '2019-02-22 04:21:00', '2019-02-22 04:21:00'),
(11, 38, 'PANSAR', '0123456789', NULL, 'ABC', NULL, '2019-02-22 04:22:06', '2019-02-22 04:22:06'),
(12, 39, 'ZEN', '0123456789', NULL, 'ABC', NULL, '2019-02-22 04:22:48', '2019-02-22 04:22:48'),
(13, 40, 'WISEBUILD', '012345678', NULL, 'MR CHIN', NULL, '2019-02-22 07:09:35', '2019-02-22 07:09:35'),
(14, 41, 'OCHEM', '0123456789', NULL, 'ABC', NULL, '2019-02-22 07:40:27', '2019-02-22 07:40:27'),
(15, 42, 'WAHTHAI', '0123456789', NULL, 'ABC', NULL, '2019-02-22 07:42:03', '2019-02-22 07:42:03'),
(16, 43, 'TMB', '012345678', NULL, 'ABC', NULL, '2019-02-22 07:42:55', '2019-02-22 07:42:55'),
(17, 44, 'UCF', '0123456789', NULL, 'ABC', NULL, '2019-02-22 07:44:42', '2019-02-22 07:44:42'),
(18, 45, 'TMML', '012345678', NULL, 'ABC', NULL, '2019-02-22 07:45:48', '2019-02-22 07:45:48'),
(19, 46, 'TELEKOM', '0123456789', NULL, 'ABC', NULL, '2019-02-22 07:47:11', '2019-02-22 07:47:11'),
(20, 47, 'KIANCHION', '0123456789', NULL, 'ABC', NULL, '2019-02-22 07:48:28', '2019-02-22 07:48:28'),
(21, 48, 'CHUNYU', '0123456789', NULL, 'ABC', NULL, '2019-02-22 07:50:41', '2019-04-16 08:30:37'),
(22, 49, 'OVERSEA', '012345678', NULL, 'ABC', NULL, '2019-02-22 07:52:00', '2019-02-22 07:52:00'),
(23, 51, 'MENGHENG', '0123456789', NULL, 'ABC', NULL, '2019-02-23 02:45:34', '2019-02-23 02:45:34'),
(24, 54, 'SEBERANG', '0123456789', NULL, 'ABC', NULL, '2019-02-28 07:50:58', '2019-02-28 07:50:58'),
(25, 55, 'KIONSENG', '0123456656', NULL, 'ABC', NULL, '2019-02-28 08:04:49', '2019-02-28 08:04:49'),
(26, 56, 'MSE', '0123456789', NULL, 'ABC', NULL, '2019-02-28 08:06:45', '2019-02-28 08:06:45'),
(27, 57, 'SEYI', '0123456789', NULL, 'ABC', NULL, '2019-02-28 08:28:31', '2019-02-28 08:28:31'),
(28, 58, 'LEADEAST', '0123456789', NULL, 'ABC', NULL, '2019-02-28 08:31:42', '2019-02-28 08:31:42'),
(29, 59, 'PALUCKY', '0123456789', NULL, 'ABC', NULL, '2019-02-28 08:42:29', '2019-02-28 08:42:29'),
(30, 60, 'KAHLEN', '0123456789', NULL, 'ABC', NULL, '2019-02-28 08:46:45', '2019-02-28 08:46:45'),
(31, 61, 'HB', '0123456789', NULL, 'ABC', NULL, '2019-02-28 08:50:44', '2019-02-28 08:50:44'),
(32, 62, 'SINGYUNG', '01234567896', NULL, 'ABC', NULL, '2019-02-28 08:52:08', '2019-02-28 08:52:08'),
(33, 63, 'TECKGUAN', '0123456789', NULL, 'ABC', NULL, '2019-02-28 08:57:28', '2019-02-28 08:57:28'),
(34, 64, 'HAPSENG', '0123456789', NULL, 'ABC', NULL, '2019-02-28 09:06:28', '2019-02-28 09:06:28'),
(35, 65, 'NIBONG', '0123456789', NULL, 'ABC', NULL, '2019-03-05 06:51:22', '2019-03-05 06:51:22'),
(36, 66, 'METRO', '0123456789', NULL, 'ABC', NULL, '2019-03-05 06:53:14', '2019-03-05 06:53:14'),
(37, 68, 'WINSEN', '0123456778', NULL, 'ABC', NULL, '2019-03-08 02:24:35', '2019-03-08 02:24:35'),
(38, 70, 'HWL', '0123456789', NULL, 'ABC', NULL, '2019-03-08 02:26:15', '2019-03-08 02:26:15'),
(39, 71, 'AIRSEAL', '0123456789', NULL, 'ABC', NULL, '2019-03-08 02:27:47', '2019-03-08 02:27:47'),
(40, 72, 'HS', '0123456789', NULL, 'ABC', NULL, '2019-03-08 02:47:58', '2019-03-08 02:47:58'),
(41, 73, 'LEADER', '123456789', NULL, 'ABC', NULL, '2019-04-02 02:36:29', '2019-04-02 02:36:29'),
(42, 74, 'FFM', '123456789', NULL, 'ABC', NULL, '2019-04-02 02:38:51', '2019-04-02 02:38:51'),
(43, 75, 'GASING', '123456789', NULL, 'ABC', NULL, '2019-04-02 02:39:55', '2019-04-02 02:39:55'),
(44, 27, 'SARABESI', '123456789', NULL, 'ABC', NULL, '2019-04-02 02:40:59', '2019-04-02 02:40:59'),
(45, 76, 'TONGTAI', '123456789', NULL, 'ABC', NULL, '2019-04-02 02:42:10', '2019-04-02 02:42:10'),
(46, 77, 'YUNGKONG', '123456789', NULL, 'ABC', NULL, '2019-04-02 02:43:40', '2019-04-02 02:43:40'),
(47, 78, 'UGI', '123456789', NULL, 'ABC', NULL, '2019-04-02 02:44:44', '2019-04-02 02:44:44'),
(48, 79, 'YANG', '123456789', NULL, 'ABC', NULL, '2019-04-02 02:49:47', '2019-04-02 02:49:47'),
(49, 80, 'YATHIN', '123456789', NULL, 'ABC', NULL, '2019-04-02 02:51:03', '2019-04-02 02:51:03'),
(50, 81, 'MH', '123456789', NULL, 'ABC', NULL, '2019-04-02 02:52:26', '2019-04-02 02:52:26'),
(51, 82, 'MN', '123456789', NULL, 'ABC', NULL, '2019-04-02 02:54:28', '2019-04-02 02:54:28'),
(52, 83, 'CORPEX', '123456789', NULL, 'ABC', NULL, '2019-04-02 02:55:41', '2019-04-02 02:55:41'),
(53, 84, 'UPPER', '123456789', NULL, 'ABC', NULL, '2019-04-02 02:57:21', '2019-04-02 02:57:21'),
(54, 85, 'CKEN', '123456789', NULL, 'ABC', NULL, '2019-04-02 02:58:48', '2019-04-02 02:58:48'),
(55, 86, 'CMS', '123456789', NULL, 'ABC', NULL, '2019-04-02 03:00:19', '2019-04-02 03:00:19'),
(56, 87, 'SPECASTS', '123456789', NULL, 'ABC', NULL, '2019-04-02 03:01:17', '2019-04-02 03:01:17'),
(57, 88, 'JFE', '123456789', NULL, 'ABC', NULL, '2019-04-02 03:02:32', '2019-04-02 03:02:32'),
(58, 89, 'TONE', '123456789', NULL, 'ABC', NULL, '2019-04-02 03:03:31', '2019-04-02 03:03:31'),
(59, 90, 'UNI', '1234567989', NULL, 'ABC', NULL, '2019-04-02 03:04:40', '2019-04-02 03:04:40'),
(60, 91, 'TAIHUA', '123456789', NULL, 'ABC', NULL, '2019-04-02 03:06:10', '2019-04-02 03:06:10'),
(61, 92, 'TECKYIEN', '123456789', NULL, 'ABC', NULL, '2019-04-02 03:07:14', '2019-04-02 03:07:14'),
(62, 93, 'SEIGC', '123456789', NULL, 'ABC', NULL, '2019-04-02 03:08:25', '2019-04-02 03:08:25'),
(63, 94, 'CHEC', '123456789', NULL, 'ABC', NULL, '2019-04-02 03:09:32', '2019-04-02 03:09:32'),
(64, 95, 'HUAKIONG', '123456789', NULL, 'ABC', NULL, '2019-04-02 03:11:15', '2019-04-02 03:11:15'),
(65, 96, 'KEONGLIP', '123456789', NULL, 'ABC', NULL, '2019-04-02 03:12:57', '2019-04-02 03:12:57'),
(66, 97, 'READY', '123456789', NULL, 'ABC', NULL, '2019-04-02 03:14:01', '2019-04-02 03:14:01'),
(67, 98, 'PIP', '123456789', NULL, 'ABC', NULL, '2019-04-02 03:17:58', '2019-04-02 03:17:58'),
(68, 99, 'LAHADDATU', '1234567899', NULL, 'ABC', NULL, '2019-04-02 03:18:54', '2019-04-02 03:18:54'),
(69, 100, 'SANDAKAN', '123456789', NULL, 'ABC', NULL, '2019-04-02 03:19:45', '2019-04-02 03:19:45'),
(70, 101, 'MAINLINE', '123456789', NULL, 'ABC', NULL, '2019-04-02 03:34:54', '2019-04-02 03:34:54'),
(71, 102, 'THIAMSHIN', '123456789', NULL, 'ABC', NULL, '2019-04-02 03:36:14', '2019-04-02 03:36:14'),
(72, 103, 'CHEELIAN', '123456789', NULL, 'ABC', NULL, '2019-04-02 03:38:30', '2019-04-02 03:38:30'),
(73, 104, 'CHOP', '123456789', NULL, 'ABC', NULL, '2019-04-02 03:39:27', '2019-04-02 03:39:27'),
(74, 105, 'SOONGWUNG', '123456789', NULL, 'ABC', NULL, '2019-04-02 03:40:24', '2019-04-02 03:40:24'),
(75, 106, 'DD', '123456789', NULL, 'ABC', NULL, '2019-04-02 03:41:19', '2019-04-02 03:41:19'),
(76, 107, 'MAXLINE', '123456789', NULL, 'ABC', NULL, '2019-04-02 03:44:06', '2019-04-02 03:44:06'),
(77, 108, 'HTM', '123456789', NULL, 'ABC', NULL, '2019-04-02 03:44:50', '2019-04-02 03:44:50'),
(78, 109, 'TOMETA', '123456789', NULL, 'ABC', NULL, '2019-04-02 03:45:41', '2019-04-02 03:45:41'),
(79, 111, 'DREAM', '123456789', NULL, 'ABC', NULL, '2019-04-04 06:21:56', '2019-04-04 06:21:56'),
(80, 112, 'JIMNGUAN', '123456789', NULL, 'ABC', NULL, '2019-04-04 07:47:37', '2019-04-04 07:47:37'),
(81, 113, 'SYS', '084326857', '084326236', 'MR WONG', NULL, '2019-04-05 03:41:54', '2019-04-05 03:41:54'),
(82, 114, 'HOLEE', '084-325202', NULL, 'ABC', NULL, '2019-04-05 03:46:14', '2019-04-05 03:46:14'),
(83, 115, 'HIAPHONG', '123456789', NULL, 'ABC', NULL, '2019-04-05 07:57:36', '2019-04-05 07:57:36'),
(84, 12, 'BOUSTEAD', '042626871', NULL, 'ABC', NULL, '2019-04-08 03:13:35', '2019-04-08 03:13:35'),
(85, 116, 'TO', '123456789', NULL, 'ABC', NULL, '2019-04-08 09:46:32', '2019-04-08 09:46:32'),
(86, 117, 'MILLON', '0198835216', NULL, 'JENNIFER LAW', NULL, '2019-04-11 03:30:30', '2019-04-11 03:30:30'),
(87, 118, 'HAPFUNG', '123456789', NULL, 'ABC', NULL, '2019-04-11 09:19:08', '2019-04-11 09:19:08'),
(88, 119, 'FFM', '0123456789', NULL, 'ABC', NULL, '2019-04-12 07:33:11', '2019-04-12 07:33:11'),
(89, 120, 'PRECIOUS', '123456789', NULL, 'ABC', NULL, '2019-04-15 04:18:38', '2019-04-15 04:18:38'),
(90, 121, 'SENDILAND', '123456789', NULL, 'ABC', NULL, '2019-04-15 07:36:52', '2019-04-15 07:36:52'),
(91, 122, 'SINYEWSENG', '123456789', NULL, 'ABC', NULL, '2019-04-16 03:44:50', '2019-04-16 03:44:50'),
(92, 123, 'MARSAR', '123456789', NULL, 'ABC', NULL, '2019-04-17 03:02:41', '2019-04-17 03:02:41'),
(93, 124, 'TECKGUAN', '0123456789', NULL, 'ABC', NULL, '2019-04-18 02:07:28', '2019-04-18 02:07:28'),
(94, 125, 'ALFA', '0123456789', NULL, 'ABC', NULL, '2019-04-18 02:10:35', '2019-04-18 02:10:35'),
(95, 126, 'KWANGHING', '0123456789', NULL, 'ABC', NULL, '2019-04-18 02:13:13', '2019-04-18 02:13:13'),
(96, 127, 'HONGSING', '0123456789', NULL, 'ABC', NULL, '2019-04-18 02:17:09', '2019-04-18 02:17:09'),
(97, 128, 'SOLAR', '0123456789', NULL, 'ABC', NULL, '2019-04-18 03:53:58', '2019-04-18 03:53:58'),
(98, 129, 'PEKERJAAN', '0123456789', NULL, 'ABC', NULL, '2019-04-18 09:33:02', '2019-04-18 09:33:02'),
(99, 130, 'FOJOHN', '123456789', NULL, 'ABC', NULL, '2019-04-24 02:23:33', '2019-04-24 02:23:33'),
(100, 131, 'CHUANHUAT', '0123456789', NULL, 'ABC', NULL, '2019-04-24 02:56:09', '2019-04-24 02:56:09'),
(101, 132, 'ANNJOO', '0123456789', NULL, 'ABC', NULL, '2019-04-24 02:57:16', '2019-04-24 02:57:16'),
(102, 133, 'GOLDEN', '123456789', NULL, 'ABC', NULL, '2019-04-24 02:58:17', '2019-04-24 02:58:17'),
(103, 134, 'WAIKONGHONG', '123456789', NULL, 'ABC', NULL, '2019-04-24 03:19:25', '2019-04-24 03:19:25'),
(104, 135, 'MANHING', '0123456789', NULL, 'ABC', NULL, '2019-04-24 04:21:47', '2019-04-24 04:21:47'),
(105, 136, 'JOHAN', '0123456789', NULL, 'ABC', NULL, '2019-04-24 06:45:52', '2019-04-24 06:45:52'),
(106, 137, 'KILANGBATA', '123456789', NULL, 'ABC', NULL, '2019-04-24 06:46:49', '2019-04-24 06:46:49'),
(107, 138, 'PONTIAN', '123456789', NULL, 'ABC', NULL, '2019-04-26 02:30:36', '2019-04-26 02:30:36'),
(108, 139, 'YONGGUAN', '0123456789', NULL, 'ABC', '2019-04-30 01:53:56', '2019-04-30 01:50:45', '2019-04-30 01:53:56'),
(109, 140, 'HAIMING', '123456789', NULL, 'ABC', NULL, '2019-04-30 01:52:03', '2019-04-30 01:52:03'),
(110, 141, 'CHIEW', '123456789', NULL, 'ABC', NULL, '2019-05-02 06:35:20', '2019-05-02 06:35:20');

-- --------------------------------------------------------

--
-- Table structure for table `default_charges`
--

DROP TABLE IF EXISTS `default_charges`;
CREATE TABLE IF NOT EXISTS `default_charges` (
  `id` int(10) UNSIGNED NOT NULL AUTO_INCREMENT,
  `shipper_id` int(10) UNSIGNED NOT NULL,
  `charge_id` int(10) UNSIGNED NOT NULL,
  `unit` varchar(191) COLLATE utf8mb4_unicode_ci NOT NULL,
  `unit_size` int(11) NOT NULL,
  `price` double NOT NULL,
  `pol` int(10) UNSIGNED DEFAULT NULL,
  `final_dest` int(10) UNSIGNED DEFAULT NULL,
  `payment` varchar(191) COLLATE utf8mb4_unicode_ci NOT NULL,
  `created_at` timestamp NULL DEFAULT NULL,
  `updated_at` timestamp NULL DEFAULT NULL,
  PRIMARY KEY (`id`),
  KEY `default_charges_shipper_id_foreign` (`shipper_id`),
  KEY `default_charges_charge_id_foreign` (`charge_id`),
  KEY `default_charges_pol_foreign` (`pol`),
  KEY `default_charges_final_dest_foreign` (`final_dest`)
) ENGINE=InnoDB AUTO_INCREMENT=82 DEFAULT CHARSET=utf8mb4 COLLATE=utf8mb4_unicode_ci;

--
-- Dumping data for table `default_charges`
--

INSERT INTO `default_charges` (`id`, `shipper_id`, `charge_id`, `unit`, `unit_size`, `price`, `pol`, `final_dest`, `payment`, `created_at`, `updated_at`) VALUES
(3, 4, 2, 'MT', 1, 88, 1, 4, 'P', '2019-04-02 02:19:43', '2019-04-02 02:19:43'),
(4, 4, 2, 'MT', 1, 108, 1, 11, 'P', '2019-04-02 02:23:21', '2019-04-02 02:23:21'),
(6, 30, 4, 'HC', 40, 2104, 1, 2, 'P', '2019-04-02 04:09:17', '2019-04-02 04:09:17'),
(7, 30, 6, 'HC', 40, 570, 1, 2, 'P', '2019-04-02 04:09:43', '2019-04-02 04:09:43'),
(8, 30, 7, 'HC', 40, 440, 1, 2, 'P', '2019-04-02 04:09:59', '2019-04-02 04:09:59'),
(10, 16, 2, 'MT', 1, 142, 1, 3, 'P', '2019-04-11 07:25:09', '2019-04-12 07:11:45'),
(11, 16, 5, 'MT', 1, 7, 1, 3, 'P', '2019-04-11 07:25:31', '2019-04-11 07:25:31'),
(12, 10, 2, 'MT', 1, 137, 1, 3, 'P', '2019-04-11 07:27:07', '2019-04-12 07:12:04'),
(13, 10, 5, 'MT', 1, 7, 1, 3, 'P', '2019-04-11 07:27:19', '2019-04-11 07:27:19'),
(14, 22, 2, 'MT', 1, 137, 1, 3, 'P', '2019-04-11 07:27:58', '2019-04-12 07:12:23'),
(15, 22, 5, 'MT', 1, 7, 1, 3, 'P', '2019-04-11 07:28:06', '2019-04-11 07:28:06'),
(16, 14, 2, 'MT', 1, 112, 1, 3, 'P', '2019-04-11 07:28:44', '2019-04-12 07:13:25'),
(17, 14, 5, 'MT', 1, 7, 1, 3, 'P', '2019-04-11 07:28:54', '2019-04-11 07:28:54'),
(18, 29, 2, 'MT', 1, 112, 1, 3, 'P', '2019-04-11 07:29:28', '2019-04-12 07:13:07'),
(19, 29, 5, 'MT', 1, 7, 1, 3, 'P', '2019-04-11 07:29:37', '2019-04-11 07:29:37'),
(20, 28, 2, 'MT', 1, 137, 1, 3, 'P', '2019-04-11 07:30:13', '2019-04-12 07:12:46'),
(21, 28, 5, 'MT', 1, 7, 1, 3, 'P', '2019-04-11 07:30:21', '2019-04-11 07:30:21'),
(22, 1, 2, 'MT', 1, 98, 1, 5, 'P', '2019-04-11 07:31:28', '2019-04-11 07:31:28'),
(23, 4, 2, 'MT', 1, 94, 1, 5, 'P', '2019-04-11 07:32:27', '2019-04-12 03:59:46'),
(24, 24, 2, 'MT', 1, 115, 1, 5, 'P', '2019-04-11 07:33:38', '2019-04-11 07:33:38'),
(25, 15, 2, 'MT', 1, 120, 1, 5, 'P', '2019-04-11 07:34:03', '2019-04-11 07:34:03'),
(26, 6, 2, 'M3', 1, 95, 1, 4, 'P', '2019-04-11 09:21:23', '2019-04-11 09:21:23'),
(27, 6, 2, 'MT', 1, 95, 1, 4, 'P', '2019-04-11 09:21:23', '2019-04-11 09:21:23'),
(29, 30, 2, 'HC', 40, 963, 1, 2, 'P', '2019-04-11 09:26:13', '2019-04-11 09:26:13'),
(33, 30, 8, 'HC', 40, 72.5, 1, 2, 'P', '2019-04-11 09:38:47', '2019-04-12 07:13:48'),
(34, 6, 2, 'MT', 1, 99, 1, 5, 'P', '2019-04-11 09:41:59', '2019-04-11 09:41:59'),
(35, 6, 2, 'M3', 1, 99, 1, 5, 'P', '2019-04-11 09:42:00', '2019-04-11 09:42:00'),
(36, 6, 2, 'MT', 1, 140, 1, 8, 'P', '2019-04-11 09:43:00', '2019-04-11 09:43:00'),
(37, 6, 2, 'M3', 1, 140, 1, 8, 'P', '2019-04-11 09:43:00', '2019-04-11 09:43:00'),
(38, 6, 5, 'MT', 1, 7, 1, 3, 'P', '2019-04-11 09:43:16', '2019-04-11 09:43:16'),
(39, 6, 5, 'M3', 1, 7, 1, 3, 'P', '2019-04-11 09:43:16', '2019-04-11 09:43:16'),
(40, 6, 5, 'MT', 1, 7, 1, 8, 'P', '2019-04-11 09:43:47', '2019-04-11 09:43:47'),
(41, 6, 5, 'M3', 1, 7, 1, 8, 'P', '2019-04-11 09:43:47', '2019-04-11 09:43:47'),
(42, 6, 5, 'MT', 1, 7, 1, 7, 'P', '2019-04-11 09:44:06', '2019-04-11 09:44:06'),
(43, 6, 5, 'M3', 1, 7, 1, 7, 'P', '2019-04-11 09:44:06', '2019-04-11 09:44:06'),
(44, 6, 5, 'MT', 1, 7, 1, 9, 'P', '2019-04-11 09:44:26', '2019-04-11 09:44:26'),
(45, 6, 5, 'M3', 1, 7, 1, 9, 'P', '2019-04-11 09:44:26', '2019-04-11 09:44:26'),
(46, 6, 2, 'M3', 1, 120, 1, 3, 'P', '2019-04-11 09:45:36', '2019-04-12 07:10:10'),
(47, 6, 2, 'MT', 1, 120, 1, 3, 'P', '2019-04-11 09:45:36', '2019-04-12 07:10:27'),
(48, 6, 2, 'MT', 1, 120, 1, 6, 'P', '2019-04-11 09:46:30', '2019-04-11 09:46:30'),
(49, 6, 2, 'M3', 1, 120, 1, 6, 'P', '2019-04-11 09:46:30', '2019-04-11 09:46:30'),
(50, 14, 2, 'MT', 1, 88, 1, 4, 'P', '2019-04-19 08:38:32', '2019-04-19 08:38:32'),
(51, 14, 2, 'MT', 1, 98, 1, 5, 'P', '2019-04-19 08:39:13', '2019-04-19 08:39:13'),
(52, 14, 2, 'MT', 1, 115, 1, 11, 'P', '2019-04-19 08:40:55', '2019-04-19 08:40:55'),
(53, 13, 2, 'MT', 1, 137, 1, 3, 'P', '2019-04-19 08:43:51', '2019-04-30 09:36:04'),
(54, 13, 2, 'MT', 1, 162, 1, 8, 'P', '2019-04-19 08:44:19', '2019-04-19 08:44:19'),
(55, 13, 2, 'MT', 1, 110, 1, 4, 'P', '2019-04-19 08:45:09', '2019-04-19 08:45:09'),
(56, 16, 2, 'MT', 1, 115, 1, 4, 'P', '2019-04-19 08:57:29', '2019-04-19 08:57:29'),
(57, 15, 2, 'MT', 1, 130, 1, 11, 'P', '2019-04-30 09:22:56', '2019-04-30 09:22:56'),
(58, 6, 2, 'MT', 1, 120, 1, 11, 'P', '2019-04-30 09:24:37', '2019-04-30 09:24:37'),
(59, 6, 2, 'M3', 1, 120, 1, 11, 'P', '2019-04-30 09:24:37', '2019-04-30 09:24:37'),
(60, 2, 2, 'M3', 1, 113, 1, 11, 'P', '2019-04-30 09:25:57', '2019-04-30 09:25:57'),
(61, 2, 2, 'M3', 1, 100, 1, 4, 'P', '2019-04-30 09:26:32', '2019-04-30 09:26:32'),
(62, 4, 2, 'MT', 1, 110, 1, 6, 'P', '2019-04-30 09:27:23', '2019-04-30 09:27:23'),
(63, 10, 2, 'MT', 1, 130, 1, 6, 'P', '2019-04-30 09:28:18', '2019-04-30 09:28:18'),
(64, 10, 2, 'MT', 1, 110, 1, 4, 'P', '2019-04-30 09:28:54', '2019-04-30 09:28:54'),
(65, 29, 2, 'MT', 1, 110, 1, 6, 'P', '2019-04-30 09:29:50', '2019-04-30 09:29:50'),
(66, 29, 2, 'MT', 1, 88, 1, 4, 'P', '2019-04-30 09:30:25', '2019-04-30 09:30:25'),
(67, 29, 2, 'MT', 1, 98, 1, 5, 'P', '2019-04-30 09:31:07', '2019-04-30 09:31:07'),
(68, 14, 2, 'MT', 1, 110, 1, 6, 'P', '2019-04-30 09:31:41', '2019-04-30 09:31:41'),
(69, 11, 2, 'MT', 1, 137, 1, 3, 'P', '2019-04-30 09:32:37', '2019-04-30 09:32:37'),
(70, 11, 2, 'MT', 1, 110, 1, 4, 'P', '2019-04-30 09:32:50', '2019-04-30 09:32:50'),
(71, 11, 2, 'MT', 1, 120, 1, 5, 'P', '2019-04-30 09:33:11', '2019-04-30 09:33:11'),
(72, 19, 2, 'MT', 1, 137, 1, 3, 'P', '2019-04-30 09:33:56', '2019-04-30 09:33:56'),
(73, 18, 2, 'MT', 1, 137, 1, 3, 'P', '2019-04-30 09:34:23', '2019-04-30 09:34:23'),
(74, 24, 2, 'MT', 1, 132, 1, 3, 'P', '2019-04-30 09:34:45', '2019-04-30 09:34:45'),
(75, 12, 2, 'MT', 1, 137, 1, 3, 'P', '2019-04-30 09:35:08', '2019-04-30 09:35:08'),
(76, 12, 2, 'MT', 1, 110, 1, 4, 'P', '2019-04-30 09:35:36', '2019-04-30 09:35:36'),
(77, 18, 2, 'MT', 1, 110, 1, 4, 'P', '2019-04-30 09:36:37', '2019-04-30 09:36:37'),
(78, 28, 2, 'MT', 1, 110, 1, 4, 'P', '2019-04-30 09:37:10', '2019-04-30 09:37:10'),
(79, 13, 2, 'MT', 1, 120, 1, 5, 'P', '2019-04-30 09:37:53', '2019-04-30 09:37:53'),
(80, 12, 2, 'MT', 1, 120, 1, 5, 'P', '2019-04-30 09:38:11', '2019-04-30 09:38:11'),
(81, 9, 2, 'MT', 1, 103, 1, 4, 'P', '2019-04-30 09:39:59', '2019-04-30 09:39:59');

-- --------------------------------------------------------

--
-- Table structure for table `inward_bl`
--

DROP TABLE IF EXISTS `inward_bl`;
CREATE TABLE IF NOT EXISTS `inward_bl` (
  `id` int(10) UNSIGNED NOT NULL AUTO_INCREMENT,
  `vessel` varchar(191) COLLATE utf8mb4_unicode_ci NOT NULL,
  `shipment_type` varchar(191) COLLATE utf8mb4_unicode_ci NOT NULL,
  `voyage` varchar(191) COLLATE utf8mb4_unicode_ci NOT NULL,
  `bl_no` varchar(191) COLLATE utf8mb4_unicode_ci NOT NULL,
  `pol_id` int(10) UNSIGNED DEFAULT NULL,
  `pol_name` varchar(191) COLLATE utf8mb4_unicode_ci NOT NULL,
  `pod_id` int(10) UNSIGNED DEFAULT NULL,
  `pod_name` varchar(191) COLLATE utf8mb4_unicode_ci NOT NULL,
  `fpd_id` int(10) UNSIGNED DEFAULT NULL,
  `fpd_name` varchar(191) COLLATE utf8mb4_unicode_ci NOT NULL,
  `shipper_name` varchar(191) COLLATE utf8mb4_unicode_ci NOT NULL,
  `shipper_add` varchar(191) COLLATE utf8mb4_unicode_ci NOT NULL,
  `consignee_name` varchar(191) COLLATE utf8mb4_unicode_ci DEFAULT NULL,
  `consignee_add` varchar(191) COLLATE utf8mb4_unicode_ci DEFAULT NULL,
  `notify_name` varchar(191) COLLATE utf8mb4_unicode_ci NOT NULL,
  `notify_add` varchar(191) COLLATE utf8mb4_unicode_ci DEFAULT NULL,
  `no_bl` varchar(191) COLLATE utf8mb4_unicode_ci NOT NULL,
  `no_packages` varchar(191) COLLATE utf8mb4_unicode_ci NOT NULL,
  `containers` varchar(191) COLLATE utf8mb4_unicode_ci NOT NULL,
  `cargo_desc` varchar(191) CHARACTER SET utf8mb4 COLLATE utf8mb4_unicode_ci DEFAULT NULL,
  `detailed_desc` text CHARACTER SET utf8mb4 COLLATE utf8mb4_unicode_ci,
  `weight` varchar(191) COLLATE utf8mb4_unicode_ci NOT NULL,
  `weight_unit` varchar(191) COLLATE utf8mb4_unicode_ci NOT NULL,
  `volume` varchar(191) COLLATE utf8mb4_unicode_ci NOT NULL,
  `remarks` varchar(191) COLLATE utf8mb4_unicode_ci DEFAULT NULL,
  `deleted_at` timestamp NULL DEFAULT NULL,
  `created_at` timestamp NULL DEFAULT NULL,
  `updated_at` timestamp NULL DEFAULT NULL,
  `date_of_issue` varchar(191) COLLATE utf8mb4_unicode_ci DEFAULT NULL,
  PRIMARY KEY (`id`),
  KEY `inward_bl_pol_id_foreign` (`pol_id`),
  KEY `inward_bl_pod_id_foreign` (`pod_id`),
  KEY `inward_bl_fpd_id_foreign` (`fpd_id`)
) ENGINE=InnoDB DEFAULT CHARSET=utf8mb4 COLLATE=utf8mb4_unicode_ci;

-- --------------------------------------------------------

--
-- Table structure for table `migrations`
--

DROP TABLE IF EXISTS `migrations`;
CREATE TABLE IF NOT EXISTS `migrations` (
  `id` int(10) UNSIGNED NOT NULL AUTO_INCREMENT,
  `migration` varchar(191) COLLATE utf8mb4_unicode_ci NOT NULL,
  `batch` int(11) NOT NULL,
  PRIMARY KEY (`id`)
) ENGINE=InnoDB AUTO_INCREMENT=46 DEFAULT CHARSET=utf8mb4 COLLATE=utf8mb4_unicode_ci;

--
-- Dumping data for table `migrations`
--

INSERT INTO `migrations` (`id`, `migration`, `batch`) VALUES
(1, '2014_10_12_000000_create_users_table', 1),
(2, '2014_10_12_100000_create_password_resets_table', 1),
(3, '2018_06_12_082146_create_bl_formats_table', 1),
(4, '2018_06_14_054951_create_charges_table', 1),
(5, '2018_06_14_064310_create_companies_table', 1),
(6, '2018_06_14_065314_create_shippers_table', 1),
(7, '2018_06_14_065351_create_consignees_table', 1),
(8, '2018_06_14_071837_create_company_addresses_table', 1),
(9, '2018_06_14_072609_create_company_emails_table', 1),
(10, '2018_06_14_073209_create_ports_table', 1),
(11, '2018_06_14_073828_create_bill_ladings_table', 1),
(12, '2018_06_14_074125_create_agents_table', 1),
(13, '2018_06_14_074514_create_vessels_table', 1),
(14, '2018_06_14_075152_create_shipper_restrictions_table', 1),
(15, '2018_06_24_081937_create_shortcut_keys_table', 1),
(16, '2018_06_24_082003_create_packings_table', 1),
(17, '2018_06_28_021830_create_voyages_table', 1),
(18, '2018_06_28_021854_create_voyage_destinations_table', 1),
(19, '2018_07_02_074146_create_chargedetails_table', 1),
(20, '2018_07_02_081800_create_default_charges_table', 1),
(21, '2018_07_25_172824_create_bl_number', 1),
(22, '2018_08_03_152759_create_bl_cargos_table', 1),
(23, '2018_08_03_152845_create_bl_charges_table', 1),
(24, '2018_08_03_152859_create_cargo_details_table', 1),
(25, '2018_08_20_163234_create_reservations_table', 1),
(26, '2018_08_21_002708_create_bookings_table', 1),
(27, '2018_08_24_114720_alter_bookings_table', 1),
(28, '2018_08_24_132252_create_booking_amendments_table', 1),
(29, '2018_08_24_140944_alter_bookings_table1', 1),
(30, '2018_08_24_182542_alter_amendment_table', 1),
(31, '2018_08_30_102921_add_booking_id_reservation', 1),
(32, '2018_09_26_203518_alter_bl_table', 1),
(33, '2018_09_27_134832_add_res_id', 1),
(34, '2018_10_03_073132_add_description_address', 1),
(35, '2018_10_07_182436_add_mship_col', 1),
(36, '2018_10_24_112531_alter_mvessel_col', 1),
(37, '2018_10_25_211057_rename_telex_path', 1),
(38, '2018_10_31_124619_create_inward_b_l_table', 1),
(39, '2018_11_02_135427_add_softdelete_inw', 1),
(40, '2018_11_02_154157_add_no_packages_col', 1),
(41, '2018_11_12_013509_add_port_column_inward', 1),
(42, '2018_11_26_170932_alter_inwardbl_table', 1),
(43, '2018_11_26_214126_alter_text_inw', 1),
(44, '2019_01_02_153859_rename_booking_cols', 1),
(45, '2019_01_02_161430_add_eta_bookings', 1);

-- --------------------------------------------------------

--
-- Table structure for table `packings`
--

DROP TABLE IF EXISTS `packings`;
CREATE TABLE IF NOT EXISTS `packings` (
  `id` int(10) UNSIGNED NOT NULL AUTO_INCREMENT,
  `code` varchar(191) COLLATE utf8mb4_unicode_ci NOT NULL,
  `packing_type` varchar(191) COLLATE utf8mb4_unicode_ci NOT NULL,
  `created_at` timestamp NULL DEFAULT NULL,
  `updated_at` timestamp NULL DEFAULT NULL,
  PRIMARY KEY (`id`)
) ENGINE=InnoDB DEFAULT CHARSET=utf8mb4 COLLATE=utf8mb4_unicode_ci;

-- --------------------------------------------------------

--
-- Table structure for table `password_resets`
--

DROP TABLE IF EXISTS `password_resets`;
CREATE TABLE IF NOT EXISTS `password_resets` (
  `email` varchar(191) COLLATE utf8mb4_unicode_ci NOT NULL,
  `token` varchar(191) COLLATE utf8mb4_unicode_ci NOT NULL,
  `created_at` timestamp NULL DEFAULT NULL,
  KEY `password_resets_email_index` (`email`)
) ENGINE=InnoDB DEFAULT CHARSET=utf8mb4 COLLATE=utf8mb4_unicode_ci;

-- --------------------------------------------------------

--
-- Table structure for table `ports`
--

DROP TABLE IF EXISTS `ports`;
CREATE TABLE IF NOT EXISTS `ports` (
  `id` int(10) UNSIGNED NOT NULL AUTO_INCREMENT,
  `name` varchar(191) COLLATE utf8mb4_unicode_ci NOT NULL,
  `code` varchar(191) COLLATE utf8mb4_unicode_ci DEFAULT NULL,
  `location` varchar(191) COLLATE utf8mb4_unicode_ci NOT NULL,
  `location_code` varchar(191) COLLATE utf8mb4_unicode_ci NOT NULL,
  `bl_prefix` varchar(191) COLLATE utf8mb4_unicode_ci DEFAULT NULL,
  `station_code` varchar(191) COLLATE utf8mb4_unicode_ci NOT NULL,
  `deleted_at` timestamp NULL DEFAULT NULL,
  `created_at` timestamp NULL DEFAULT NULL,
  `updated_at` timestamp NULL DEFAULT NULL,
  PRIMARY KEY (`id`)
) ENGINE=InnoDB AUTO_INCREMENT=12 DEFAULT CHARSET=utf8mb4 COLLATE=utf8mb4_unicode_ci;

--
-- Dumping data for table `ports`
--

INSERT INTO `ports` (`id`, `name`, `code`, `location`, `location_code`, `bl_prefix`, `station_code`, `deleted_at`, `created_at`, `updated_at`) VALUES
(1, 'PENANG', 'MYPEN', 'Penang', 'PG', 'PG', 'P15', NULL, '2019-02-02 04:47:21', '2019-04-15 03:07:17'),
(2, 'SENARI PORT', 'MYSNR', 'Kuching', 'KG', 'K', 'Y44', NULL, '2019-02-02 04:48:36', '2019-02-02 04:50:09'),
(3, 'KOTA KINABALU', 'MYBKI', 'Kota Kinabalu', 'KK', 'KK', 'S28', NULL, '2019-02-02 04:49:47', '2019-02-02 04:49:47'),
(4, 'PENDING PORT', 'MYKCH', 'Kuching', 'KG', 'K', 'Y35', NULL, '2019-02-18 08:42:07', '2019-02-18 08:44:04'),
(5, 'SIBU', 'MYSBW', 'Sibu', 'SU', 'S', 'Y13', NULL, '2019-02-18 08:43:29', '2019-02-18 08:43:45'),
(6, 'BINTULU', 'MYBTU', 'Bintulu', 'BU', 'B', 'Y11', NULL, '2019-02-18 08:44:44', '2019-02-18 08:44:44'),
(7, 'TAWAU', 'MYTWU', 'Tawau', 'TU', 'T', 'S12', NULL, '2019-02-18 08:45:04', '2019-02-18 08:45:04'),
(8, 'SANDAKAN', 'MYSDK', 'Sandakan', 'SN', 'SK', 'S14', NULL, '2019-02-18 08:45:38', '2019-02-20 03:16:15'),
(9, 'LAHAD DATU', 'MYLDU', 'Lahad Datu', 'LD', 'LD', 'S13', NULL, '2019-02-18 08:46:08', '2019-02-20 03:16:29'),
(10, 'SARIKEI', 'MYSRK', 'Sarikei', 'SI', 'SR', 'Y14', NULL, '2019-02-18 08:46:53', '2019-02-20 03:16:42'),
(11, 'MIRI', 'MYMYY', 'Miri', 'MI', 'M', 'Y12', NULL, '2019-04-02 02:22:55', '2019-04-17 03:13:56');

-- --------------------------------------------------------

--
-- Table structure for table `reservations`
--

DROP TABLE IF EXISTS `reservations`;
CREATE TABLE IF NOT EXISTS `reservations` (
  `id` int(10) UNSIGNED NOT NULL AUTO_INCREMENT,
  `date` datetime NOT NULL,
  `shipper_id` int(10) UNSIGNED NOT NULL,
  `voyage_id` int(10) UNSIGNED DEFAULT NULL,
  `pod_id` int(10) UNSIGNED NOT NULL,
  `remarks` varchar(191) COLLATE utf8mb4_unicode_ci DEFAULT NULL,
  `weight` int(11) NOT NULL DEFAULT '0',
  `deleted_at` timestamp NULL DEFAULT NULL,
  `created_at` timestamp NULL DEFAULT NULL,
  `updated_at` timestamp NULL DEFAULT NULL,
  PRIMARY KEY (`id`),
  KEY `reservations_shipper_id_foreign` (`shipper_id`),
  KEY `reservations_voyage_id_foreign` (`voyage_id`)
) ENGINE=InnoDB AUTO_INCREMENT=16 DEFAULT CHARSET=utf8mb4 COLLATE=utf8mb4_unicode_ci;

--
-- Dumping data for table `reservations`
--

INSERT INTO `reservations` (`id`, `date`, `shipper_id`, `voyage_id`, `pod_id`, `remarks`, `weight`, `deleted_at`, `created_at`, `updated_at`) VALUES
(1, '2019-03-30 11:07:10', 8, 4, 6, NULL, 30, '2019-04-02 16:03:20', '2019-03-30 03:07:10', '2019-04-02 16:03:20'),
(2, '2019-04-13 12:52:00', 16, 7, 4, '46 JUMBO BAGS', 55, NULL, '2019-04-13 04:32:02', '2019-04-13 04:52:00'),
(3, '2019-04-13 12:32:39', 52, 7, 5, 'BARS', 117, NULL, '2019-04-13 04:32:39', '2019-04-13 04:32:39'),
(4, '2019-04-13 12:32:59', 18, 7, 5, NULL, 15, NULL, '2019-04-13 04:32:59', '2019-04-13 04:32:59'),
(5, '2019-04-13 12:33:22', 19, 7, 5, NULL, 48, NULL, '2019-04-13 04:33:22', '2019-04-13 04:33:22'),
(6, '2019-04-13 12:47:56', 11, 7, 5, NULL, 73, NULL, '2019-04-13 04:33:37', '2019-04-13 04:47:56'),
(7, '2019-04-13 12:33:51', 8, 7, 4, NULL, 225, NULL, '2019-04-13 04:33:51', '2019-04-13 04:33:51'),
(8, '2019-04-13 12:34:08', 29, 7, 4, NULL, 5, NULL, '2019-04-13 04:34:08', '2019-04-13 04:34:08'),
(9, '2019-04-13 12:34:40', 4, 7, 4, '364M3', 137, NULL, '2019-04-13 04:34:41', '2019-04-13 04:34:41'),
(10, '2019-04-13 12:34:55', 31, 7, 5, NULL, 15, NULL, '2019-04-13 04:34:55', '2019-04-13 04:34:55'),
(11, '2019-04-13 12:45:35', 21, 7, 4, NULL, 900, NULL, '2019-04-13 04:35:14', '2019-04-13 04:45:35'),
(12, '2019-04-13 12:43:50', 31, 9, 9, NULL, 805, NULL, '2019-04-13 04:43:50', '2019-04-13 04:43:50'),
(13, '2019-04-13 12:44:05', 31, 9, 7, NULL, 200, NULL, '2019-04-13 04:44:05', '2019-04-13 04:44:05'),
(14, '2019-04-13 12:44:23', 31, 9, 8, NULL, 110, NULL, '2019-04-13 04:44:23', '2019-04-13 04:44:23'),
(15, '2019-04-26 12:33:05', 52, 16, 4, NULL, 200, NULL, '2019-04-26 04:33:05', '2019-04-26 04:33:05');

-- --------------------------------------------------------

--
-- Table structure for table `restrictions`
--

DROP TABLE IF EXISTS `restrictions`;
CREATE TABLE IF NOT EXISTS `restrictions` (
  `id` int(10) UNSIGNED NOT NULL AUTO_INCREMENT,
  `shipper_id` int(10) UNSIGNED NOT NULL,
  `type` varchar(191) COLLATE utf8mb4_unicode_ci NOT NULL,
  `value` varchar(191) COLLATE utf8mb4_unicode_ci NOT NULL,
  `created_at` timestamp NULL DEFAULT NULL,
  `updated_at` timestamp NULL DEFAULT NULL,
  PRIMARY KEY (`id`),
  KEY `restrictions_shipper_id_foreign` (`shipper_id`)
) ENGINE=InnoDB AUTO_INCREMENT=36 DEFAULT CHARSET=utf8mb4 COLLATE=utf8mb4_unicode_ci;

--
-- Dumping data for table `restrictions`
--

INSERT INTO `restrictions` (`id`, `shipper_id`, `type`, `value`, `created_at`, `updated_at`) VALUES
(1, 1, 'type', '0', '2019-02-02 04:22:46', '2019-02-02 04:22:46'),
(2, 2, 'type', '0', '2019-02-02 04:31:11', '2019-02-02 04:31:11'),
(3, 3, 'type', '0', '2019-02-02 04:33:42', '2019-02-02 04:33:42'),
(4, 4, 'type', '0', '2019-02-02 04:35:07', '2019-02-02 04:35:07'),
(6, 6, 'type', '0', '2019-02-02 04:40:40', '2019-02-02 04:40:40'),
(8, 8, 'type', '0', '2019-02-02 04:43:19', '2019-02-02 04:43:19'),
(9, 9, 'type', '0', '2019-02-20 03:53:31', '2019-02-20 03:53:31'),
(10, 10, 'type', '0', '2019-02-20 03:55:27', '2019-02-20 03:55:27'),
(11, 11, 'type', '0', '2019-02-20 03:57:01', '2019-02-20 03:57:01'),
(12, 12, 'type', '0', '2019-02-20 04:00:20', '2019-02-20 04:00:20'),
(13, 13, 'type', '0', '2019-02-20 04:04:28', '2019-02-20 04:04:28'),
(14, 14, 'type', '0', '2019-02-20 04:05:52', '2019-02-20 04:05:52'),
(15, 15, 'type', '0', '2019-02-20 04:07:54', '2019-02-20 04:07:54'),
(16, 16, 'type', '0', '2019-02-20 04:14:23', '2019-02-20 04:14:23'),
(17, 17, 'type', '0', '2019-02-20 04:20:59', '2019-02-20 04:20:59'),
(18, 18, 'type', '0', '2019-02-20 04:23:49', '2019-02-20 04:23:49'),
(19, 19, 'type', '0', '2019-02-20 04:25:26', '2019-02-20 04:25:26'),
(21, 21, 'type', '0', '2019-02-20 04:28:40', '2019-02-20 04:28:40'),
(22, 22, 'type', '0', '2019-02-20 04:29:54', '2019-02-20 04:29:54'),
(23, 23, 'type', '0', '2019-02-20 04:31:01', '2019-02-20 04:31:01'),
(24, 24, 'type', '0', '2019-02-20 04:32:08', '2019-02-20 04:32:08'),
(25, 25, 'type', '0', '2019-02-20 04:34:10', '2019-02-20 04:34:10'),
(26, 26, 'type', '0', '2019-02-20 04:35:08', '2019-02-20 04:35:08'),
(27, 27, 'type', '0', '2019-02-20 04:36:36', '2019-02-20 04:36:36'),
(28, 28, 'type', '0', '2019-02-23 02:00:40', '2019-02-23 02:00:40'),
(29, 29, 'type', '0', '2019-02-28 04:47:27', '2019-02-28 04:47:27'),
(30, 30, 'type', '0', '2019-02-28 06:27:03', '2019-02-28 06:27:03'),
(31, 31, 'type', '0', '2019-03-08 02:22:52', '2019-03-08 02:22:52'),
(32, 32, 'type', '0', '2019-03-08 02:25:16', '2019-03-08 02:25:16'),
(33, 33, 'type', '0', '2019-04-02 02:40:59', '2019-04-02 02:40:59'),
(34, 34, 'type', '0', '2019-04-04 06:21:05', '2019-04-04 06:21:05'),
(35, 35, 'type', '0', '2019-04-30 01:53:56', '2019-04-30 01:53:56');

-- --------------------------------------------------------

--
-- Table structure for table `shippers`
--

DROP TABLE IF EXISTS `shippers`;
CREATE TABLE IF NOT EXISTS `shippers` (
  `id` int(10) UNSIGNED NOT NULL AUTO_INCREMENT,
  `company_id` int(10) UNSIGNED NOT NULL,
  `code` varchar(191) COLLATE utf8mb4_unicode_ci NOT NULL,
  `telephone` varchar(191) COLLATE utf8mb4_unicode_ci NOT NULL,
  `fax` varchar(191) COLLATE utf8mb4_unicode_ci DEFAULT NULL,
  `pic` varchar(191) COLLATE utf8mb4_unicode_ci NOT NULL,
  `voyage_updates` int(11) NOT NULL,
  `delivery_updates` int(11) NOT NULL,
  `handling_method` varchar(191) COLLATE utf8mb4_unicode_ci NOT NULL,
  `deleted_at` timestamp NULL DEFAULT NULL,
  `created_at` timestamp NULL DEFAULT NULL,
  `updated_at` timestamp NULL DEFAULT NULL,
  PRIMARY KEY (`id`),
  KEY `shippers_company_id_foreign` (`company_id`)
) ENGINE=InnoDB AUTO_INCREMENT=36 DEFAULT CHARSET=utf8mb4 COLLATE=utf8mb4_unicode_ci;

--
-- Dumping data for table `shippers`
--

INSERT INTO `shippers` (`id`, `company_id`, `code`, `telephone`, `fax`, `pic`, `voyage_updates`, `delivery_updates`, `handling_method`, `deleted_at`, `created_at`, `updated_at`) VALUES
(1, 2, 'WISEBUILD', '086-331071', NULL, 'MR BRIAN', 0, 0, 'Direct Delivery', NULL, '2019-02-02 04:22:46', '2019-02-20 04:10:46'),
(2, 4, 'yewlean', '042626871', NULL, 'ABC', 0, 0, 'Direct Delivery', NULL, '2019-02-02 04:31:11', '2019-02-02 04:31:11'),
(3, 6, 'SOONHUATSEED', '042626871', NULL, 'ABC', 0, 0, 'Direct Delivery', NULL, '2019-02-02 04:33:42', '2019-02-02 04:33:42'),
(4, 8, 'ANNJOO', '042626871', NULL, 'ABC', 0, 0, 'Direct Delivery', NULL, '2019-02-02 04:35:07', '2019-02-02 04:35:07'),
(5, 9, 'WIRAJITU', '042626871', NULL, 'ABC', 0, 0, 'Direct Delivery', '2019-02-02 04:36:09', '2019-02-02 04:35:57', '2019-02-02 04:36:09'),
(6, 11, 'UAC', '042626871', NULL, 'ABC', 0, 0, 'Direct Delivery', NULL, '2019-02-02 04:40:40', '2019-02-02 04:40:40'),
(7, 12, 'BOUSTEAD', '042626871', NULL, 'ABC', 0, 0, 'Direct Delivery', '2019-04-08 03:13:35', '2019-02-02 04:41:45', '2019-04-08 03:13:35'),
(8, 13, 'UNIVESSEL', '042626871', NULL, 'ABC', 0, 0, 'Direct Delivery', NULL, '2019-02-02 04:43:19', '2019-02-02 04:43:19'),
(9, 16, 'UMF', '042622497', NULL, 'MR LEE', 0, 0, 'Via Shed', NULL, '2019-02-20 03:53:31', '2019-02-20 03:53:31'),
(10, 17, 'CHI', '043989737', NULL, 'MS THAM', 0, 0, 'Via Shed', NULL, '2019-02-20 03:55:27', '2019-02-20 03:55:27'),
(11, 18, 'HONGBEE', '042625311', NULL, 'MS TAN', 0, 0, 'Via Shed', NULL, '2019-02-20 03:57:01', '2019-02-20 03:57:01'),
(12, 19, 'TASHINS', '04-5070800', NULL, 'MS GOH', 0, 0, 'Via Shed', NULL, '2019-02-20 04:00:20', '2019-02-20 04:11:16'),
(13, 20, 'TASHINH', '04-5070800', NULL, 'MS GOH', 0, 0, 'Via Shed', NULL, '2019-02-20 04:04:28', '2019-02-20 04:11:30'),
(14, 21, 'SSR', '043852632', NULL, 'SHAHRIL', 0, 0, 'Direct Delivery', NULL, '2019-02-20 04:05:52', '2019-02-20 04:05:52'),
(15, 22, 'YONGTA', '042636027', NULL, 'MS TAN', 0, 0, 'Via Shed', NULL, '2019-02-20 04:07:54', '2019-02-20 04:07:54'),
(16, 23, 'MSE', '043900875', NULL, 'MS RUZANA', 0, 0, 'Via Shed', NULL, '2019-02-20 04:14:23', '2019-02-20 04:14:23'),
(17, 24, 'SOONSOON', '043828226', NULL, 'MS LIM', 0, 0, 'Via Shed', NULL, '2019-02-20 04:20:59', '2019-02-20 04:20:59'),
(18, 25, 'LSSCSB', '045071515', NULL, 'MS TAN', 0, 0, 'Direct Delivery', NULL, '2019-02-20 04:23:49', '2019-02-20 04:23:49'),
(19, 26, 'AAC', '045075612', NULL, 'MS TAN', 0, 0, 'Via Shed', NULL, '2019-02-20 04:25:26', '2019-02-20 04:25:26'),
(20, 27, 'SARABESI', '123456789', NULL, 'ABC', 0, 0, 'Via Shed', '2019-04-02 02:40:59', '2019-02-20 04:27:31', '2019-04-02 02:40:59'),
(21, 28, 'MSM', '123456789', NULL, 'ABC', 0, 0, 'Via Shed', NULL, '2019-02-20 04:28:40', '2019-02-20 04:28:40'),
(22, 29, 'HSH', '04-2615726', NULL, 'MS SITI', 0, 0, 'Via Shed', NULL, '2019-02-20 04:29:54', '2019-02-20 04:29:54'),
(23, 30, 'MWM', '042276637', NULL, 'ELIAS', 0, 0, 'Via Shed', NULL, '2019-02-20 04:31:01', '2019-02-20 04:31:01'),
(24, 31, 'CHUANWOOI', '043327932', NULL, 'MS YEAN', 0, 0, 'Via Shed', NULL, '2019-02-20 04:32:08', '2019-02-20 04:32:08'),
(25, 32, 'LUMTSENG', '045088088', NULL, 'MR TIEW', 0, 0, 'Via Shed', NULL, '2019-02-20 04:34:10', '2019-02-20 04:34:10'),
(26, 33, 'HSHOHAN', '123456789', NULL, 'ABC', 0, 0, 'Via Shed', NULL, '2019-02-20 04:35:08', '2019-02-20 04:35:08'),
(27, 34, 'TRINITY', '012345678', NULL, 'ABC', 0, 0, 'Via Shed', NULL, '2019-02-20 04:36:36', '2019-02-20 04:36:36'),
(28, 50, 'SHIUH', '0123456789', NULL, 'ABC', 0, 0, 'Via Shed', NULL, '2019-02-23 02:00:40', '2019-02-23 02:00:40'),
(29, 52, 'SSB', '012345678', NULL, 'ABC', 0, 0, 'Direct Delivery', NULL, '2019-02-28 04:47:27', '2019-02-28 04:47:27'),
(30, 53, 'NTPM', '0123456789', NULL, 'ABC', 0, 0, 'Direct Delivery', NULL, '2019-02-28 06:27:03', '2019-02-28 06:27:03'),
(31, 67, 'TLT', '0123456789', NULL, 'ABC', 0, 0, 'Direct Delivery', NULL, '2019-03-08 02:22:52', '2019-03-08 02:22:52'),
(32, 69, 'TBL', '0123456789', NULL, 'ABC', 0, 0, 'Direct Delivery', NULL, '2019-03-08 02:25:16', '2019-03-08 02:25:16'),
(33, 27, 'SARABESI', '123456789', NULL, 'ABC', 0, 0, 'Via Shed', NULL, '2019-04-02 02:40:59', '2019-04-02 02:40:59'),
(34, 110, 'NORTH', '123456789', NULL, 'ABC', 0, 0, 'Via Shed', NULL, '2019-04-04 06:21:05', '2019-04-04 06:21:05'),
(35, 139, 'YONGGUAN', '0123456789', NULL, 'ABC', 0, 0, 'Via Shed', NULL, '2019-04-30 01:53:56', '2019-04-30 01:53:56');

-- --------------------------------------------------------

--
-- Table structure for table `shortcut_keys`
--

DROP TABLE IF EXISTS `shortcut_keys`;
CREATE TABLE IF NOT EXISTS `shortcut_keys` (
  `id` int(10) UNSIGNED NOT NULL AUTO_INCREMENT,
  `shortcut_code` varchar(191) COLLATE utf8mb4_unicode_ci NOT NULL,
  `description` varchar(191) COLLATE utf8mb4_unicode_ci NOT NULL,
  `created_at` timestamp NULL DEFAULT NULL,
  `updated_at` timestamp NULL DEFAULT NULL,
  PRIMARY KEY (`id`)
) ENGINE=InnoDB AUTO_INCREMENT=13 DEFAULT CHARSET=utf8mb4 COLLATE=utf8mb4_unicode_ci;

--
-- Dumping data for table `shortcut_keys`
--

INSERT INTO `shortcut_keys` (`id`, `shortcut_code`, `description`, `created_at`, `updated_at`) VALUES
(1, 'F1', 'HS CODE: \r\n\r\nSHIPPER\'S COUNT & DECLARATION\r\n\r\nCMRF @ RM1.00 PER M3/MT TO BE \r\nCOLLECTED AT DESTINATION', NULL, '2019-02-22 07:35:22'),
(2, 'F2', 'HS CODE:\r\n\r\nSHIPPER\'S COUNT & DECLARATION\r\n\r\nSABAH PORT SURCHARGE TO BE\r\nCOLLECTED AT DESTINATION', NULL, '2019-02-22 07:35:36'),
(3, 'F3', 'HS CODE: \r\n\r\nSHIPPER\'S COUNT & DECLARATION\r\n\r\nMIRI SURCHARGE @ RM18.00 & CMRF @ RM1.00 PER M3/MT TO BE COLLECTED AT DESTINATION.', NULL, '2019-04-02 04:59:39'),
(4, 'F4', 'MIRI LIGHTERAGE CHARGED FROM MIRI OUTERBAR ONTO MPAS WHARF AS TARIFFS BY AUTHORITY CONCERN BASED ON PER CBM/\r\n1,000 KILOS PAYABLE AT DESTINATION IF ANY.', NULL, '2019-04-02 04:58:49'),
(5, 'F5', 'SHIPPED ON BOARD\r\n  XX/XX/2019', NULL, '2019-04-02 05:00:43'),
(6, 'F6', 'HS CODE:\r\n\r\nFCL / FCL SHIPPER\'S LOAD, COUNT, SEALED & DECLARATION\r\n\r\nDESTINATION THC, DO FEES, EDI & CMR PREPAID AT PENANG\r\n\r\nFREE 14 DAYS DEMURRAGE & DETENTION AT POD', NULL, '2019-04-02 04:58:19'),
(7, 'F7', 'AGENT DESTINATION\r\nAPOLLO AGENCIES (1980) SDN BHD\r\n1ST FLOOR, 1102 JALAN KWONG LEE BANK\r\nKUCHING, SARAWAK TEL:082-331953', NULL, '2019-04-12 07:34:46'),
(8, 'F8', 'AGENT DESTINATION\r\nKOH HAN MING SHIPPING FORWARDING AGENT\r\nSHOP NO.2, 2ND FLOOR, BLOCK E, RUANG \r\nSINGGAH MATA 3, ASIA CITY, 88000 KOTA KINABALU\r\nTEL:088-225776', NULL, '2019-04-12 07:35:54'),
(9, 'F9', 'SIZE	BDLES TOTAL LGTHS	WEIGHT\r\nT10	  7	        966   	     7.154 MT\r\nT12	  1	         96	              1.023 MT\r\nT16	  3	        162	              3.072 MT\r\nT25    7	        154	             ', NULL, '2019-04-18 07:34:57'),
(10, 'F10', 'DESTINATION PORT THC, DO FEE, CHC, LCHC, GOPC & CARRIER\nEDI PREPAID AT PENANG.', NULL, NULL),
(11, 'F11', 'LOADING PORT THC, BL FEE & EDI TO COLLECT AT DESTINATION.', NULL, NULL),
(12, 'F12', 'YL (MALAYSIA)DUCTILE IRON PIPE TO BS EN 545:2010\r\nSOCKET- SPIGOT JOINTS  EXTERNALLY METALLIC ZINC \r\nCOATED & BITUMINOUS,INTERNALLY  CEMENT MORTAR \r\nLINING C/W PUSH IN RUBBER RING.\r\n1. DUCTILE', NULL, '2019-04-02 04:49:21');

-- --------------------------------------------------------

--
-- Table structure for table `users`
--

DROP TABLE IF EXISTS `users`;
CREATE TABLE IF NOT EXISTS `users` (
  `id` int(10) UNSIGNED NOT NULL AUTO_INCREMENT,
  `name` varchar(191) COLLATE utf8mb4_unicode_ci NOT NULL,
  `email` varchar(191) COLLATE utf8mb4_unicode_ci NOT NULL,
  `password` varchar(191) COLLATE utf8mb4_unicode_ci NOT NULL,
  `remember_token` varchar(100) COLLATE utf8mb4_unicode_ci DEFAULT NULL,
  `created_at` timestamp NULL DEFAULT NULL,
  `updated_at` timestamp NULL DEFAULT NULL,
  PRIMARY KEY (`id`),
  UNIQUE KEY `users_email_unique` (`email`)
) ENGINE=InnoDB DEFAULT CHARSET=utf8mb4 COLLATE=utf8mb4_unicode_ci;

-- --------------------------------------------------------

--
-- Table structure for table `vessels`
--

DROP TABLE IF EXISTS `vessels`;
CREATE TABLE IF NOT EXISTS `vessels` (
  `id` int(10) UNSIGNED NOT NULL AUTO_INCREMENT,
  `name` varchar(191) COLLATE utf8mb4_unicode_ci NOT NULL,
  `type` varchar(191) COLLATE utf8mb4_unicode_ci NOT NULL,
  `dwt` varchar(191) COLLATE utf8mb4_unicode_ci NOT NULL,
  `semicontainer_service` int(11) NOT NULL,
  `manufactured_year` varchar(191) COLLATE utf8mb4_unicode_ci NOT NULL,
  `flag` varchar(191) COLLATE utf8mb4_unicode_ci NOT NULL,
  `default_shipment` varchar(191) COLLATE utf8mb4_unicode_ci NOT NULL,
  `deleted_at` timestamp NULL DEFAULT NULL,
  `created_at` timestamp NULL DEFAULT NULL,
  `updated_at` timestamp NULL DEFAULT NULL,
  PRIMARY KEY (`id`)
) ENGINE=InnoDB AUTO_INCREMENT=8 DEFAULT CHARSET=utf8mb4 COLLATE=utf8mb4_unicode_ci;

--
-- Dumping data for table `vessels`
--

INSERT INTO `vessels` (`id`, `name`, `type`, `dwt`, `semicontainer_service`, `manufactured_year`, `flag`, `default_shipment`, `deleted_at`, `created_at`, `updated_at`) VALUES
(1, 'LEHON', 'General Cargo Vessel', '2300', 1, '2009', 'Malaysia', 'LCL', NULL, '2019-02-02 04:46:53', '2019-04-13 04:50:04'),
(2, 'LEMIN', 'General Cargo Vessel', '2300', 1, '2009', 'Malaysia', 'LCL', NULL, '2019-02-18 08:34:44', '2019-04-13 04:50:10'),
(3, 'BANDAR EMAS', 'General Cargo Vessel', '1550', 0, '2015', 'Malaysia', 'LCL', NULL, '2019-02-18 08:35:33', '2019-04-13 04:50:20'),
(4, 'KONG HIN NO. 2', 'General Cargo Vessel', '2500', 0, '1996', 'Malaysia', 'LCL', NULL, '2019-02-18 08:37:44', '2019-03-05 09:03:38'),
(5, 'LENA', 'General Cargo Vessel', '3300', 1, '2009', 'Malaysia', 'LCL', NULL, '2019-02-18 08:38:23', '2019-04-13 04:50:35'),
(6, 'LEANN', 'General Cargo Vessel', '3300', 1, '2008', 'Malaysia', 'LCL', NULL, '2019-02-18 08:39:02', '2019-04-13 04:50:41'),
(7, 'LEWANG', 'General Cargo Vessel', '3300', 1, '2009', 'Malaysia', 'LCL', NULL, '2019-02-18 08:39:51', '2019-04-13 04:50:47');

-- --------------------------------------------------------

--
-- Table structure for table `voyages`
--

DROP TABLE IF EXISTS `voyages`;
CREATE TABLE IF NOT EXISTS `voyages` (
  `id` int(10) UNSIGNED NOT NULL AUTO_INCREMENT,
  `voyage_id` varchar(191) COLLATE utf8mb4_unicode_ci NOT NULL,
  `pol_id` int(10) UNSIGNED DEFAULT NULL,
  `eta_pol` datetime DEFAULT NULL,
  `ata_pol` datetime DEFAULT NULL,
  `etd_pol` datetime NOT NULL,
  `atd_pol` datetime DEFAULT NULL,
  `vessel_id` int(10) UNSIGNED NOT NULL,
  `scn` varchar(191) COLLATE utf8mb4_unicode_ci DEFAULT NULL,
  `booking_status` int(11) NOT NULL,
  `closing_timestamp` datetime DEFAULT NULL,
  `cancel_remark` varchar(191) COLLATE utf8mb4_unicode_ci DEFAULT NULL,
  `deleted_at` timestamp NULL DEFAULT NULL,
  `created_at` timestamp NULL DEFAULT NULL,
  `updated_at` timestamp NULL DEFAULT NULL,
  PRIMARY KEY (`id`),
  KEY `voyages_pol_id_foreign` (`pol_id`),
  KEY `voyages_vessel_id_foreign` (`vessel_id`)
) ENGINE=InnoDB AUTO_INCREMENT=17 DEFAULT CHARSET=utf8mb4 COLLATE=utf8mb4_unicode_ci;

--
-- Dumping data for table `voyages`
--

INSERT INTO `voyages` (`id`, `voyage_id`, `pol_id`, `eta_pol`, `ata_pol`, `etd_pol`, `atd_pol`, `vessel_id`, `scn`, `booking_status`, `closing_timestamp`, `cancel_remark`, `deleted_at`, `created_at`, `updated_at`) VALUES
(1, '1901', 1, '2019-02-20 00:00:00', '2019-02-20 00:00:00', '2019-02-22 00:00:00', '2019-02-22 00:00:00', 1, '19111', 1, NULL, NULL, NULL, '2019-02-02 04:52:46', '2019-04-26 02:38:54'),
(2, '1902', 1, '2019-03-09 00:00:00', '2019-03-09 00:00:00', '2019-03-09 00:00:00', '2019-03-09 00:00:00', 5, '192452', 1, NULL, NULL, NULL, '2019-02-20 03:27:01', '2019-04-26 02:38:34'),
(3, '1801', 1, '2019-03-25 00:00:00', NULL, '2019-03-28 00:00:00', NULL, 2, NULL, 1, NULL, NULL, '2019-04-13 03:25:22', '2019-03-19 03:03:34', '2019-04-13 03:25:22'),
(4, '1904', 1, '2019-04-07 00:00:00', NULL, '2019-04-08 00:00:00', NULL, 6, '123456', 0, NULL, NULL, '2019-04-13 03:24:39', '2019-03-26 09:39:14', '2019-04-13 03:24:39'),
(5, '1901', 1, '2019-04-10 00:00:00', NULL, '2019-04-13 00:00:00', NULL, 7, NULL, 0, NULL, NULL, '2019-04-13 03:28:17', '2019-03-27 09:42:56', '2019-04-13 03:28:17'),
(6, '1904', 1, '2019-04-06 00:00:00', '2019-04-06 00:00:00', '2019-04-11 00:00:00', '2019-04-11 00:00:00', 5, '194179', 1, NULL, NULL, NULL, '2019-04-02 01:39:57', '2019-04-13 02:41:55'),
(7, '1903', 1, '2019-04-19 00:00:00', '2019-04-19 00:00:00', '2019-04-21 00:00:00', '2019-04-21 00:00:00', 7, '194178', 1, NULL, NULL, NULL, '2019-04-02 03:50:31', '2019-04-22 06:47:14'),
(8, '1905', 1, '2019-04-17 00:00:00', '2019-04-17 00:00:00', '2019-04-21 00:00:00', '2019-04-21 00:00:00', 1, '194368', 1, NULL, NULL, NULL, '2019-04-02 03:51:25', '2019-04-22 06:47:34'),
(9, '1905', 1, '2019-04-29 00:00:00', '2019-04-29 00:00:00', '2019-05-01 00:00:00', '2019-05-01 00:00:00', 6, '194526', 1, NULL, NULL, NULL, '2019-04-13 03:30:05', '2019-05-02 04:38:16'),
(10, '1905', 1, '2019-05-05 00:00:00', NULL, '2019-05-09 00:00:00', NULL, 5, '195079', 0, NULL, NULL, NULL, '2019-04-13 03:31:29', '2019-04-29 02:55:27'),
(11, '3/2019', 1, '2019-05-05 00:00:00', NULL, '2019-05-07 00:00:00', NULL, 4, 'TBC', 0, NULL, NULL, '2019-04-26 03:27:42', '2019-04-13 03:32:47', '2019-04-26 03:27:42'),
(12, '1904', 1, '2019-04-24 00:00:00', '2019-04-24 00:00:00', '2019-04-27 00:00:00', '2019-04-27 00:00:00', 3, '194369', 1, NULL, NULL, NULL, '2019-04-15 04:12:45', '2019-04-27 03:20:10'),
(13, '1906', 1, '2019-05-10 00:00:00', NULL, '2019-05-13 00:00:00', NULL, 1, '195080', 0, NULL, NULL, NULL, '2019-04-19 09:45:34', '2019-04-26 09:28:51'),
(14, '1904', 1, '2019-05-07 00:00:00', NULL, '2019-05-11 00:00:00', NULL, 7, '195119', 0, NULL, NULL, NULL, '2019-04-19 09:47:06', '2019-04-29 03:02:25'),
(15, '1905', 1, '2019-05-13 00:00:00', NULL, '2019-05-16 00:00:00', NULL, 3, 'TBA', 0, NULL, NULL, NULL, '2019-04-26 03:31:37', '2019-04-30 11:00:16'),
(16, '1906', 1, '2019-05-18 00:00:00', NULL, '2019-05-21 00:00:00', NULL, 6, 'TBA', 0, NULL, NULL, NULL, '2019-04-26 03:35:35', '2019-04-30 11:00:24');

-- --------------------------------------------------------

--
-- Table structure for table `voyage_destinations`
--

DROP TABLE IF EXISTS `voyage_destinations`;
CREATE TABLE IF NOT EXISTS `voyage_destinations` (
  `id` int(10) UNSIGNED NOT NULL AUTO_INCREMENT,
  `voyage_id` int(10) UNSIGNED NOT NULL,
  `port` int(10) UNSIGNED NOT NULL,
  `eta` datetime NOT NULL,
  `ata` datetime DEFAULT NULL,
  `etd` datetime NOT NULL,
  `atd` datetime DEFAULT NULL,
  `created_at` timestamp NULL DEFAULT NULL,
  `updated_at` timestamp NULL DEFAULT NULL,
  PRIMARY KEY (`id`),
  KEY `voyage_destinations_voyage_id_foreign` (`voyage_id`),
  KEY `voyage_destinations_port_foreign` (`port`)
) ENGINE=InnoDB AUTO_INCREMENT=62 DEFAULT CHARSET=utf8mb4 COLLATE=utf8mb4_unicode_ci;

--
-- Dumping data for table `voyage_destinations`
--

INSERT INTO `voyage_destinations` (`id`, `voyage_id`, `port`, `eta`, `ata`, `etd`, `atd`, `created_at`, `updated_at`) VALUES
(1, 1, 1, '2019-02-20 00:00:00', '2019-02-20 00:00:00', '2019-02-22 00:00:00', '2019-02-22 00:00:00', '2019-02-02 04:52:46', '2019-04-26 02:38:54'),
(2, 1, 2, '2019-02-26 00:00:00', '2019-02-26 00:00:00', '2019-02-28 00:00:00', '2019-02-28 00:00:00', '2019-02-02 04:52:46', '2019-04-26 02:38:54'),
(3, 1, 3, '2019-03-06 00:00:00', '2019-03-06 00:00:00', '2019-03-12 00:00:00', '2019-03-12 00:00:00', '2019-02-02 04:52:46', '2019-04-26 02:38:54'),
(4, 2, 1, '2019-03-09 00:00:00', '2019-03-09 00:00:00', '2019-03-09 00:00:00', '2019-03-09 00:00:00', '2019-02-20 03:27:01', '2019-04-26 02:38:34'),
(5, 2, 4, '2019-03-11 00:00:00', '2019-03-11 00:00:00', '2019-03-11 00:00:00', '2019-03-11 00:00:00', '2019-02-20 03:27:01', '2019-04-26 02:38:34'),
(6, 2, 2, '2019-03-12 00:00:00', '2019-03-12 00:00:00', '2019-03-12 00:00:00', '2019-03-12 00:00:00', '2019-02-20 03:27:01', '2019-04-26 02:38:34'),
(7, 2, 3, '2019-03-10 00:00:00', '2019-03-10 00:00:00', '2019-03-11 00:00:00', '2019-03-11 00:00:00', '2019-02-20 03:27:01', '2019-04-26 02:38:34'),
(8, 2, 8, '2019-03-14 00:00:00', '2019-03-14 00:00:00', '2019-03-15 00:00:00', '2019-03-15 00:00:00', '2019-02-20 03:27:01', '2019-04-26 02:38:34'),
(18, 6, 1, '2019-04-06 00:00:00', '2019-04-06 00:00:00', '2019-04-11 00:00:00', '2019-04-11 00:00:00', '2019-04-02 01:39:57', '2019-04-11 04:59:54'),
(19, 6, 4, '2019-04-18 00:00:00', '2019-04-18 00:00:00', '2019-04-19 00:00:00', '2019-04-19 00:00:00', '2019-04-02 01:39:57', '2019-04-26 03:13:48'),
(20, 6, 3, '2019-04-20 00:00:00', '2019-04-20 00:00:00', '2019-04-21 00:00:00', '2019-04-21 00:00:00', '2019-04-02 01:40:16', '2019-04-26 03:13:48'),
(21, 7, 1, '2019-04-19 00:00:00', '2019-04-19 00:00:00', '2019-04-21 00:00:00', '2019-04-21 00:00:00', '2019-04-02 03:50:31', '2019-04-22 06:47:14'),
(22, 7, 4, '2019-04-27 00:00:00', '2019-04-27 00:00:00', '2019-04-29 00:00:00', '2019-04-29 00:00:00', '2019-04-02 03:50:31', '2019-04-26 03:16:05'),
(24, 7, 5, '2019-04-29 00:00:00', '2019-04-29 00:00:00', '2019-04-30 00:00:00', '2019-04-30 00:00:00', '2019-04-02 03:50:31', '2019-05-03 11:14:52'),
(25, 8, 1, '2019-04-17 00:00:00', '2019-04-17 00:00:00', '2019-04-21 00:00:00', '2019-04-21 00:00:00', '2019-04-02 03:51:25', '2019-04-22 06:47:34'),
(26, 8, 4, '2019-04-27 00:00:00', '2019-04-27 00:00:00', '2019-04-28 00:00:00', '2019-04-28 00:00:00', '2019-04-02 03:51:25', '2019-04-30 10:56:45'),
(27, 8, 3, '2019-05-01 00:00:00', '2019-05-01 00:00:00', '2019-05-02 00:00:00', '2019-05-02 00:00:00', '2019-04-02 03:51:25', '2019-05-03 11:14:34'),
(28, 6, 5, '2019-04-27 00:00:00', '2019-04-27 00:00:00', '2019-04-28 00:00:00', '2019-04-28 00:00:00', '2019-04-04 07:44:56', '2019-04-29 09:50:43'),
(29, 9, 1, '2019-04-29 00:00:00', '2019-04-29 00:00:00', '2019-05-01 00:00:00', '2019-05-01 00:00:00', '2019-04-13 03:30:05', '2019-05-02 04:38:16'),
(30, 9, 9, '2019-05-09 00:00:00', NULL, '2019-05-10 00:00:00', NULL, '2019-04-13 03:30:05', '2019-04-26 03:26:50'),
(31, 9, 7, '2019-05-12 00:00:00', NULL, '2019-05-13 00:00:00', NULL, '2019-04-13 03:30:05', '2019-04-26 03:26:50'),
(32, 9, 8, '2019-05-15 00:00:00', NULL, '2019-05-16 00:00:00', NULL, '2019-04-13 03:30:05', '2019-04-26 03:26:50'),
(33, 10, 1, '2019-05-05 00:00:00', NULL, '2019-05-09 00:00:00', NULL, '2019-04-13 03:31:29', '2019-04-29 02:55:27'),
(34, 10, 4, '2019-05-15 00:00:00', NULL, '2019-05-16 00:00:00', NULL, '2019-04-13 03:31:29', '2019-04-26 03:26:10'),
(40, 12, 1, '2019-04-24 00:00:00', '2019-04-24 00:00:00', '2019-04-27 00:00:00', '2019-04-27 00:00:00', '2019-04-15 04:12:45', '2019-04-27 03:20:10'),
(41, 12, 6, '2019-05-03 00:00:00', NULL, '2019-05-04 00:00:00', NULL, '2019-04-15 04:12:45', '2019-04-19 09:48:06'),
(42, 12, 11, '2019-05-05 00:00:00', NULL, '2019-05-06 00:00:00', NULL, '2019-04-17 03:12:51', '2019-04-19 09:48:06'),
(43, 10, 6, '2019-05-18 00:00:00', NULL, '2019-05-19 00:00:00', NULL, '2019-04-19 09:05:58', '2019-04-26 03:26:10'),
(44, 13, 1, '2019-05-10 00:00:00', NULL, '2019-05-13 00:00:00', NULL, '2019-04-19 09:45:34', '2019-04-26 09:27:14'),
(46, 13, 10, '2019-05-20 00:00:00', NULL, '2019-05-21 00:00:00', NULL, '2019-04-19 09:45:34', '2019-04-26 03:29:30'),
(47, 13, 5, '2019-05-22 00:00:00', NULL, '2019-05-23 00:00:00', NULL, '2019-04-19 09:45:34', '2019-04-26 03:29:30'),
(48, 14, 1, '2019-05-07 00:00:00', NULL, '2019-05-11 00:00:00', NULL, '2019-04-19 09:47:06', '2019-04-29 03:02:25'),
(51, 9, 4, '2019-05-06 00:00:00', NULL, '2019-05-07 00:00:00', NULL, '2019-04-23 08:26:15', '2019-04-26 03:26:50'),
(52, 14, 4, '2019-05-15 00:00:00', NULL, '2019-05-16 00:00:00', NULL, '2019-04-26 03:26:28', '2019-04-29 03:02:25'),
(53, 15, 1, '2019-05-13 00:00:00', NULL, '2019-05-16 00:00:00', NULL, '2019-04-26 03:31:37', '2019-04-26 03:31:37'),
(54, 15, 6, '2019-05-22 00:00:00', NULL, '2019-05-23 00:00:00', NULL, '2019-04-26 03:31:37', '2019-04-26 03:34:04'),
(55, 15, 11, '2019-05-25 00:00:00', NULL, '2019-05-26 00:00:00', NULL, '2019-04-26 03:31:37', '2019-04-26 03:34:04'),
(56, 16, 1, '2019-05-18 00:00:00', NULL, '2019-05-21 00:00:00', NULL, '2019-04-26 03:35:35', '2019-04-26 03:35:35'),
(57, 16, 4, '2019-05-25 00:00:00', NULL, '2019-05-26 00:00:00', NULL, '2019-04-26 03:35:36', '2019-04-26 03:35:36'),
(58, 16, 3, '2019-05-28 00:00:00', NULL, '2019-05-29 00:00:00', NULL, '2019-04-26 03:35:36', '2019-04-26 03:35:36'),
(59, 13, 4, '2019-05-18 00:00:00', NULL, '2019-05-19 00:00:00', NULL, '2019-04-26 09:28:22', '2019-04-26 09:28:51'),
(60, 14, 6, '2019-05-18 00:00:00', NULL, '2019-05-19 00:00:00', NULL, '2019-04-29 03:02:25', '2019-04-29 03:02:25'),
(61, 14, 3, '2019-05-22 00:00:00', NULL, '2019-05-23 00:00:00', NULL, '2019-04-29 03:02:43', '2019-04-29 03:02:43');

--
-- Constraints for dumped tables
--

--
-- Constraints for table `agents`
--
ALTER TABLE `agents`
  ADD CONSTRAINT `agents_company_id_foreign` FOREIGN KEY (`company_id`) REFERENCES `companies` (`id`),
  ADD CONSTRAINT `agents_port_id_foreign` FOREIGN KEY (`port_id`) REFERENCES `ports` (`id`);

--
-- Constraints for table `bookings`
--
ALTER TABLE `bookings`
  ADD CONSTRAINT `bookings_bookingparty_id_foreign` FOREIGN KEY (`bookingparty_id`) REFERENCES `companies` (`id`),
  ADD CONSTRAINT `bookings_fpd_id_foreign` FOREIGN KEY (`pod_id`) REFERENCES `ports` (`id`),
  ADD CONSTRAINT `bookings_pol_id_foreign` FOREIGN KEY (`pol_id`) REFERENCES `ports` (`id`),
  ADD CONSTRAINT `bookings_res_id_foreign` FOREIGN KEY (`res_id`) REFERENCES `reservations` (`id`),
  ADD CONSTRAINT `bookings_shipper_id_foreign` FOREIGN KEY (`shipper_id`) REFERENCES `companies` (`id`),
  ADD CONSTRAINT `bookings_voyage_id_foreign` FOREIGN KEY (`voyage_id`) REFERENCES `voyages` (`id`);

--
-- Constraints for table `booking_amendments`
--
ALTER TABLE `booking_amendments`
  ADD CONSTRAINT `booking_amendments_booking_id_foreign` FOREIGN KEY (`booking_id`) REFERENCES `bookings` (`id`);

--
-- Constraints for table `charge_details`
--
ALTER TABLE `charge_details`
  ADD CONSTRAINT `charge_details_charge_id_foreign` FOREIGN KEY (`charge_id`) REFERENCES `charges` (`id`);

--
-- Constraints for table `company_addresses`
--
ALTER TABLE `company_addresses`
  ADD CONSTRAINT `company_addresses_company_id_foreign` FOREIGN KEY (`company_id`) REFERENCES `companies` (`id`);

--
-- Constraints for table `company_emails`
--
ALTER TABLE `company_emails`
  ADD CONSTRAINT `company_emails_company_id_foreign` FOREIGN KEY (`company_id`) REFERENCES `companies` (`id`);

--
-- Constraints for table `consignees`
--
ALTER TABLE `consignees`
  ADD CONSTRAINT `consignees_company_id_foreign` FOREIGN KEY (`company_id`) REFERENCES `companies` (`id`);

--
-- Constraints for table `default_charges`
--
ALTER TABLE `default_charges`
  ADD CONSTRAINT `default_charges_charge_id_foreign` FOREIGN KEY (`charge_id`) REFERENCES `charges` (`id`),
  ADD CONSTRAINT `default_charges_final_dest_foreign` FOREIGN KEY (`final_dest`) REFERENCES `ports` (`id`),
  ADD CONSTRAINT `default_charges_pol_foreign` FOREIGN KEY (`pol`) REFERENCES `ports` (`id`),
  ADD CONSTRAINT `default_charges_shipper_id_foreign` FOREIGN KEY (`shipper_id`) REFERENCES `shippers` (`id`);

--
-- Constraints for table `inward_bl`
--
ALTER TABLE `inward_bl`
  ADD CONSTRAINT `inward_bl_fpd_id_foreign` FOREIGN KEY (`fpd_id`) REFERENCES `ports` (`id`),
  ADD CONSTRAINT `inward_bl_pod_id_foreign` FOREIGN KEY (`pod_id`) REFERENCES `ports` (`id`),
  ADD CONSTRAINT `inward_bl_pol_id_foreign` FOREIGN KEY (`pol_id`) REFERENCES `ports` (`id`);

--
-- Constraints for table `reservations`
--
ALTER TABLE `reservations`
  ADD CONSTRAINT `reservations_shipper_id_foreign` FOREIGN KEY (`shipper_id`) REFERENCES `companies` (`id`),
  ADD CONSTRAINT `reservations_voyage_id_foreign` FOREIGN KEY (`voyage_id`) REFERENCES `voyages` (`id`);

--
-- Constraints for table `restrictions`
--
ALTER TABLE `restrictions`
  ADD CONSTRAINT `restrictions_shipper_id_foreign` FOREIGN KEY (`shipper_id`) REFERENCES `shippers` (`id`);

--
-- Constraints for table `shippers`
--
ALTER TABLE `shippers`
  ADD CONSTRAINT `shippers_company_id_foreign` FOREIGN KEY (`company_id`) REFERENCES `companies` (`id`);

--
-- Constraints for table `voyages`
--
ALTER TABLE `voyages`
  ADD CONSTRAINT `voyages_pol_id_foreign` FOREIGN KEY (`pol_id`) REFERENCES `ports` (`id`),
  ADD CONSTRAINT `voyages_vessel_id_foreign` FOREIGN KEY (`vessel_id`) REFERENCES `vessels` (`id`);

--
-- Constraints for table `voyage_destinations`
--
ALTER TABLE `voyage_destinations`
  ADD CONSTRAINT `voyage_destinations_port_foreign` FOREIGN KEY (`port`) REFERENCES `ports` (`id`),
  ADD CONSTRAINT `voyage_destinations_voyage_id_foreign` FOREIGN KEY (`voyage_id`) REFERENCES `voyages` (`id`);
COMMIT;

/*!40101 SET CHARACTER_SET_CLIENT=@OLD_CHARACTER_SET_CLIENT */;
/*!40101 SET CHARACTER_SET_RESULTS=@OLD_CHARACTER_SET_RESULTS */;
/*!40101 SET COLLATION_CONNECTION=@OLD_COLLATION_CONNECTION */;
